[
  {
    "exam_number": "FCTCONS/ND24/119",
    "name": "OGUEJI TREASURE UKAMAKA",
    "failed_courses": [
      {
        "course_code": "EEd216",
        "original_score": 46.0,
        "semester": "ND-SECOND-YEAR-SECOND-SEMESTER",
        "set": "ND-2025",
        "resit_attempts": 0,
        "best_score": 46.0,
        "status": "Failed"
      }
    ],
    "semester": "ND-SECOND-YEAR-SECOND-SEMESTER",
    "set": "ND-2025",
    "identified_date": "2025-10-21 21:22:52",
    "total_resit_attempts": 0,
    "status": "Active"
  },
  {
    "exam_number": "FCTCONS/ND24/136",
    "name": "JACOB OJIMA PENIEL",
    "failed_courses": [
      {
        "course_code": "EEd216",
        "original_score": 42.0,
        "semester": "ND-SECOND-YEAR-SECOND-SEMESTER",
        "set": "ND-2025",
        "resit_attempts": 0,
        "best_score": 42.0,
        "status": "Failed"
      }
    ],
    "semester": "ND-SECOND-YEAR-SECOND-SEMESTER",
    "set": "ND-2025",
    "identified_date": "2025-10-21 21:22:52",
    "total_resit_attempts": 0,
    "status": "Active"
  },
  {
    "exam_number": "FCTCONS/ND24/128",
    "name": "CHIME KENECHI PAULINE",
    "failed_courses": [
      {
        "course_code": "EEd216",
        "original_score": 48.0,
        "semester": "ND-SECOND-YEAR-SECOND-SEMESTER",
        "set": "ND-2025",
        "resit_attempts": 0,
        "best_score": 48.0,
        "status": "Failed"
      }
    ],
    "semester": "ND-SECOND-YEAR-SECOND-SEMESTER",
    "set": "ND-2025",
    "identified_date": "2025-10-21 21:22:52",
    "total_resit_attempts": 0,
    "status": "Active"
  },
  {
    "exam_number": "FCTCONS/ND24/039",
    "name": "GABRIEL VICTORY EHIGOCHO",
    "failed_courses": [
      {
        "course_code": "EEd216",
        "original_score": 36.0,
        "semester": "ND-SECOND-YEAR-SECOND-SEMESTER",
        "set": "ND-2025",
        "resit_attempts": 0,
        "best_score": 36.0,
        "status": "Failed"
      }
    ],
    "semester": "ND-SECOND-YEAR-SECOND-SEMESTER",
    "set": "ND-2025",
    "identified_date": "2025-10-21 21:22:52",
    "total_resit_attempts": 0,
    "status": "Active"
  },
  {
    "exam_number": "FCTCONS/ND24/038",
    "name": "SANI ADAM ADAMU",
    "failed_courses": [
      {
        "course_code": "EEd216",
        "original_score": 46.0,
        "semester": "ND-SECOND-YEAR-SECOND-SEMESTER",
        "set": "ND-2025",
        "resit_attempts": 0,
        "best_score": 46.0,
        "status": "Failed"
      }
    ],
    "semester": "ND-SECOND-YEAR-SECOND-SEMESTER",
    "set": "ND-2025",
    "identified_date": "2025-10-21 21:22:52",
    "total_resit_attempts": 0,
    "status": "Active"
  },
  {
    "exam_number": "FCTCONS/ND24/068",
    "name": "CHIKEZE MIRIAM OLUEBUBE",
    "failed_courses": [
      {
        "course_code": "NUR221",
        "original_score": 46.0,
        "semester": "ND-SECOND-YEAR-SECOND-SEMESTER",
        "set": "ND-2025",
        "resit_attempts": 0,
        "best_score": 46.0,
        "status": "Failed"
      }
    ],
    "semester": "ND-SECOND-YEAR-SECOND-SEMESTER",
    "set": "ND-2025",
    "identified_date": "2025-10-21 21:22:52",
    "total_resit_attempts": 0,
    "status": "Active"
  },
  {
    "exam_number": "FCTCONS/ND24/124",
    "name": "IGWE GOODNESS CHINEYENWA",
    "failed_courses": [
      {
        "course_code": "NUR221",
        "original_score": 36.0,
        "semester": "ND-SECOND-YEAR-SECOND-SEMESTER",
        "set": "ND-2025",
        "resit_attempts": 0,
        "best_score": 36.0,
        "status": "Failed"
      }
    ],
    "semester": "ND-SECOND-YEAR-SECOND-SEMESTER",
    "set": "ND-2025",
    "identified_date": "2025-10-21 21:22:52",
    "total_resit_attempts": 0,
    "status": "Active"
  },
  {
    "exam_number": "FCTCONS/ND24/040",
    "name": "AGBEGE SUZAN",
    "failed_courses": [
      {
        "course_code": "NUR221",
        "original_score": 40.0,
        "semester": "ND-SECOND-YEAR-SECOND-SEMESTER",
        "set": "ND-2025",
        "resit_attempts": 0,
        "best_score": 40.0,
        "status": "Failed"
      }
    ],
    "semester": "ND-SECOND-YEAR-SECOND-SEMESTER",
    "set": "ND-2025",
    "identified_date": "2025-10-21 21:22:52",
    "total_resit_attempts": 0,
    "status": "Active"
  },
  {
    "exam_number": "FCTCONS/ND24/023",
    "name": "IBRAHIM KHADIJAT KAKA",
    "failed_courses": [
      {
        "course_code": "NUR221",
        "original_score": 46.0,
        "semester": "ND-SECOND-YEAR-SECOND-SEMESTER",
        "set": "ND-2025",
        "resit_attempts": 0,
        "best_score": 46.0,
        "status": "Failed"
      }
    ],
    "semester": "ND-SECOND-YEAR-SECOND-SEMESTER",
    "set": "ND-2025",
    "identified_date": "2025-10-21 21:22:52",
    "total_resit_attempts": 0,
    "status": "Active"
  },
  {
    "exam_number": "FCTCONS/ND24/061",
    "name": "EMETA NNEOMA PHILOMENA",
    "failed_courses": [
      {
        "course_code": "NUR222",
        "original_score": 48.0,
        "semester": "ND-SECOND-YEAR-SECOND-SEMESTER",
        "set": "ND-2025",
        "resit_attempts": 0,
        "best_score": 48.0,
        "status": "Failed"
      }
    ],
    "semester": "ND-SECOND-YEAR-SECOND-SEMESTER",
    "set": "ND-2025",
    "identified_date": "2025-10-21 21:22:52",
    "total_resit_attempts": 0,
    "status": "Active"
  },
  {
    "exam_number": "FCTCONS/ND24/004",
    "name": "ABANG STEPHANIE ADA",
    "failed_courses": [
      {
        "course_code": "NUR222",
        "original_score": 46.0,
        "semester": "ND-SECOND-YEAR-SECOND-SEMESTER",
        "set": "ND-2025",
        "resit_attempts": 0,
        "best_score": 46.0,
        "status": "Failed"
      }
    ],
    "semester": "ND-SECOND-YEAR-SECOND-SEMESTER",
    "set": "ND-2025",
    "identified_date": "2025-10-21 21:22:52",
    "total_resit_attempts": 0,
    "status": "Active"
  },
  {
    "exam_number": "FCTCONS/ND24/035",
    "name": "AGBOOLA OLATOMIWA",
    "failed_courses": [
      {
        "course_code": "NUR222",
        "original_score": 41.0,
        "semester": "ND-SECOND-YEAR-SECOND-SEMESTER",
        "set": "ND-2025",
        "resit_attempts": 0,
        "best_score": 41.0,
        "status": "Failed"
      }
    ],
    "semester": "ND-SECOND-YEAR-SECOND-SEMESTER",
    "set": "ND-2025",
    "identified_date": "2025-10-21 21:22:52",
    "total_resit_attempts": 0,
    "status": "Active"
  },
  {
    "exam_number": "FCTCONS/ND24/100",
    "name": "BAMIDELE FAVOUR DUPE",
    "failed_courses": [
      {
        "course_code": "NUR222",
        "original_score": 48.0,
        "semester": "ND-SECOND-YEAR-SECOND-SEMESTER",
        "set": "ND-2025",
        "resit_attempts": 0,
        "best_score": 48.0,
        "status": "Failed"
      }
    ],
    "semester": "ND-SECOND-YEAR-SECOND-SEMESTER",
    "set": "ND-2025",
    "identified_date": "2025-10-21 21:22:52",
    "total_resit_attempts": 0,
    "status": "Active"
  },
  {
    "exam_number": "FCTCONS/ND24/056",
    "name": "MAINA SHAMMAH MUSA",
    "failed_courses": [
      {
        "course_code": "NUR222",
        "original_score": 48.0,
        "semester": "ND-SECOND-YEAR-SECOND-SEMESTER",
        "set": "ND-2025",
        "resit_attempts": 0,
        "best_score": 48.0,
        "status": "Failed"
      }
    ],
    "semester": "ND-SECOND-YEAR-SECOND-SEMESTER",
    "set": "ND-2025",
    "identified_date": "2025-10-21 21:22:52",
    "total_resit_attempts": 0,
    "status": "Active"
  },
  {
    "exam_number": "FCTCONS/ND24/027",
    "name": "BABAJI BENI DENNIS",
    "failed_courses": [
      {
        "course_code": "NUR223",
        "original_score": 38.0,
        "semester": "ND-SECOND-YEAR-SECOND-SEMESTER",
        "set": "ND-2025",
        "resit_attempts": 0,
        "best_score": 38.0,
        "status": "Failed"
      }
    ],
    "semester": "ND-SECOND-YEAR-SECOND-SEMESTER",
    "set": "ND-2025",
    "identified_date": "2025-10-21 21:22:52",
    "total_resit_attempts": 0,
    "status": "Active"
  },
  {
    "exam_number": "FCTCONS/ND24/067",
    "name": "ADEGOKE MARVELLOUS ARAMIDE",
    "failed_courses": [
      {
        "course_code": "NUR223",
        "original_score": 45.0,
        "semester": "ND-SECOND-YEAR-SECOND-SEMESTER",
        "set": "ND-2025",
        "resit_attempts": 0,
        "best_score": 45.0,
        "status": "Failed"
      }
    ],
    "semester": "ND-SECOND-YEAR-SECOND-SEMESTER",
    "set": "ND-2025",
    "identified_date": "2025-10-21 21:22:52",
    "total_resit_attempts": 0,
    "status": "Active"
  },
  {
    "exam_number": "FCTCONS/ND24/066",
    "name": "OBADIAH MICAH",
    "failed_courses": [
      {
        "course_code": "NUR223",
        "original_score": 46.0,
        "semester": "ND-SECOND-YEAR-SECOND-SEMESTER",
        "set": "ND-2025",
        "resit_attempts": 0,
        "best_score": 46.0,
        "status": "Failed"
      }
    ],
    "semester": "ND-SECOND-YEAR-SECOND-SEMESTER",
    "set": "ND-2025",
    "identified_date": "2025-10-21 21:22:52",
    "total_resit_attempts": 0,
    "status": "Active"
  },
  {
    "exam_number": "FCTCONS/ND24/120",
    "name": "EMMANUEL ZIPPORAH",
    "failed_courses": [
      {
        "course_code": "NUR223",
        "original_score": 44.0,
        "semester": "ND-SECOND-YEAR-SECOND-SEMESTER",
        "set": "ND-2025",
        "resit_attempts": 0,
        "best_score": 44.0,
        "status": "Failed"
      }
    ],
    "semester": "ND-SECOND-YEAR-SECOND-SEMESTER",
    "set": "ND-2025",
    "identified_date": "2025-10-21 21:22:52",
    "total_resit_attempts": 0,
    "status": "Active"
  },
  {
    "exam_number": "FCTCONS/ND24/013",
    "name": "EJEMBI MARIA EHI",
    "failed_courses": [
      {
        "course_code": "NUR223",
        "original_score": 30.0,
        "semester": "ND-SECOND-YEAR-SECOND-SEMESTER",
        "set": "ND-2025",
        "resit_attempts": 0,
        "best_score": 30.0,
        "status": "Failed"
      }
    ],
    "semester": "ND-SECOND-YEAR-SECOND-SEMESTER",
    "set": "ND-2025",
    "identified_date": "2025-10-21 21:22:52",
    "total_resit_attempts": 0,
    "status": "Active"
  },
  {
    "exam_number": "FCTCONS/ND24/132",
    "name": "CHUDE ALEXANDER CHIDUBEM",
    "failed_courses": [
      {
        "course_code": "NUR224",
        "original_score": 36.0,
        "semester": "ND-SECOND-YEAR-SECOND-SEMESTER",
        "set": "ND-2025",
        "resit_attempts": 0,
        "best_score": 36.0,
        "status": "Failed"
      }
    ],
    "semester": "ND-SECOND-YEAR-SECOND-SEMESTER",
    "set": "ND-2025",
    "identified_date": "2025-10-21 21:22:52",
    "total_resit_attempts": 0,
    "status": "Active"
  },
  {
    "exam_number": "FCTCONS/ND24/135",
    "name": "ABDUL-RAHMAN NABILA ONIZE",
    "failed_courses": [
      {
        "course_code": "NUR224",
        "original_score": 46.0,
        "semester": "ND-SECOND-YEAR-SECOND-SEMESTER",
        "set": "ND-2025",
        "resit_attempts": 0,
        "best_score": 46.0,
        "status": "Failed"
      }
    ],
    "semester": "ND-SECOND-YEAR-SECOND-SEMESTER",
    "set": "ND-2025",
    "identified_date": "2025-10-21 21:22:52",
    "total_resit_attempts": 0,
    "status": "Active"
  },
  {
    "exam_number": "FCTCONS/ND24/028",
    "name": "ISAH HARUNA",
    "failed_courses": [
      {
        "course_code": "NUR224",
        "original_score": 41.0,
        "semester": "ND-SECOND-YEAR-SECOND-SEMESTER",
        "set": "ND-2025",
        "resit_attempts": 0,
        "best_score": 41.0,
        "status": "Failed"
      }
    ],
    "semester": "ND-SECOND-YEAR-SECOND-SEMESTER",
    "set": "ND-2025",
    "identified_date": "2025-10-21 21:22:52",
    "total_resit_attempts": 0,
    "status": "Active"
  },
  {
    "exam_number": "FCTCONS/ND24/010",
    "name": "AMOS HOPE SHEKWOBAGU",
    "failed_courses": [
      {
        "course_code": "NUR224",
        "original_score": 39.0,
        "semester": "ND-SECOND-YEAR-SECOND-SEMESTER",
        "set": "ND-2025",
        "resit_attempts": 0,
        "best_score": 39.0,
        "status": "Failed"
      }
    ],
    "semester": "ND-SECOND-YEAR-SECOND-SEMESTER",
    "set": "ND-2025",
    "identified_date": "2025-10-21 21:22:52",
    "total_resit_attempts": 0,
    "status": "Active"
  },
  {
    "exam_number": "FCTCONS/ND24/078",
    "name": "CHIKWELU PRECIOUS",
    "failed_courses": [
      {
        "course_code": "NUR224",
        "original_score": 46.0,
        "semester": "ND-SECOND-YEAR-SECOND-SEMESTER",
        "set": "ND-2025",
        "resit_attempts": 0,
        "best_score": 46.0,
        "status": "Failed"
      }
    ],
    "semester": "ND-SECOND-YEAR-SECOND-SEMESTER",
    "set": "ND-2025",
    "identified_date": "2025-10-21 21:22:52",
    "total_resit_attempts": 0,
    "status": "Active"
  },
  {
    "exam_number": "FCTCONS/ND24/048",
    "name": "UTAN PEACE EFFIONG",
    "failed_courses": [
      {
        "course_code": "NUR224",
        "original_score": 46.0,
        "semester": "ND-SECOND-YEAR-SECOND-SEMESTER",
        "set": "ND-2025",
        "resit_attempts": 0,
        "best_score": 46.0,
        "status": "Failed"
      }
    ],
    "semester": "ND-SECOND-YEAR-SECOND-SEMESTER",
    "set": "ND-2025",
    "identified_date": "2025-10-21 21:22:52",
    "total_resit_attempts": 0,
    "status": "Active"
  },
  {
    "exam_number": "FCTCONS/ND24/074",
    "name": "ILIYA QUEEN",
    "failed_courses": [
      {
        "course_code": "NUR224",
        "original_score": 36.0,
        "semester": "ND-SECOND-YEAR-SECOND-SEMESTER",
        "set": "ND-2025",
        "resit_attempts": 0,
        "best_score": 36.0,
        "status": "Failed"
      }
    ],
    "semester": "ND-SECOND-YEAR-SECOND-SEMESTER",
    "set": "ND-2025",
    "identified_date": "2025-10-21 21:22:52",
    "total_resit_attempts": 0,
    "status": "Active"
  },
  {
    "exam_number": "FCTCONS/ND24/118",
    "name": "EZEDIMBU MAKUOCHUKWU GOD\u2019SCHOICE",
    "failed_courses": [
      {
        "course_code": "NUR224",
        "original_score": 45.0,
        "semester": "ND-SECOND-YEAR-SECOND-SEMESTER",
        "set": "ND-2025",
        "resit_attempts": 0,
        "best_score": 45.0,
        "status": "Failed"
      }
    ],
    "semester": "ND-SECOND-YEAR-SECOND-SEMESTER",
    "set": "ND-2025",
    "identified_date": "2025-10-21 21:22:52",
    "total_resit_attempts": 0,
    "status": "Active"
  },
  {
    "exam_number": "FCTCONS/ND24/112",
    "name": "FOLORUNSHO AANUOLUWA PRECIOUS",
    "failed_courses": [
      {
        "course_code": "NUR224",
        "original_score": 46.0,
        "semester": "ND-SECOND-YEAR-SECOND-SEMESTER",
        "set": "ND-2025",
        "resit_attempts": 0,
        "best_score": 46.0,
        "status": "Failed"
      }
    ],
    "semester": "ND-SECOND-YEAR-SECOND-SEMESTER",
    "set": "ND-2025",
    "identified_date": "2025-10-21 21:22:52",
    "total_resit_attempts": 0,
    "status": "Active"
  },
  {
    "exam_number": "FCTCONS/ND24/064",
    "name": "GBADEBO RASHIDAT OLOLADE",
    "failed_courses": [
      {
        "course_code": "NUR224",
        "original_score": 41.0,
        "semester": "ND-SECOND-YEAR-SECOND-SEMESTER",
        "set": "ND-2025",
        "resit_attempts": 0,
        "best_score": 41.0,
        "status": "Failed"
      }
    ],
    "semester": "ND-SECOND-YEAR-SECOND-SEMESTER",
    "set": "ND-2025",
    "identified_date": "2025-10-21 21:22:52",
    "total_resit_attempts": 0,
    "status": "Active"
  },
  {
    "exam_number": "FCTCONS/ND24/129",
    "name": "SAMUEL BEVERLY WENGIEBINIMI",
    "failed_courses": [
      {
        "course_code": "NUR225",
        "original_score": 46.0,
        "semester": "ND-SECOND-YEAR-SECOND-SEMESTER",
        "set": "ND-2025",
        "resit_attempts": 0,
        "best_score": 46.0,
        "status": "Failed"
      }
    ],
    "semester": "ND-SECOND-YEAR-SECOND-SEMESTER",
    "set": "ND-2025",
    "identified_date": "2025-10-21 21:22:52",
    "total_resit_attempts": 0,
    "status": "Active"
  },
  {
    "exam_number": "FCTCONS/ND24/076",
    "name": "OCHOLI TREASURE EGUYE",
    "failed_courses": [
      {
        "course_code": "NUR225",
        "original_score": 46.0,
        "semester": "ND-SECOND-YEAR-SECOND-SEMESTER",
        "set": "ND-2025",
        "resit_attempts": 0,
        "best_score": 46.0,
        "status": "Failed"
      }
    ],
    "semester": "ND-SECOND-YEAR-SECOND-SEMESTER",
    "set": "ND-2025",
    "identified_date": "2025-10-21 21:22:52",
    "total_resit_attempts": 0,
    "status": "Active"
  },
  {
    "exam_number": "FCTCONS/ND24/008",
    "name": "OBICHEWE PAUL DAVID",
    "failed_courses": [
      {
        "course_code": "NUR225",
        "original_score": 44.0,
        "semester": "ND-SECOND-YEAR-SECOND-SEMESTER",
        "set": "ND-2025",
        "resit_attempts": 0,
        "best_score": 44.0,
        "status": "Failed"
      }
    ],
    "semester": "ND-SECOND-YEAR-SECOND-SEMESTER",
    "set": "ND-2025",
    "identified_date": "2025-10-21 21:22:52",
    "total_resit_attempts": 0,
    "status": "Active"
  },
  {
    "exam_number": "FCTCONS/ND24/057",
    "name": "JIMOH PRINCESS RAHIMAT",
    "failed_courses": [
      {
        "course_code": "NUR225",
        "original_score": 47.0,
        "semester": "ND-SECOND-YEAR-SECOND-SEMESTER",
        "set": "ND-2025",
        "resit_attempts": 0,
        "best_score": 47.0,
        "status": "Failed"
      }
    ],
    "semester": "ND-SECOND-YEAR-SECOND-SEMESTER",
    "set": "ND-2025",
    "identified_date": "2025-10-21 21:22:52",
    "total_resit_attempts": 0,
    "status": "Active"
  },
  {
    "exam_number": "FCTCONS/ND24/126",
    "name": "NUHU ENDURANCE",
    "failed_courses": [
      {
        "course_code": "NUR225",
        "original_score": 44.0,
        "semester": "ND-SECOND-YEAR-SECOND-SEMESTER",
        "set": "ND-2025",
        "resit_attempts": 0,
        "best_score": 44.0,
        "status": "Failed"
      }
    ],
    "semester": "ND-SECOND-YEAR-SECOND-SEMESTER",
    "set": "ND-2025",
    "identified_date": "2025-10-21 21:22:52",
    "total_resit_attempts": 0,
    "status": "Active"
  },
  {
    "exam_number": "FCTCONS/ND24/019",
    "name": "OGAH PRINCESS UWENYI",
    "failed_courses": [
      {
        "course_code": "NUR225",
        "original_score": 48.0,
        "semester": "ND-SECOND-YEAR-SECOND-SEMESTER",
        "set": "ND-2025",
        "resit_attempts": 0,
        "best_score": 48.0,
        "status": "Failed"
      }
    ],
    "semester": "ND-SECOND-YEAR-SECOND-SEMESTER",
    "set": "ND-2025",
    "identified_date": "2025-10-21 21:22:52",
    "total_resit_attempts": 0,
    "status": "Active"
  },
  {
    "exam_number": "FCTCONS/ND24/041",
    "name": "IDRIS UMMULKHAIR NDATSU",
    "failed_courses": [
      {
        "course_code": "NUR225",
        "original_score": 44.0,
        "semester": "ND-SECOND-YEAR-SECOND-SEMESTER",
        "set": "ND-2025",
        "resit_attempts": 0,
        "best_score": 44.0,
        "status": "Failed"
      }
    ],
    "semester": "ND-SECOND-YEAR-SECOND-SEMESTER",
    "set": "ND-2025",
    "identified_date": "2025-10-21 21:22:52",
    "total_resit_attempts": 0,
    "status": "Active"
  },
  {
    "exam_number": "FCTCONS/ND24/101",
    "name": "JAMES OMOH PATRICIA",
    "failed_courses": [
      {
        "course_code": "NUR227",
        "original_score": 48.0,
        "semester": "ND-SECOND-YEAR-SECOND-SEMESTER",
        "set": "ND-2025",
        "resit_attempts": 0,
        "best_score": 48.0,
        "status": "Failed"
      }
    ],
    "semester": "ND-SECOND-YEAR-SECOND-SEMESTER",
    "set": "ND-2025",
    "identified_date": "2025-10-21 21:22:52",
    "total_resit_attempts": 0,
    "status": "Active"
  },
  {
    "exam_number": "FCTCONS/ND24/054",
    "name": "BINCHAK DIANA RINGNAN",
    "failed_courses": [
      {
        "course_code": "NUS221",
        "original_score": 40.0,
        "semester": "ND-SECOND-YEAR-SECOND-SEMESTER",
        "set": "ND-2025",
        "resit_attempts": 0,
        "best_score": 40.0,
        "status": "Failed"
      }
    ],
    "semester": "ND-SECOND-YEAR-SECOND-SEMESTER",
    "set": "ND-2025",
    "identified_date": "2025-10-21 21:22:52",
    "total_resit_attempts": 0,
    "status": "Active"
  },
  {
    "exam_number": "FCTCONS/ND24/089",
    "name": "IJEOMA RUTH DABERECHUKWU",
    "failed_courses": [
      {
        "course_code": "NUS221",
        "original_score": 47.0,
        "semester": "ND-SECOND-YEAR-SECOND-SEMESTER",
        "set": "ND-2025",
        "resit_attempts": 0,
        "best_score": 47.0,
        "status": "Failed"
      }
    ],
    "semester": "ND-SECOND-YEAR-SECOND-SEMESTER",
    "set": "ND-2025",
    "identified_date": "2025-10-21 21:22:52",
    "total_resit_attempts": 0,
    "status": "Active"
  },
  {
    "exam_number": "FCTCONS/ND24/075",
    "name": "DENEN RUTH DOOSE",
    "failed_courses": [
      {
        "course_code": "NUS221",
        "original_score": 42.0,
        "semester": "ND-SECOND-YEAR-SECOND-SEMESTER",
        "set": "ND-2025",
        "resit_attempts": 0,
        "best_score": 42.0,
        "status": "Failed"
      }
    ],
    "semester": "ND-SECOND-YEAR-SECOND-SEMESTER",
    "set": "ND-2025",
    "identified_date": "2025-10-21 21:22:52",
    "total_resit_attempts": 0,
    "status": "Active"
  },
  {
    "exam_number": "FCTCONS/ND24/116",
    "name": "YAKUBU ANGELA",
    "failed_courses": [
      {
        "course_code": "NUS221",
        "original_score": 43.0,
        "semester": "ND-SECOND-YEAR-SECOND-SEMESTER",
        "set": "ND-2025",
        "resit_attempts": 0,
        "best_score": 43.0,
        "status": "Failed"
      }
    ],
    "semester": "ND-SECOND-YEAR-SECOND-SEMESTER",
    "set": "ND-2025",
    "identified_date": "2025-10-21 21:22:52",
    "total_resit_attempts": 0,
    "status": "Active"
  },
  {
    "exam_number": "FCTCONS/ND24/083",
    "name": "AYENI JEMIMAH RHODA",
    "failed_courses": [
      {
        "course_code": "NUS221",
        "original_score": 44.0,
        "semester": "ND-SECOND-YEAR-SECOND-SEMESTER",
        "set": "ND-2025",
        "resit_attempts": 0,
        "best_score": 44.0,
        "status": "Failed"
      }
    ],
    "semester": "ND-SECOND-YEAR-SECOND-SEMESTER",
    "set": "ND-2025",
    "identified_date": "2025-10-21 21:22:52",
    "total_resit_attempts": 0,
    "status": "Active"
  },
  {
    "exam_number": "FCTCONS/ND24/036",
    "name": "UGWUOKE RUTH ODINAKA",
    "failed_courses": [
      {
        "course_code": "NUS221",
        "original_score": 44.0,
        "semester": "ND-SECOND-YEAR-SECOND-SEMESTER",
        "set": "ND-2025",
        "resit_attempts": 0,
        "best_score": 44.0,
        "status": "Failed"
      }
    ],
    "semester": "ND-SECOND-YEAR-SECOND-SEMESTER",
    "set": "ND-2025",
    "identified_date": "2025-10-21 21:22:52",
    "total_resit_attempts": 0,
    "status": "Active"
  },
  {
    "exam_number": "FCTCONS/ND24/139",
    "name": "MICHEAL FRANKLIN CHIEMELA",
    "failed_courses": [
      {
        "course_code": "NUS221",
        "original_score": 43.0,
        "semester": "ND-SECOND-YEAR-SECOND-SEMESTER",
        "set": "ND-2025",
        "resit_attempts": 0,
        "best_score": 43.0,
        "status": "Failed"
      }
    ],
    "semester": "ND-SECOND-YEAR-SECOND-SEMESTER",
    "set": "ND-2025",
    "identified_date": "2025-10-21 21:22:52",
    "total_resit_attempts": 0,
    "status": "Active"
  },
  {
    "exam_number": "FCTCONS/ND24/033",
    "name": "UGWU PRECIOUS CHINENYE",
    "failed_courses": [
      {
        "course_code": "NUS221",
        "original_score": 36.0,
        "semester": "ND-SECOND-YEAR-SECOND-SEMESTER",
        "set": "ND-2025",
        "resit_attempts": 0,
        "best_score": 36.0,
        "status": "Failed"
      }
    ],
    "semester": "ND-SECOND-YEAR-SECOND-SEMESTER",
    "set": "ND-2025",
    "identified_date": "2025-10-21 21:22:52",
    "total_resit_attempts": 0,
    "status": "Active"
  },
  {
    "exam_number": "FCTCONS/ND24/109",
    "name": "GEOFFREY DIVINE DESTINY",
    "failed_courses": [
      {
        "course_code": "NUS221",
        "original_score": 46.0,
        "semester": "ND-SECOND-YEAR-SECOND-SEMESTER",
        "set": "ND-2025",
        "resit_attempts": 0,
        "best_score": 46.0,
        "status": "Failed"
      }
    ],
    "semester": "ND-SECOND-YEAR-SECOND-SEMESTER",
    "set": "ND-2025",
    "identified_date": "2025-10-21 21:22:52",
    "total_resit_attempts": 0,
    "status": "Active"
  },
  {
    "exam_number": "FCTCONS/ND24/123",
    "name": "HASSAN SOPHIA AISOSA",
    "failed_courses": [
      {
        "course_code": "NUS222",
        "original_score": 40.0,
        "semester": "ND-SECOND-YEAR-SECOND-SEMESTER",
        "set": "ND-2025",
        "resit_attempts": 0,
        "best_score": 40.0,
        "status": "Failed"
      }
    ],
    "semester": "ND-SECOND-YEAR-SECOND-SEMESTER",
    "set": "ND-2025",
    "identified_date": "2025-10-21 21:22:52",
    "total_resit_attempts": 0,
    "status": "Active"
  },
  {
    "exam_number": "FCTCONS/ND24/122",
    "name": "ONYEKWELU CHIAMAKA EUGENIA",
    "failed_courses": [
      {
        "course_code": "NUS222",
        "original_score": 49.0,
        "semester": "ND-SECOND-YEAR-SECOND-SEMESTER",
        "set": "ND-2025",
        "resit_attempts": 0,
        "best_score": 49.0,
        "status": "Failed"
      }
    ],
    "semester": "ND-SECOND-YEAR-SECOND-SEMESTER",
    "set": "ND-2025",
    "identified_date": "2025-10-21 21:22:52",
    "total_resit_attempts": 0,
    "status": "Active"
  },
  {
    "exam_number": "FCTCONS/ND24/121",
    "name": "HUSSAINI AISHA KUCHI",
    "failed_courses": [
      {
        "course_code": "NUS222",
        "original_score": 44.0,
        "semester": "ND-SECOND-YEAR-SECOND-SEMESTER",
        "set": "ND-2025",
        "resit_attempts": 0,
        "best_score": 44.0,
        "status": "Failed"
      }
    ],
    "semester": "ND-SECOND-YEAR-SECOND-SEMESTER",
    "set": "ND-2025",
    "identified_date": "2025-10-21 21:22:52",
    "total_resit_attempts": 0,
    "status": "Active"
  },
  {
    "exam_number": "FCTCONS/ND24/111",
    "name": "STANLEY SURELY ALI",
    "failed_courses": [
      {
        "course_code": "NUS222",
        "original_score": 35.0,
        "semester": "ND-SECOND-YEAR-SECOND-SEMESTER",
        "set": "ND-2025",
        "resit_attempts": 0,
        "best_score": 35.0,
        "status": "Failed"
      }
    ],
    "semester": "ND-SECOND-YEAR-SECOND-SEMESTER",
    "set": "ND-2025",
    "identified_date": "2025-10-21 21:22:52",
    "total_resit_attempts": 0,
    "status": "Active"
  },
  {
    "exam_number": "FCTCONS/ND24/001",
    "name": "DAVID ELISHEBA TENI",
    "failed_courses": [
      {
        "course_code": "NUS222",
        "original_score": 48.0,
        "semester": "ND-SECOND-YEAR-SECOND-SEMESTER",
        "set": "ND-2025",
        "resit_attempts": 0,
        "best_score": 48.0,
        "status": "Failed"
      }
    ],
    "semester": "ND-SECOND-YEAR-SECOND-SEMESTER",
    "set": "ND-2025",
    "identified_date": "2025-10-21 21:22:52",
    "total_resit_attempts": 0,
    "status": "Active"
  },
  {
    "exam_number": "FCTCONS/ND24/140",
    "name": "DONGAH GODSLOVE LODIYA",
    "failed_courses": [
      {
        "course_code": "NUS222",
        "original_score": 45.0,
        "semester": "ND-SECOND-YEAR-SECOND-SEMESTER",
        "set": "ND-2025",
        "resit_attempts": 0,
        "best_score": 45.0,
        "status": "Failed"
      }
    ],
    "semester": "ND-SECOND-YEAR-SECOND-SEMESTER",
    "set": "ND-2025",
    "identified_date": "2025-10-21 21:22:52",
    "total_resit_attempts": 0,
    "status": "Active"
  },
  {
    "exam_number": "FCTCONS/ND24/092",
    "name": "OKUCHE KOSISOCHUKWU SCHOLARSTICA",
    "failed_courses": [
      {
        "course_code": "NUS222",
        "original_score": 42.0,
        "semester": "ND-SECOND-YEAR-SECOND-SEMESTER",
        "set": "ND-2025",
        "resit_attempts": 0,
        "best_score": 42.0,
        "status": "Failed"
      }
    ],
    "semester": "ND-SECOND-YEAR-SECOND-SEMESTER",
    "set": "ND-2025",
    "identified_date": "2025-10-21 21:22:52",
    "total_resit_attempts": 0,
    "status": "Active"
  },
  {
    "exam_number": "FCTCONS/ND24/017",
    "name": "MOHAMMED SAVIOUR SARAH",
    "failed_courses": [
      {
        "course_code": "NUS222",
        "original_score": 40.0,
        "semester": "ND-SECOND-YEAR-SECOND-SEMESTER",
        "set": "ND-2025",
        "resit_attempts": 0,
        "best_score": 40.0,
        "status": "Failed"
      }
    ],
    "semester": "ND-SECOND-YEAR-SECOND-SEMESTER",
    "set": "ND-2025",
    "identified_date": "2025-10-21 21:22:52",
    "total_resit_attempts": 0,
    "status": "Active"
  },
  {
    "exam_number": "FCTCONS/ND24/016",
    "name": "UMUNNAKWE CHISOM MICHELLE",
    "failed_courses": [
      {
        "course_code": "NUS222",
        "original_score": 46.0,
        "semester": "ND-SECOND-YEAR-SECOND-SEMESTER",
        "set": "ND-2025",
        "resit_attempts": 0,
        "best_score": 46.0,
        "status": "Failed"
      }
    ],
    "semester": "ND-SECOND-YEAR-SECOND-SEMESTER",
    "set": "ND-2025",
    "identified_date": "2025-10-21 21:22:52",
    "total_resit_attempts": 0,
    "status": "Active"
  },
  {
    "exam_number": "FCTCONS/ND24/015",
    "name": "BENSON MARY OLUWAKEMISOLA",
    "failed_courses": [
      {
        "course_code": "NUS222",
        "original_score": 48.0,
        "semester": "ND-SECOND-YEAR-SECOND-SEMESTER",
        "set": "ND-2025",
        "resit_attempts": 0,
        "best_score": 48.0,
        "status": "Failed"
      }
    ],
    "semester": "ND-SECOND-YEAR-SECOND-SEMESTER",
    "set": "ND-2025",
    "identified_date": "2025-10-21 21:22:52",
    "total_resit_attempts": 0,
    "status": "Active"
  },
  {
    "exam_number": "FCTCONS/ND24/051",
    "name": "NDUBUISI GIFT ONYIYECHI",
    "failed_courses": [
      {
        "course_code": "NUS222",
        "original_score": 48.0,
        "semester": "ND-SECOND-YEAR-SECOND-SEMESTER",
        "set": "ND-2025",
        "resit_attempts": 0,
        "best_score": 48.0,
        "status": "Failed"
      }
    ],
    "semester": "ND-SECOND-YEAR-SECOND-SEMESTER",
    "set": "ND-2025",
    "identified_date": "2025-10-21 21:22:52",
    "total_resit_attempts": 0,
    "status": "Active"
  },
  {
    "exam_number": "FCTCONS/ND24/058",
    "name": "ISMAIL HAUWA YUSUF",
    "failed_courses": [
      {
        "course_code": "NUS222",
        "original_score": 38.0,
        "semester": "ND-SECOND-YEAR-SECOND-SEMESTER",
        "set": "ND-2025",
        "resit_attempts": 0,
        "best_score": 38.0,
        "status": "Failed"
      }
    ],
    "semester": "ND-SECOND-YEAR-SECOND-SEMESTER",
    "set": "ND-2025",
    "identified_date": "2025-10-21 21:22:52",
    "total_resit_attempts": 0,
    "status": "Active"
  },
  {
    "exam_number": "FCTCONS/ND24/062",
    "name": "ABUNIMYE FELICIA AMANUYE",
    "failed_courses": [
      {
        "course_code": "NUS222",
        "original_score": 45.0,
        "semester": "ND-SECOND-YEAR-SECOND-SEMESTER",
        "set": "ND-2025",
        "resit_attempts": 0,
        "best_score": 45.0,
        "status": "Failed"
      }
    ],
    "semester": "ND-SECOND-YEAR-SECOND-SEMESTER",
    "set": "ND-2025",
    "identified_date": "2025-10-21 21:22:52",
    "total_resit_attempts": 0,
    "status": "Active"
  },
  {
    "exam_number": "FCTCONS/ND24/021",
    "name": "EKEINDE OMOIKHEKPEN PRAISE",
    "failed_courses": [
      {
        "course_code": "NUS222",
        "original_score": 40.0,
        "semester": "ND-SECOND-YEAR-SECOND-SEMESTER",
        "set": "ND-2025",
        "resit_attempts": 0,
        "best_score": 40.0,
        "status": "Failed"
      }
    ],
    "semester": "ND-SECOND-YEAR-SECOND-SEMESTER",
    "set": "ND-2025",
    "identified_date": "2025-10-21 21:22:52",
    "total_resit_attempts": 0,
    "status": "Active"
  },
  {
    "exam_number": "FCTCONS/ND24/082",
    "name": "SADUS DYARA UMARU",
    "failed_courses": [
      {
        "course_code": "NUS222",
        "original_score": 48.0,
        "semester": "ND-SECOND-YEAR-SECOND-SEMESTER",
        "set": "ND-2025",
        "resit_attempts": 0,
        "best_score": 48.0,
        "status": "Failed"
      }
    ],
    "semester": "ND-SECOND-YEAR-SECOND-SEMESTER",
    "set": "ND-2025",
    "identified_date": "2025-10-21 21:22:52",
    "total_resit_attempts": 0,
    "status": "Active"
  },
  {
    "exam_number": "FCTCONS/ND24/134",
    "name": "NUHU FAVOUR AUDU",
    "failed_courses": [
      {
        "course_code": "NUR222",
        "original_score": 38.0,
        "semester": "ND-SECOND-YEAR-SECOND-SEMESTER",
        "set": "ND-2025",
        "resit_attempts": 0,
        "best_score": 38.0,
        "status": "Failed"
      },
      {
        "course_code": "EEd216",
        "original_score": 42.0,
        "semester": "ND-SECOND-YEAR-SECOND-SEMESTER",
        "set": "ND-2025",
        "resit_attempts": 0,
        "best_score": 42.0,
        "status": "Failed"
      }
    ],
    "semester": "ND-SECOND-YEAR-SECOND-SEMESTER",
    "set": "ND-2025",
    "identified_date": "2025-10-21 21:22:52",
    "total_resit_attempts": 0,
    "status": "Active"
  },
  {
    "exam_number": "FCTCONS/ND24/081",
    "name": "UMORU VIVIAN ESHIOFUNEH",
    "failed_courses": [
      {
        "course_code": "NUR222",
        "original_score": 48.0,
        "semester": "ND-SECOND-YEAR-SECOND-SEMESTER",
        "set": "ND-2025",
        "resit_attempts": 0,
        "best_score": 48.0,
        "status": "Failed"
      },
      {
        "course_code": "EEd216",
        "original_score": 46.0,
        "semester": "ND-SECOND-YEAR-SECOND-SEMESTER",
        "set": "ND-2025",
        "resit_attempts": 0,
        "best_score": 46.0,
        "status": "Failed"
      }
    ],
    "semester": "ND-SECOND-YEAR-SECOND-SEMESTER",
    "set": "ND-2025",
    "identified_date": "2025-10-21 21:22:52",
    "total_resit_attempts": 0,
    "status": "Active"
  },
  {
    "exam_number": "FCTCONS/ND24/115",
    "name": "YUNUS ZULEYHAT ONIZE",
    "failed_courses": [
      {
        "course_code": "NUR224",
        "original_score": 48.0,
        "semester": "ND-SECOND-YEAR-SECOND-SEMESTER",
        "set": "ND-2025",
        "resit_attempts": 0,
        "best_score": 48.0,
        "status": "Failed"
      },
      {
        "course_code": "EEd216",
        "original_score": 49.0,
        "semester": "ND-SECOND-YEAR-SECOND-SEMESTER",
        "set": "ND-2025",
        "resit_attempts": 0,
        "best_score": 49.0,
        "status": "Failed"
      }
    ],
    "semester": "ND-SECOND-YEAR-SECOND-SEMESTER",
    "set": "ND-2025",
    "identified_date": "2025-10-21 21:22:52",
    "total_resit_attempts": 0,
    "status": "Active"
  },
  {
    "exam_number": "FCTCONS/ND24/042",
    "name": "ASEBIOMO OLUWAFERANMI JOY",
    "failed_courses": [
      {
        "course_code": "EEd216",
        "original_score": 48.0,
        "semester": "ND-SECOND-YEAR-SECOND-SEMESTER",
        "set": "ND-2025",
        "resit_attempts": 0,
        "best_score": 48.0,
        "status": "Failed"
      },
      {
        "course_code": "NUR225",
        "original_score": 38.0,
        "semester": "ND-SECOND-YEAR-SECOND-SEMESTER",
        "set": "ND-2025",
        "resit_attempts": 0,
        "best_score": 38.0,
        "status": "Failed"
      }
    ],
    "semester": "ND-SECOND-YEAR-SECOND-SEMESTER",
    "set": "ND-2025",
    "identified_date": "2025-10-21 21:22:52",
    "total_resit_attempts": 0,
    "status": "Active"
  },
  {
    "exam_number": "FCTCONS/ND24/088",
    "name": "DUSU FAITH HARUNA",
    "failed_courses": [
      {
        "course_code": "NUS221",
        "original_score": 42.0,
        "semester": "ND-SECOND-YEAR-SECOND-SEMESTER",
        "set": "ND-2025",
        "resit_attempts": 0,
        "best_score": 42.0,
        "status": "Failed"
      },
      {
        "course_code": "EEd216",
        "original_score": 44.0,
        "semester": "ND-SECOND-YEAR-SECOND-SEMESTER",
        "set": "ND-2025",
        "resit_attempts": 0,
        "best_score": 44.0,
        "status": "Failed"
      }
    ],
    "semester": "ND-SECOND-YEAR-SECOND-SEMESTER",
    "set": "ND-2025",
    "identified_date": "2025-10-21 21:22:52",
    "total_resit_attempts": 0,
    "status": "Active"
  },
  {
    "exam_number": "FCTCONS/ND24/137",
    "name": "ELIZABETH DANIEL",
    "failed_courses": [
      {
        "course_code": "NUS221",
        "original_score": 32.0,
        "semester": "ND-SECOND-YEAR-SECOND-SEMESTER",
        "set": "ND-2025",
        "resit_attempts": 0,
        "best_score": 32.0,
        "status": "Failed"
      },
      {
        "course_code": "EEd216",
        "original_score": 46.0,
        "semester": "ND-SECOND-YEAR-SECOND-SEMESTER",
        "set": "ND-2025",
        "resit_attempts": 0,
        "best_score": 46.0,
        "status": "Failed"
      }
    ],
    "semester": "ND-SECOND-YEAR-SECOND-SEMESTER",
    "set": "ND-2025",
    "identified_date": "2025-10-21 21:22:52",
    "total_resit_attempts": 0,
    "status": "Active"
  },
  {
    "exam_number": "FCTCONS/ND24/065",
    "name": "AMOS DORCAS",
    "failed_courses": [
      {
        "course_code": "NUR221",
        "original_score": 47.0,
        "semester": "ND-SECOND-YEAR-SECOND-SEMESTER",
        "set": "ND-2025",
        "resit_attempts": 0,
        "best_score": 47.0,
        "status": "Failed"
      },
      {
        "course_code": "NUR222",
        "original_score": 42.0,
        "semester": "ND-SECOND-YEAR-SECOND-SEMESTER",
        "set": "ND-2025",
        "resit_attempts": 0,
        "best_score": 42.0,
        "status": "Failed"
      }
    ],
    "semester": "ND-SECOND-YEAR-SECOND-SEMESTER",
    "set": "ND-2025",
    "identified_date": "2025-10-21 21:22:52",
    "total_resit_attempts": 0,
    "status": "Active"
  },
  {
    "exam_number": "FCTCONS/ND24/018",
    "name": "IGBASAN PHILBERTA  OLUWASEUN",
    "failed_courses": [
      {
        "course_code": "NUR221",
        "original_score": 48.0,
        "semester": "ND-SECOND-YEAR-SECOND-SEMESTER",
        "set": "ND-2025",
        "resit_attempts": 0,
        "best_score": 48.0,
        "status": "Failed"
      },
      {
        "course_code": "NUR222",
        "original_score": 48.0,
        "semester": "ND-SECOND-YEAR-SECOND-SEMESTER",
        "set": "ND-2025",
        "resit_attempts": 0,
        "best_score": 48.0,
        "status": "Failed"
      }
    ],
    "semester": "ND-SECOND-YEAR-SECOND-SEMESTER",
    "set": "ND-2025",
    "identified_date": "2025-10-21 21:22:52",
    "total_resit_attempts": 0,
    "status": "Active"
  },
  {
    "exam_number": "FCTCONS/ND24/044",
    "name": "EMMAJOHN MARVELOUS CHIFUNANYA",
    "failed_courses": [
      {
        "course_code": "NUR221",
        "original_score": 45.0,
        "semester": "ND-SECOND-YEAR-SECOND-SEMESTER",
        "set": "ND-2025",
        "resit_attempts": 0,
        "best_score": 45.0,
        "status": "Failed"
      },
      {
        "course_code": "NUR223",
        "original_score": 43.0,
        "semester": "ND-SECOND-YEAR-SECOND-SEMESTER",
        "set": "ND-2025",
        "resit_attempts": 0,
        "best_score": 43.0,
        "status": "Failed"
      }
    ],
    "semester": "ND-SECOND-YEAR-SECOND-SEMESTER",
    "set": "ND-2025",
    "identified_date": "2025-10-21 21:22:52",
    "total_resit_attempts": 0,
    "status": "Active"
  },
  {
    "exam_number": "FCTCONS/ND24/093",
    "name": "AMEH PRAISE CHRISTIANA",
    "failed_courses": [
      {
        "course_code": "NUR221",
        "original_score": 46.0,
        "semester": "ND-SECOND-YEAR-SECOND-SEMESTER",
        "set": "ND-2025",
        "resit_attempts": 0,
        "best_score": 46.0,
        "status": "Failed"
      },
      {
        "course_code": "NUR225",
        "original_score": 40.0,
        "semester": "ND-SECOND-YEAR-SECOND-SEMESTER",
        "set": "ND-2025",
        "resit_attempts": 0,
        "best_score": 40.0,
        "status": "Failed"
      }
    ],
    "semester": "ND-SECOND-YEAR-SECOND-SEMESTER",
    "set": "ND-2025",
    "identified_date": "2025-10-21 21:22:52",
    "total_resit_attempts": 0,
    "status": "Active"
  },
  {
    "exam_number": "FCTCONS/ND24/113",
    "name": "BAWA EBWAYI GREAT",
    "failed_courses": [
      {
        "course_code": "NUS221",
        "original_score": 44.0,
        "semester": "ND-SECOND-YEAR-SECOND-SEMESTER",
        "set": "ND-2025",
        "resit_attempts": 0,
        "best_score": 44.0,
        "status": "Failed"
      },
      {
        "course_code": "NUR221",
        "original_score": 45.0,
        "semester": "ND-SECOND-YEAR-SECOND-SEMESTER",
        "set": "ND-2025",
        "resit_attempts": 0,
        "best_score": 45.0,
        "status": "Failed"
      }
    ],
    "semester": "ND-SECOND-YEAR-SECOND-SEMESTER",
    "set": "ND-2025",
    "identified_date": "2025-10-21 21:22:52",
    "total_resit_attempts": 0,
    "status": "Active"
  },
  {
    "exam_number": "FCTCONS/ND24/072",
    "name": "DAUDA HOPE AWYETU",
    "failed_courses": [
      {
        "course_code": "NUS222",
        "original_score": 40.0,
        "semester": "ND-SECOND-YEAR-SECOND-SEMESTER",
        "set": "ND-2025",
        "resit_attempts": 0,
        "best_score": 40.0,
        "status": "Failed"
      },
      {
        "course_code": "NUR221",
        "original_score": 30.0,
        "semester": "ND-SECOND-YEAR-SECOND-SEMESTER",
        "set": "ND-2025",
        "resit_attempts": 0,
        "best_score": 30.0,
        "status": "Failed"
      }
    ],
    "semester": "ND-SECOND-YEAR-SECOND-SEMESTER",
    "set": "ND-2025",
    "identified_date": "2025-10-21 21:22:52",
    "total_resit_attempts": 0,
    "status": "Active"
  },
  {
    "exam_number": "FCTCONS/ND24/084",
    "name": "EMMANUEL VICTORIA",
    "failed_courses": [
      {
        "course_code": "NUR222",
        "original_score": 46.0,
        "semester": "ND-SECOND-YEAR-SECOND-SEMESTER",
        "set": "ND-2025",
        "resit_attempts": 0,
        "best_score": 46.0,
        "status": "Failed"
      },
      {
        "course_code": "NUR223",
        "original_score": 40.0,
        "semester": "ND-SECOND-YEAR-SECOND-SEMESTER",
        "set": "ND-2025",
        "resit_attempts": 0,
        "best_score": 40.0,
        "status": "Failed"
      }
    ],
    "semester": "ND-SECOND-YEAR-SECOND-SEMESTER",
    "set": "ND-2025",
    "identified_date": "2025-10-21 21:22:52",
    "total_resit_attempts": 0,
    "status": "Active"
  },
  {
    "exam_number": "FCTCONS/ND24/107",
    "name": "OTTO QUEEN UBUGHENAAN",
    "failed_courses": [
      {
        "course_code": "NUR222",
        "original_score": 48.0,
        "semester": "ND-SECOND-YEAR-SECOND-SEMESTER",
        "set": "ND-2025",
        "resit_attempts": 0,
        "best_score": 48.0,
        "status": "Failed"
      },
      {
        "course_code": "NUR223",
        "original_score": 42.0,
        "semester": "ND-SECOND-YEAR-SECOND-SEMESTER",
        "set": "ND-2025",
        "resit_attempts": 0,
        "best_score": 42.0,
        "status": "Failed"
      }
    ],
    "semester": "ND-SECOND-YEAR-SECOND-SEMESTER",
    "set": "ND-2025",
    "identified_date": "2025-10-21 21:22:52",
    "total_resit_attempts": 0,
    "status": "Active"
  },
  {
    "exam_number": "FCTCONS/ND24/043",
    "name": "NWOSU NNENNA ESTHER",
    "failed_courses": [
      {
        "course_code": "NUR222",
        "original_score": 44.0,
        "semester": "ND-SECOND-YEAR-SECOND-SEMESTER",
        "set": "ND-2025",
        "resit_attempts": 0,
        "best_score": 44.0,
        "status": "Failed"
      },
      {
        "course_code": "NUR224",
        "original_score": 48.0,
        "semester": "ND-SECOND-YEAR-SECOND-SEMESTER",
        "set": "ND-2025",
        "resit_attempts": 0,
        "best_score": 48.0,
        "status": "Failed"
      }
    ],
    "semester": "ND-SECOND-YEAR-SECOND-SEMESTER",
    "set": "ND-2025",
    "identified_date": "2025-10-21 21:22:52",
    "total_resit_attempts": 0,
    "status": "Active"
  },
  {
    "exam_number": "FCTCONS/ND24/077",
    "name": "OODOH COMFORT ONYENEFU",
    "failed_courses": [
      {
        "course_code": "NUR222",
        "original_score": 44.0,
        "semester": "ND-SECOND-YEAR-SECOND-SEMESTER",
        "set": "ND-2025",
        "resit_attempts": 0,
        "best_score": 44.0,
        "status": "Failed"
      },
      {
        "course_code": "NUR225",
        "original_score": 46.0,
        "semester": "ND-SECOND-YEAR-SECOND-SEMESTER",
        "set": "ND-2025",
        "resit_attempts": 0,
        "best_score": 46.0,
        "status": "Failed"
      }
    ],
    "semester": "ND-SECOND-YEAR-SECOND-SEMESTER",
    "set": "ND-2025",
    "identified_date": "2025-10-21 21:22:52",
    "total_resit_attempts": 0,
    "status": "Active"
  },
  {
    "exam_number": "FCTCONS/ND24/073",
    "name": "ONYEHI PRAISE MAXWELL",
    "failed_courses": [
      {
        "course_code": "NUS221",
        "original_score": 44.0,
        "semester": "ND-SECOND-YEAR-SECOND-SEMESTER",
        "set": "ND-2025",
        "resit_attempts": 0,
        "best_score": 44.0,
        "status": "Failed"
      },
      {
        "course_code": "NUR222",
        "original_score": 42.0,
        "semester": "ND-SECOND-YEAR-SECOND-SEMESTER",
        "set": "ND-2025",
        "resit_attempts": 0,
        "best_score": 42.0,
        "status": "Failed"
      }
    ],
    "semester": "ND-SECOND-YEAR-SECOND-SEMESTER",
    "set": "ND-2025",
    "identified_date": "2025-10-21 21:22:52",
    "total_resit_attempts": 0,
    "status": "Active"
  },
  {
    "exam_number": "FCTCONS/ND24/009",
    "name": "AGADA EMMANUEL ENECHE",
    "failed_courses": [
      {
        "course_code": "NUS221",
        "original_score": 48.0,
        "semester": "ND-SECOND-YEAR-SECOND-SEMESTER",
        "set": "ND-2025",
        "resit_attempts": 0,
        "best_score": 48.0,
        "status": "Failed"
      },
      {
        "course_code": "NUR222",
        "original_score": 45.0,
        "semester": "ND-SECOND-YEAR-SECOND-SEMESTER",
        "set": "ND-2025",
        "resit_attempts": 0,
        "best_score": 45.0,
        "status": "Failed"
      }
    ],
    "semester": "ND-SECOND-YEAR-SECOND-SEMESTER",
    "set": "ND-2025",
    "identified_date": "2025-10-21 21:22:52",
    "total_resit_attempts": 0,
    "status": "Active"
  },
  {
    "exam_number": "FCTCONS/ND24/047",
    "name": "EZRA NEEWOSULO",
    "failed_courses": [
      {
        "course_code": "NUR223",
        "original_score": 48.0,
        "semester": "ND-SECOND-YEAR-SECOND-SEMESTER",
        "set": "ND-2025",
        "resit_attempts": 0,
        "best_score": 48.0,
        "status": "Failed"
      },
      {
        "course_code": "NUR224",
        "original_score": 43.0,
        "semester": "ND-SECOND-YEAR-SECOND-SEMESTER",
        "set": "ND-2025",
        "resit_attempts": 0,
        "best_score": 43.0,
        "status": "Failed"
      }
    ],
    "semester": "ND-SECOND-YEAR-SECOND-SEMESTER",
    "set": "ND-2025",
    "identified_date": "2025-10-21 21:22:52",
    "total_resit_attempts": 0,
    "status": "Active"
  },
  {
    "exam_number": "FCTCONS/ND24/131",
    "name": "TIMOTHY FAITH",
    "failed_courses": [
      {
        "course_code": "NUR223",
        "original_score": 34.0,
        "semester": "ND-SECOND-YEAR-SECOND-SEMESTER",
        "set": "ND-2025",
        "resit_attempts": 0,
        "best_score": 34.0,
        "status": "Failed"
      },
      {
        "course_code": "NUR225",
        "original_score": 42.0,
        "semester": "ND-SECOND-YEAR-SECOND-SEMESTER",
        "set": "ND-2025",
        "resit_attempts": 0,
        "best_score": 42.0,
        "status": "Failed"
      }
    ],
    "semester": "ND-SECOND-YEAR-SECOND-SEMESTER",
    "set": "ND-2025",
    "identified_date": "2025-10-21 21:22:52",
    "total_resit_attempts": 0,
    "status": "Active"
  },
  {
    "exam_number": "FCTCONS/ND24/070",
    "name": "VASCO ANNA SUNDAY",
    "failed_courses": [
      {
        "course_code": "NUS221",
        "original_score": 46.0,
        "semester": "ND-SECOND-YEAR-SECOND-SEMESTER",
        "set": "ND-2025",
        "resit_attempts": 0,
        "best_score": 46.0,
        "status": "Failed"
      },
      {
        "course_code": "NUR223",
        "original_score": 40.0,
        "semester": "ND-SECOND-YEAR-SECOND-SEMESTER",
        "set": "ND-2025",
        "resit_attempts": 0,
        "best_score": 40.0,
        "status": "Failed"
      }
    ],
    "semester": "ND-SECOND-YEAR-SECOND-SEMESTER",
    "set": "ND-2025",
    "identified_date": "2025-10-21 21:22:52",
    "total_resit_attempts": 0,
    "status": "Active"
  },
  {
    "exam_number": "FCTCONS/ND24/032",
    "name": "LAWAL YUSUF",
    "failed_courses": [
      {
        "course_code": "NUS222",
        "original_score": 40.0,
        "semester": "ND-SECOND-YEAR-SECOND-SEMESTER",
        "set": "ND-2025",
        "resit_attempts": 0,
        "best_score": 40.0,
        "status": "Failed"
      },
      {
        "course_code": "NUR223",
        "original_score": 44.0,
        "semester": "ND-SECOND-YEAR-SECOND-SEMESTER",
        "set": "ND-2025",
        "resit_attempts": 0,
        "best_score": 44.0,
        "status": "Failed"
      }
    ],
    "semester": "ND-SECOND-YEAR-SECOND-SEMESTER",
    "set": "ND-2025",
    "identified_date": "2025-10-21 21:22:52",
    "total_resit_attempts": 0,
    "status": "Active"
  },
  {
    "exam_number": "FCTCONS/ND24/046",
    "name": "NKEMJIKA DABERECHI LOVETH",
    "failed_courses": [
      {
        "course_code": "NUS222",
        "original_score": 46.0,
        "semester": "ND-SECOND-YEAR-SECOND-SEMESTER",
        "set": "ND-2025",
        "resit_attempts": 0,
        "best_score": 46.0,
        "status": "Failed"
      },
      {
        "course_code": "NUR223",
        "original_score": 38.0,
        "semester": "ND-SECOND-YEAR-SECOND-SEMESTER",
        "set": "ND-2025",
        "resit_attempts": 0,
        "best_score": 38.0,
        "status": "Failed"
      }
    ],
    "semester": "ND-SECOND-YEAR-SECOND-SEMESTER",
    "set": "ND-2025",
    "identified_date": "2025-10-21 21:22:52",
    "total_resit_attempts": 0,
    "status": "Active"
  },
  {
    "exam_number": "FCTCONS/ND24/022",
    "name": "OPARINDE  RUTH MOTUNRAYO",
    "failed_courses": [
      {
        "course_code": "NUR224",
        "original_score": 43.0,
        "semester": "ND-SECOND-YEAR-SECOND-SEMESTER",
        "set": "ND-2025",
        "resit_attempts": 0,
        "best_score": 43.0,
        "status": "Failed"
      },
      {
        "course_code": "NUR227",
        "original_score": 49.0,
        "semester": "ND-SECOND-YEAR-SECOND-SEMESTER",
        "set": "ND-2025",
        "resit_attempts": 0,
        "best_score": 49.0,
        "status": "Failed"
      }
    ],
    "semester": "ND-SECOND-YEAR-SECOND-SEMESTER",
    "set": "ND-2025",
    "identified_date": "2025-10-21 21:22:52",
    "total_resit_attempts": 0,
    "status": "Active"
  },
  {
    "exam_number": "FCTCONS/ND24/087",
    "name": "AYODELE MUMEENAT DADA",
    "failed_courses": [
      {
        "course_code": "NUS221",
        "original_score": 42.0,
        "semester": "ND-SECOND-YEAR-SECOND-SEMESTER",
        "set": "ND-2025",
        "resit_attempts": 0,
        "best_score": 42.0,
        "status": "Failed"
      },
      {
        "course_code": "NUR224",
        "original_score": 36.0,
        "semester": "ND-SECOND-YEAR-SECOND-SEMESTER",
        "set": "ND-2025",
        "resit_attempts": 0,
        "best_score": 36.0,
        "status": "Failed"
      }
    ],
    "semester": "ND-SECOND-YEAR-SECOND-SEMESTER",
    "set": "ND-2025",
    "identified_date": "2025-10-21 21:22:52",
    "total_resit_attempts": 0,
    "status": "Active"
  },
  {
    "exam_number": "FCTCONS/ND24/050",
    "name": "IBRAHIM ZAINAB HAJIYA",
    "failed_courses": [
      {
        "course_code": "NUS222",
        "original_score": 44.0,
        "semester": "ND-SECOND-YEAR-SECOND-SEMESTER",
        "set": "ND-2025",
        "resit_attempts": 0,
        "best_score": 44.0,
        "status": "Failed"
      },
      {
        "course_code": "NUR224",
        "original_score": 46.0,
        "semester": "ND-SECOND-YEAR-SECOND-SEMESTER",
        "set": "ND-2025",
        "resit_attempts": 0,
        "best_score": 46.0,
        "status": "Failed"
      }
    ],
    "semester": "ND-SECOND-YEAR-SECOND-SEMESTER",
    "set": "ND-2025",
    "identified_date": "2025-10-21 21:22:52",
    "total_resit_attempts": 0,
    "status": "Active"
  },
  {
    "exam_number": "FCTCONS/ND24/085",
    "name": "EMMANUEL HELEN",
    "failed_courses": [
      {
        "course_code": "NUS221",
        "original_score": 44.0,
        "semester": "ND-SECOND-YEAR-SECOND-SEMESTER",
        "set": "ND-2025",
        "resit_attempts": 0,
        "best_score": 44.0,
        "status": "Failed"
      },
      {
        "course_code": "NUS222",
        "original_score": 42.0,
        "semester": "ND-SECOND-YEAR-SECOND-SEMESTER",
        "set": "ND-2025",
        "resit_attempts": 0,
        "best_score": 42.0,
        "status": "Failed"
      }
    ],
    "semester": "ND-SECOND-YEAR-SECOND-SEMESTER",
    "set": "ND-2025",
    "identified_date": "2025-10-21 21:22:52",
    "total_resit_attempts": 0,
    "status": "Active"
  },
  {
    "exam_number": "FCTCONS/ND24/110",
    "name": "ABOKO DAVID JUNIOR",
    "failed_courses": [
      {
        "course_code": "NUS222",
        "original_score": 45.0,
        "semester": "ND-SECOND-YEAR-SECOND-SEMESTER",
        "set": "ND-2025",
        "resit_attempts": 0,
        "best_score": 45.0,
        "status": "Failed"
      },
      {
        "course_code": "NUR221",
        "original_score": 40.0,
        "semester": "ND-SECOND-YEAR-SECOND-SEMESTER",
        "set": "ND-2025",
        "resit_attempts": 0,
        "best_score": 40.0,
        "status": "Failed"
      },
      {
        "course_code": "EEd216",
        "original_score": 38.0,
        "semester": "ND-SECOND-YEAR-SECOND-SEMESTER",
        "set": "ND-2025",
        "resit_attempts": 0,
        "best_score": 38.0,
        "status": "Failed"
      }
    ],
    "semester": "ND-SECOND-YEAR-SECOND-SEMESTER",
    "set": "ND-2025",
    "identified_date": "2025-10-21 21:22:52",
    "total_resit_attempts": 0,
    "status": "Active"
  },
  {
    "exam_number": "FCTCONS/ND24/127",
    "name": "SANI ALIYU BASHIRU",
    "failed_courses": [
      {
        "course_code": "NUS221",
        "original_score": 47.0,
        "semester": "ND-SECOND-YEAR-SECOND-SEMESTER",
        "set": "ND-2025",
        "resit_attempts": 0,
        "best_score": 47.0,
        "status": "Failed"
      },
      {
        "course_code": "NUS222",
        "original_score": 46.0,
        "semester": "ND-SECOND-YEAR-SECOND-SEMESTER",
        "set": "ND-2025",
        "resit_attempts": 0,
        "best_score": 46.0,
        "status": "Failed"
      },
      {
        "course_code": "NUR221",
        "original_score": 44.0,
        "semester": "ND-SECOND-YEAR-SECOND-SEMESTER",
        "set": "ND-2025",
        "resit_attempts": 0,
        "best_score": 44.0,
        "status": "Failed"
      }
    ],
    "semester": "ND-SECOND-YEAR-SECOND-SEMESTER",
    "set": "ND-2025",
    "identified_date": "2025-10-21 21:22:52",
    "total_resit_attempts": 0,
    "status": "Active"
  },
  {
    "exam_number": "FCTCONS/ND24/011",
    "name": "IGWE FAVOUR TOCHI",
    "failed_courses": [
      {
        "course_code": "NUS221",
        "original_score": 44.0,
        "semester": "ND-SECOND-YEAR-SECOND-SEMESTER",
        "set": "ND-2025",
        "resit_attempts": 0,
        "best_score": 44.0,
        "status": "Failed"
      },
      {
        "course_code": "NUS222",
        "original_score": 47.0,
        "semester": "ND-SECOND-YEAR-SECOND-SEMESTER",
        "set": "ND-2025",
        "resit_attempts": 0,
        "best_score": 47.0,
        "status": "Failed"
      },
      {
        "course_code": "NUR222",
        "original_score": 44.0,
        "semester": "ND-SECOND-YEAR-SECOND-SEMESTER",
        "set": "ND-2025",
        "resit_attempts": 0,
        "best_score": 44.0,
        "status": "Failed"
      }
    ],
    "semester": "ND-SECOND-YEAR-SECOND-SEMESTER",
    "set": "ND-2025",
    "identified_date": "2025-10-21 21:22:52",
    "total_resit_attempts": 0,
    "status": "Active"
  },
  {
    "exam_number": "FCTCONS/ND24/003",
    "name": "UDEMBA DANIELLA CHINENYE",
    "failed_courses": [
      {
        "course_code": "NUS222",
        "original_score": 40.0,
        "semester": "ND-SECOND-YEAR-SECOND-SEMESTER",
        "set": "ND-2025",
        "resit_attempts": 0,
        "best_score": 40.0,
        "status": "Failed"
      },
      {
        "course_code": "NUR222",
        "original_score": 44.0,
        "semester": "ND-SECOND-YEAR-SECOND-SEMESTER",
        "set": "ND-2025",
        "resit_attempts": 0,
        "best_score": 44.0,
        "status": "Failed"
      },
      {
        "course_code": "NUR224",
        "original_score": 49.0,
        "semester": "ND-SECOND-YEAR-SECOND-SEMESTER",
        "set": "ND-2025",
        "resit_attempts": 0,
        "best_score": 49.0,
        "status": "Failed"
      },
      {
        "course_code": "NUR227",
        "original_score": 46.0,
        "semester": "ND-SECOND-YEAR-SECOND-SEMESTER",
        "set": "ND-2025",
        "resit_attempts": 0,
        "best_score": 46.0,
        "status": "Failed"
      }
    ],
    "semester": "ND-SECOND-YEAR-SECOND-SEMESTER",
    "set": "ND-2025",
    "identified_date": "2025-10-21 21:22:52",
    "total_resit_attempts": 0,
    "status": "Active"
  }
]