EXAMS NUMBER,NAME,COURSE CODE,ORIGINAL SCORE,SEMESTER,SET,RESIT ATTEMPTS,BEST SCORE,STATUS,IDENTIFIED DATE,OVERALL_STATUS
7502,EMMANUEL MARY CORNELIUS,GNS111,37.0,N-FIRST-YEAR-FIRST-SEMESTER,SET47,0,37.0,Failed,2025-11-01 03:35:48,Active
7502,EMMANUEL MARY CORNELIUS,GNS113,22.0,N-FIRST-YEAR-FIRST-SEMESTER,SET47,0,22.0,Failed,2025-11-01 03:35:48,Active
7502,EMMANUEL MARY CORNELIUS,GNS114,48.0,N-FIRST-YEAR-FIRST-SEMESTER,SET47,0,48.0,Failed,2025-11-01 03:35:48,Active
7502,EMMANUEL MARY CORNELIUS,GST111,34.0,N-FIRST-YEAR-FIRST-SEMESTER,SET47,0,34.0,Failed,2025-11-01 03:35:48,Active
