EXAMS NUMBER,NAME,COURSE CODE,ORIGINAL SCORE,SEMESTER,SET,RESIT ATTEMPTS,BEST SCORE,STATUS,IDENTIFIED DATE,OVERALL_STATUS
7533,JAMES  ELIJAH,GNS111,42.0,N-FIRST-YEAR-FIRST-SEMESTER,SET47,0,42.0,Failed,2025-11-01 03:35:48,Active
7533,JAMES  ELIJAH,GNS113,32.0,N-FIRST-YEAR-FIRST-SEMESTER,SET47,0,32.0,Failed,2025-11-01 03:35:48,Active
7533,JAMES  ELIJAH,GNS114,30.0,N-FIRST-YEAR-FIRST-SEMESTER,SET47,0,30.0,Failed,2025-11-01 03:35:48,Active
7533,JAMES  ELIJAH,GST111,42.0,N-FIRST-YEAR-FIRST-SEMESTER,SET47,0,42.0,Failed,2025-11-01 03:35:48,Active
