EXAMS NUMBER,NAME,COURSE CODE,ORIGINAL SCORE,SEMESTER,SET,RESIT ATTEMPTS,BEST SCORE,STATUS,IDENTIFIED DATE,OVERALL_STATUS
7549,MAXWELL SHEKWOYA HANNAH,GNS111,47.0,N-FIRST-YEAR-FIRST-SEMESTER,SET47,0,47.0,Failed,2025-11-01 03:35:48,Active
7549,MAXWELL SHEKWOYA HANNAH,GNS113,34.0,N-FIRST-YEAR-FIRST-SEMESTER,SET47,0,34.0,Failed,2025-11-01 03:35:48,Active
7549,MAXWELL SHEKWOYA HANNAH,GNS114,38.0,N-FIRST-YEAR-FIRST-SEMESTER,SET47,0,38.0,Failed,2025-11-01 03:35:48,Active
7549,MAXWELL SHEKWOYA HANNAH,GST111,34.0,N-FIRST-YEAR-FIRST-SEMESTER,SET47,0,34.0,Failed,2025-11-01 03:35:48,Active
7549,MAXWELL SHEKWOYA HANNAH,GST113,42.0,N-FIRST-YEAR-FIRST-SEMESTER,SET47,0,42.0,Failed,2025-11-01 03:35:48,Active
7549,MAXWELL SHEKWOYA HANNAH,GST115,43.0,N-FIRST-YEAR-FIRST-SEMESTER,SET47,0,43.0,Failed,2025-11-01 03:35:48,Active
