EXAMS NUMBER,NAME,COURSE CODE,ORIGINAL SCORE,SEMESTER,SET,RESIT ATTEMPTS,BEST SCORE,STATUS,IDENTIFIED DATE,OVERALL_STATUS
7639,ZAEED  HABIBA IZE,GNS111,47.0,N-FIRST-YEAR-FIRST-SEMESTER,SET47,0,47.0,Failed,2025-11-01 03:35:48,Active
7639,ZAEED  HABIBA IZE,GNS113,40.0,N-FIRST-YEAR-FIRST-SEMESTER,SET47,0,40.0,Failed,2025-11-01 03:35:48,Active
7639,ZAEED  HABIBA IZE,GST112,46.0,N-FIRST-YEAR-FIRST-SEMESTER,SET47,0,46.0,Failed,2025-11-01 03:35:48,Active
7639,ZAEED  HABIBA IZE,GST113,26.0,N-FIRST-YEAR-FIRST-SEMESTER,SET47,0,26.0,Failed,2025-11-01 03:35:48,Active
7639,ZAEED  HABIBA IZE,GST114,46.0,N-FIRST-YEAR-FIRST-SEMESTER,SET47,0,46.0,Failed,2025-11-01 03:35:48,Active
7639,ZAEED  HABIBA IZE,GST115,14.0,N-FIRST-YEAR-FIRST-SEMESTER,SET47,0,14.0,Failed,2025-11-01 03:35:48,Active
