EXAMS NUMBER,NAME,COURSE CODE,ORIGINAL SCORE,SEMESTER,SET,RESIT ATTEMPTS,BEST SCORE,STATUS,IDENTIFIED DATE,OVERALL_STATUS
7516,HASSAN ABUBAKAR,GNS112,38.0,N-FIRST-YEAR-FIRST-SEMESTER,SET47,0,38.0,Failed,2025-11-01 03:35:48,Active
7516,HASSAN ABUBAKAR,GNS114,37.0,N-FIRST-YEAR-FIRST-SEMESTER,SET47,0,37.0,Failed,2025-11-01 03:35:48,Active
7516,HASSAN ABUBAKAR,GST111,13.0,N-FIRST-YEAR-FIRST-SEMESTER,SET47,0,13.0,Failed,2025-11-01 03:35:48,Active
7516,HASSAN ABUBAKAR,GST113,31.0,N-FIRST-YEAR-FIRST-SEMESTER,SET47,0,31.0,Failed,2025-11-01 03:35:48,Active
7516,HASSAN ABUBAKAR,GST115,46.0,N-FIRST-YEAR-FIRST-SEMESTER,SET47,0,46.0,Failed,2025-11-01 03:35:48,Active
