EXAMS NUMBER,NAME,COURSE CODE,ORIGINAL SCORE,SEMESTER,SET,RESIT ATTEMPTS,BEST SCORE,STATUS,IDENTIFIED DATE,OVERALL_STATUS
7448,ADEGBEMILE OLUWANIFEMI O.,GNS111,48.0,N-FIRST-YEAR-FIRST-SEMESTER,SET47,0,48.0,Failed,2025-11-01 03:35:48,Active
7448,ADEGBEMILE OLUWANIFEMI O.,GNS113,28.0,N-FIRST-YEAR-FIRST-SEMESTER,SET47,0,28.0,Failed,2025-11-01 03:35:48,Active
7448,ADEGBEMILE OLUWANIFEMI O.,GST114,44.0,N-FIRST-YEAR-FIRST-SEMESTER,SET47,0,44.0,Failed,2025-11-01 03:35:48,Active
7448,ADEGBEMILE OLUWANIFEMI O.,GST115,27.0,N-FIRST-YEAR-FIRST-SEMESTER,SET47,0,27.0,Failed,2025-11-01 03:35:48,Active
