EXAMS NUMBER,NAME,COURSE CODE,ORIGINAL SCORE,SEMESTER,SET,RESIT ATTEMPTS,BEST SCORE,STATUS,IDENTIFIED DATE,OVERALL_STATUS
7461,ALHASSAN  FATIMA,GNS114,35.0,N-FIRST-YEAR-FIRST-SEMESTER,SET47,0,35.0,Failed,2025-11-01 03:35:48,Active
7461,ALHASSAN  FATIMA,GST111,20.0,N-FIRST-YEAR-FIRST-SEMESTER,SET47,0,20.0,Failed,2025-11-01 03:35:48,Active
7461,ALHASSAN  FATIMA,GST112,44.0,N-FIRST-YEAR-FIRST-SEMESTER,SET47,0,44.0,Failed,2025-11-01 03:35:48,Active
7461,ALHASSAN  FATIMA,GST113,44.0,N-FIRST-YEAR-FIRST-SEMESTER,SET47,0,44.0,Failed,2025-11-01 03:35:48,Active
7461,ALHASSAN  FATIMA,GST115,16.0,N-FIRST-YEAR-FIRST-SEMESTER,SET47,0,16.0,Failed,2025-11-01 03:35:48,Active
