EXAMS NUMBER,NAME,COURSE CODE,ORIGINAL SCORE,SEMESTER,SET,RESIT ATTEMPTS,BEST SCORE,STATUS,IDENTIFIED DATE,OVERALL_STATUS
7443,ABUBAKAR  NABILA,GNS111,19.0,N-FIRST-YEAR-FIRST-SEMESTER,SET47,0,19.0,Failed,2025-11-01 03:35:48,Active
7443,ABUBAKAR  NABILA,GNS113,34.0,N-FIRST-YEAR-FIRST-SEMESTER,SET47,0,34.0,Failed,2025-11-01 03:35:48,Active
7443,ABUBAKAR  NABILA,GST111,33.0,N-FIRST-YEAR-FIRST-SEMESTER,SET47,0,33.0,Failed,2025-11-01 03:35:48,Active
7443,ABUBAKAR  NABILA,GST113,32.0,N-FIRST-YEAR-FIRST-SEMESTER,SET47,0,32.0,Failed,2025-11-01 03:35:48,Active
7443,ABUBAKAR  NABILA,GST115,28.0,N-FIRST-YEAR-FIRST-SEMESTER,SET47,0,28.0,Failed,2025-11-01 03:35:48,Active
