EXAMS NUMBER,NAME,COURSE CODE,ORIGINAL SCORE,SEMESTER,SET,RESIT ATTEMPTS,BEST SCORE,STATUS,IDENTIFIED DATE,OVERALL_STATUS
7593,OSIPITAN ESTHER ARIBIYO,GNS111,35.0,N-FIRST-YEAR-FIRST-SEMESTER,SET47,0,35.0,Failed,2025-11-01 03:35:48,Active
7593,OSIPITAN ESTHER ARIBIYO,GST111,18.0,N-FIRST-YEAR-FIRST-SEMESTER,SET47,0,18.0,Failed,2025-11-01 03:35:48,Active
7593,OSIPITAN ESTHER ARIBIYO,GST112,48.0,N-FIRST-YEAR-FIRST-SEMESTER,SET47,0,48.0,Failed,2025-11-01 03:35:48,Active
7593,OSIPITAN ESTHER ARIBIYO,GST113,15.0,N-FIRST-YEAR-FIRST-SEMESTER,SET47,0,15.0,Failed,2025-11-01 03:35:48,Active
7593,OSIPITAN ESTHER ARIBIYO,GST114,36.0,N-FIRST-YEAR-FIRST-SEMESTER,SET47,0,36.0,Failed,2025-11-01 03:35:48,Active
