EXAMS NUMBER,NAME,COURSE CODE,ORIGINAL SCORE,SEMESTER,SET,RESIT ATTEMPTS,BEST SCORE,STATUS,IDENTIFIED DATE,OVERALL_STATUS
7479,AWENEBI AYOMIKUN ESTHER,GNS111,45.0,N-FIRST-YEAR-FIRST-SEMESTER,SET47,0,45.0,Failed,2025-11-01 03:35:48,Active
7479,AWENEBI AYOMIKUN ESTHER,GNS112,32.0,N-FIRST-YEAR-FIRST-SEMESTER,SET47,0,32.0,Failed,2025-11-01 03:35:48,Active
7479,AWENEBI AYOMIKUN ESTHER,GNS113,48.0,N-FIRST-YEAR-FIRST-SEMESTER,SET47,0,48.0,Failed,2025-11-01 03:35:48,Active
7479,AWENEBI AYOMIKUN ESTHER,GNS114,42.0,N-FIRST-YEAR-FIRST-SEMESTER,SET47,0,42.0,Failed,2025-11-01 03:35:48,Active
7479,AWENEBI AYOMIKUN ESTHER,GST111,40.0,N-FIRST-YEAR-FIRST-SEMESTER,SET47,0,40.0,Failed,2025-11-01 03:35:48,Active
7479,AWENEBI AYOMIKUN ESTHER,GST112,26.0,N-FIRST-YEAR-FIRST-SEMESTER,SET47,0,26.0,Failed,2025-11-01 03:35:48,Active
