EXAMS NUMBER,NAME,COURSE CODE,ORIGINAL SCORE,SEMESTER,SET,RESIT ATTEMPTS,BEST SCORE,STATUS,IDENTIFIED DATE,OVERALL_STATUS
7514,HARUNA  PRINCESS ALHERI,GNS112,46.0,N-FIRST-YEAR-FIRST-SEMESTER,SET47,0,46.0,Failed,2025-11-01 03:35:48,Active
7514,HARUNA  PRINCESS ALHERI,GNS114,32.0,N-FIRST-YEAR-FIRST-SEMESTER,SET47,0,32.0,Failed,2025-11-01 03:35:48,Active
7514,HARUNA  PRINCESS ALHERI,GST111,48.0,N-FIRST-YEAR-FIRST-SEMESTER,SET47,0,48.0,Failed,2025-11-01 03:35:48,Active
7514,HARUNA  PRINCESS ALHERI,GST112,40.0,N-FIRST-YEAR-FIRST-SEMESTER,SET47,0,40.0,Failed,2025-11-01 03:35:48,Active
7514,HARUNA  PRINCESS ALHERI,GST113,24.0,N-FIRST-YEAR-FIRST-SEMESTER,SET47,0,24.0,Failed,2025-11-01 03:35:48,Active
