EXAMS NUMBER,NAME,COURSE CODE,ORIGINAL SCORE,SEMESTER,SET,RESIT ATTEMPTS,BEST SCORE,STATUS,IDENTIFIED DATE,OVERALL_STATUS
7474,ATUMAH NAYSA CHIOMA,GNS112,30.0,N-FIRST-YEAR-FIRST-SEMESTER,SET47,0,30.0,Failed,2025-11-01 03:35:48,Active
7474,ATUMAH NAYSA CHIOMA,GNS113,26.0,N-FIRST-YEAR-FIRST-SEMESTER,SET47,0,26.0,Failed,2025-11-01 03:35:48,Active
7474,ATUMAH NAYSA CHIOMA,GNS114,36.0,N-FIRST-YEAR-FIRST-SEMESTER,SET47,0,36.0,Failed,2025-11-01 03:35:48,Active
7474,ATUMAH NAYSA CHIOMA,GST112,38.0,N-FIRST-YEAR-FIRST-SEMESTER,SET47,0,38.0,Failed,2025-11-01 03:35:48,Active
7474,ATUMAH NAYSA CHIOMA,GST114,46.0,N-FIRST-YEAR-FIRST-SEMESTER,SET47,0,46.0,Failed,2025-11-01 03:35:48,Active
7474,ATUMAH NAYSA CHIOMA,GST115,49.0,N-FIRST-YEAR-FIRST-SEMESTER,SET47,0,49.0,Failed,2025-11-01 03:35:48,Active
