EXAMS NUMBER,NAME,COURSE CODE,ORIGINAL SCORE,SEMESTER,SET,RESIT ATTEMPTS,BEST SCORE,STATUS,IDENTIFIED DATE,OVERALL_STATUS
7600,PHILIP EFFORT,GNS112,35.0,N-FIRST-YEAR-FIRST-SEMESTER,SET47,0,35.0,Failed,2025-11-01 03:35:48,Active
7600,PHILIP EFFORT,GST111,22.0,N-FIRST-YEAR-FIRST-SEMESTER,SET47,0,22.0,Failed,2025-11-01 03:35:48,Active
7600,PHILIP EFFORT,GST112,39.0,N-FIRST-YEAR-FIRST-SEMESTER,SET47,0,39.0,Failed,2025-11-01 03:35:48,Active
7600,PHILIP EFFORT,GST113,44.0,N-FIRST-YEAR-FIRST-SEMESTER,SET47,0,44.0,Failed,2025-11-01 03:35:48,Active
7600,PHILIP EFFORT,GST114,42.0,N-FIRST-YEAR-FIRST-SEMESTER,SET47,0,42.0,Failed,2025-11-01 03:35:48,Active
7600,PHILIP EFFORT,GST115,23.0,N-FIRST-YEAR-FIRST-SEMESTER,SET47,0,23.0,Failed,2025-11-01 03:35:48,Active
