EXAMS NUMBER,NAME,COURSE CODE,ORIGINAL SCORE,SEMESTER,SET,RESIT ATTEMPTS,BEST SCORE,STATUS,IDENTIFIED DATE,OVERALL_STATUS
7635,YAKUBU HALIMA SADIYA,GNS112,24.0,N-FIRST-YEAR-FIRST-SEMESTER,SET47,0,24.0,Failed,2025-11-01 03:35:48,Active
7635,YAKUBU HALIMA SADIYA,GNS113,34.0,N-FIRST-YEAR-FIRST-SEMESTER,SET47,0,34.0,Failed,2025-11-01 03:35:48,Active
7635,YAKUBU HALIMA SADIYA,GST111,36.0,N-FIRST-YEAR-FIRST-SEMESTER,SET47,0,36.0,Failed,2025-11-01 03:35:48,Active
7635,YAKUBU HALIMA SADIYA,GST113,39.0,N-FIRST-YEAR-FIRST-SEMESTER,SET47,0,39.0,Failed,2025-11-01 03:35:48,Active
7635,YAKUBU HALIMA SADIYA,GST115,46.0,N-FIRST-YEAR-FIRST-SEMESTER,SET47,0,46.0,Failed,2025-11-01 03:35:48,Active
