EXAMS NUMBER,NAME,COURSE CODE,ORIGINAL SCORE,SEMESTER,SET,RESIT ATTEMPTS,BEST SCORE,STATUS,IDENTIFIED DATE,OVERALL_STATUS
7530,ISMAIL RUKAYAT,GNS112,40.0,N-FIRST-YEAR-FIRST-SEMESTER,SET47,0,40.0,Failed,2025-11-01 03:35:48,Active
7530,ISMAIL RUKAYAT,GNS113,22.0,N-FIRST-YEAR-FIRST-SEMESTER,SET47,0,22.0,Failed,2025-11-01 03:35:48,Active
7530,ISMAIL RUKAYAT,GNS114,44.0,N-FIRST-YEAR-FIRST-SEMESTER,SET47,0,44.0,Failed,2025-11-01 03:35:48,Active
7530,ISMAIL RUKAYAT,GST112,24.0,N-FIRST-YEAR-FIRST-SEMESTER,SET47,0,24.0,Failed,2025-11-01 03:35:48,Active
7530,ISMAIL RUKAYAT,GST113,40.0,N-FIRST-YEAR-FIRST-SEMESTER,SET47,0,40.0,Failed,2025-11-01 03:35:48,Active
