EXAMS NUMBER,NAME,COURSE CODE,ORIGINAL SCORE,SEMESTER,SET,RESIT ATTEMPTS,BEST SCORE,STATUS,IDENTIFIED DATE,OVERALL_STATUS
7483,BALA CHRISTOPHER BLAYA,GNS111,39.0,N-FIRST-YEAR-FIRST-SEMESTER,SET47,0,39.0,Failed,2025-11-01 03:35:48,Active
7483,BALA CHRISTOPHER BLAYA,GNS112,38.0,N-FIRST-YEAR-FIRST-SEMESTER,SET47,0,38.0,Failed,2025-11-01 03:35:48,Active
7483,BALA CHRISTOPHER BLAYA,GST113,44.0,N-FIRST-YEAR-FIRST-SEMESTER,SET47,0,44.0,Failed,2025-11-01 03:35:48,Active
7483,BALA CHRISTOPHER BLAYA,GST115,41.0,N-FIRST-YEAR-FIRST-SEMESTER,SET47,0,41.0,Failed,2025-11-01 03:35:48,Active
