EXAMS NUMBER,NAME,COURSE CODE,ORIGINAL SCORE,SEMESTER,SET,RESIT ATTEMPTS,BEST SCORE,STATUS,IDENTIFIED DATE,OVERALL_STATUS
7581,OKAM BELIEVE  ONENO,GNS113,35.0,N-FIRST-YEAR-FIRST-SEMESTER,SET47,0,35.0,Failed,2025-11-01 03:35:48,Active
7581,OKAM BELIEVE  ONENO,GNS114,41.0,N-FIRST-YEAR-FIRST-SEMESTER,SET47,0,41.0,Failed,2025-11-01 03:35:48,Active
7581,OKAM BELIEVE  ONENO,GST111,36.0,N-FIRST-YEAR-FIRST-SEMESTER,SET47,0,36.0,Failed,2025-11-01 03:35:48,Active
7581,OKAM BELIEVE  ONENO,GST112,48.0,N-FIRST-YEAR-FIRST-SEMESTER,SET47,0,48.0,Failed,2025-11-01 03:35:48,Active
7581,OKAM BELIEVE  ONENO,GST114,14.0,N-FIRST-YEAR-FIRST-SEMESTER,SET47,0,14.0,Failed,2025-11-01 03:35:48,Active
