EXAMS NUMBER,NAME,COURSE CODE,ORIGINAL SCORE,SEMESTER,SET,RESIT ATTEMPTS,BEST SCORE,STATUS,IDENTIFIED DATE,OVERALL_STATUS
7590,ONAKOYA TAIWO FOLAKEMI,GNS111,37.0,N-FIRST-YEAR-FIRST-SEMESTER,SET47,0,37.0,Failed,2025-11-01 03:35:48,Active
7590,ONAKOYA TAIWO FOLAKEMI,GNS114,28.0,N-FIRST-YEAR-FIRST-SEMESTER,SET47,0,28.0,Failed,2025-11-01 03:35:48,Active
7590,ONAKOYA TAIWO FOLAKEMI,GST112,35.0,N-FIRST-YEAR-FIRST-SEMESTER,SET47,0,35.0,Failed,2025-11-01 03:35:48,Active
7590,ONAKOYA TAIWO FOLAKEMI,GST113,48.0,N-FIRST-YEAR-FIRST-SEMESTER,SET47,0,48.0,Failed,2025-11-01 03:35:48,Active
7590,ONAKOYA TAIWO FOLAKEMI,GST115,44.0,N-FIRST-YEAR-FIRST-SEMESTER,SET47,0,44.0,Failed,2025-11-01 03:35:48,Active
