EXAMS NUMBER,NAME,COURSE CODE,ORIGINAL SCORE,SEMESTER,SET,RESIT ATTEMPTS,BEST SCORE,STATUS,IDENTIFIED DATE,OVERALL_STATUS
7560,MOSES ESTHER SATI,GNS112,22.0,N-FIRST-YEAR-FIRST-SEMESTER,SET47,0,22.0,Failed,2025-11-01 03:35:48,Active
7560,MOSES ESTHER SATI,GST111,33.0,N-FIRST-YEAR-FIRST-SEMESTER,SET47,0,33.0,Failed,2025-11-01 03:35:48,Active
7560,MOSES ESTHER SATI,GST114,38.0,N-FIRST-YEAR-FIRST-SEMESTER,SET47,0,38.0,Failed,2025-11-01 03:35:48,Active
7560,MOSES ESTHER SATI,GST115,40.0,N-FIRST-YEAR-FIRST-SEMESTER,SET47,0,40.0,Failed,2025-11-01 03:35:48,Active
