EXAMS NUMBER,NAME,COURSE CODE,ORIGINAL SCORE,SEMESTER,SET,RESIT ATTEMPTS,BEST SCORE,STATUS,IDENTIFIED DATE,OVERALL_STATUS
7553,MICHAEL  OGHENEKOME FAVOUR,GNS113,44.0,N-FIRST-YEAR-FIRST-SEMESTER,SET47,0,44.0,Failed,2025-11-01 03:35:48,Active
7553,MICHAEL  OGHENEKOME FAVOUR,GST112,48.0,N-FIRST-YEAR-FIRST-SEMESTER,SET47,0,48.0,Failed,2025-11-01 03:35:48,Active
7553,MICHAEL  OGHENEKOME FAVOUR,GST113,30.0,N-FIRST-YEAR-FIRST-SEMESTER,SET47,0,30.0,Failed,2025-11-01 03:35:48,Active
7553,MICHAEL  OGHENEKOME FAVOUR,GST114,43.0,N-FIRST-YEAR-FIRST-SEMESTER,SET47,0,43.0,Failed,2025-11-01 03:35:48,Active
7553,MICHAEL  OGHENEKOME FAVOUR,GST115,30.0,N-FIRST-YEAR-FIRST-SEMESTER,SET47,0,30.0,Failed,2025-11-01 03:35:48,Active
