EXAMS NUMBER,NAME,COURSE CODE,ORIGINAL SCORE,SEMESTER,SET,RESIT ATTEMPTS,BEST SCORE,STATUS,IDENTIFIED DATE,OVERALL_STATUS
7462,ALIU MARTHA ODUFA,GNS111,31.0,N-FIRST-YEAR-FIRST-SEMESTER,SET47,0,31.0,Failed,2025-11-01 03:35:48,Active
7462,ALIU MARTHA ODUFA,GNS113,15.0,N-FIRST-YEAR-FIRST-SEMESTER,SET47,0,15.0,Failed,2025-11-01 03:35:48,Active
7462,ALIU MARTHA ODUFA,GNS114,44.0,N-FIRST-YEAR-FIRST-SEMESTER,SET47,0,44.0,Failed,2025-11-01 03:35:48,Active
7462,ALIU MARTHA ODUFA,GST114,20.0,N-FIRST-YEAR-FIRST-SEMESTER,SET47,0,20.0,Failed,2025-11-01 03:35:48,Active
7462,ALIU MARTHA ODUFA,GST115,44.0,N-FIRST-YEAR-FIRST-SEMESTER,SET47,0,44.0,Failed,2025-11-01 03:35:48,Active
