EXAMS NUMBER,NAME,COURSE CODE,ORIGINAL SCORE,SEMESTER,SET,RESIT ATTEMPTS,BEST SCORE,STATUS,IDENTIFIED DATE,OVERALL_STATUS
7546,MAHMOOD HAJARA ABDULLAHI,GNS111,48.0,N-FIRST-YEAR-FIRST-SEMESTER,SET47,0,48.0,Failed,2025-11-01 03:35:48,Active
7546,MAHMOOD HAJARA ABDULLAHI,GNS112,40.0,N-FIRST-YEAR-FIRST-SEMESTER,SET47,0,40.0,Failed,2025-11-01 03:35:48,Active
7546,MAHMOOD HAJARA ABDULLAHI,GNS113,26.0,N-FIRST-YEAR-FIRST-SEMESTER,SET47,0,26.0,Failed,2025-11-01 03:35:48,Active
7546,MAHMOOD HAJARA ABDULLAHI,GNS114,48.0,N-FIRST-YEAR-FIRST-SEMESTER,SET47,0,48.0,Failed,2025-11-01 03:35:48,Active
7546,MAHMOOD HAJARA ABDULLAHI,GST112,23.0,N-FIRST-YEAR-FIRST-SEMESTER,SET47,0,23.0,Failed,2025-11-01 03:35:48,Active
7546,MAHMOOD HAJARA ABDULLAHI,GST114,44.0,N-FIRST-YEAR-FIRST-SEMESTER,SET47,0,44.0,Failed,2025-11-01 03:35:48,Active
