EXAMS NUMBER,NAME,COURSE CODE,ORIGINAL SCORE,SEMESTER,SET,RESIT ATTEMPTS,BEST SCORE,STATUS,IDENTIFIED DATE,OVERALL_STATUS
7433,ABDULHAMID HAJARA,GNS111,36.0,N-FIRST-YEAR-FIRST-SEMESTER,SET47,0,36.0,Failed,2025-11-01 03:35:48,Active
7433,ABDULHAMID HAJARA,GNS112,38.0,N-FIRST-YEAR-FIRST-SEMESTER,SET47,0,38.0,Failed,2025-11-01 03:35:48,Active
7433,ABDULHAMID HAJARA,GNS113,48.0,N-FIRST-YEAR-FIRST-SEMESTER,SET47,0,48.0,Failed,2025-11-01 03:35:48,Active
7433,ABDULHAMID HAJARA,GST111,32.0,N-FIRST-YEAR-FIRST-SEMESTER,SET47,0,32.0,Failed,2025-11-01 03:35:48,Active
7433,ABDULHAMID HAJARA,GST112,13.0,N-FIRST-YEAR-FIRST-SEMESTER,SET47,0,13.0,Failed,2025-11-01 03:35:48,Active
7433,ABDULHAMID HAJARA,GST114,30.0,N-FIRST-YEAR-FIRST-SEMESTER,SET47,0,30.0,Failed,2025-11-01 03:35:48,Active
