EXAMS NUMBER,NAME,COURSE CODE,ORIGINAL SCORE,SEMESTER,SET,RESIT ATTEMPTS,BEST SCORE,STATUS,IDENTIFIED DATE,OVERALL_STATUS
7472,ANTHONY OBADIAH,GNS113,40.0,N-FIRST-YEAR-FIRST-SEMESTER,SET47,0,40.0,Failed,2025-11-01 03:35:48,Active
7472,ANTHONY OBADIAH,GST111,19.0,N-FIRST-YEAR-FIRST-SEMESTER,SET47,0,19.0,Failed,2025-11-01 03:35:48,Active
7472,ANTHONY OBADIAH,GST113,48.0,N-FIRST-YEAR-FIRST-SEMESTER,SET47,0,48.0,Failed,2025-11-01 03:35:48,Active
7472,ANTHONY OBADIAH,GST114,43.0,N-FIRST-YEAR-FIRST-SEMESTER,SET47,0,43.0,Failed,2025-11-01 03:35:48,Active
7472,ANTHONY OBADIAH,GST115,34.0,N-FIRST-YEAR-FIRST-SEMESTER,SET47,0,34.0,Failed,2025-11-01 03:35:48,Active
