EXAMS NUMBER,NAME,COURSE CODE,ORIGINAL SCORE,SEMESTER,SET,RESIT ATTEMPTS,BEST SCORE,STATUS,IDENTIFIED DATE,OVERALL_STATUS
7557,MOLOKWU ONYINYECHUKWU OLIVIA,GNS113,30.0,N-FIRST-YEAR-FIRST-SEMESTER,SET47,0,30.0,Failed,2025-11-01 03:35:48,Active
7557,MOLOKWU ONYINYECHUKWU OLIVIA,GNS114,38.0,N-FIRST-YEAR-FIRST-SEMESTER,SET47,0,38.0,Failed,2025-11-01 03:35:48,Active
7557,MOLOKWU ONYINYECHUKWU OLIVIA,GST114,45.0,N-FIRST-YEAR-FIRST-SEMESTER,SET47,0,45.0,Failed,2025-11-01 03:35:48,Active
7557,MOLOKWU ONYINYECHUKWU OLIVIA,GST115,13.0,N-FIRST-YEAR-FIRST-SEMESTER,SET47,0,13.0,Failed,2025-11-01 03:35:48,Active
