EXAMS NUMBER,NAME,COURSE CODE,ORIGINAL SCORE,SEMESTER,SET,RESIT ATTEMPTS,BEST SCORE,STATUS,IDENTIFIED DATE,OVERALL_STATUS
7564,MUHAMMAD ARSALA BAKO,GNS111,6.0,N-FIRST-YEAR-FIRST-SEMESTER,SET47,0,6.0,Failed,2025-11-01 03:35:48,Active
7564,MUHAMMAD ARSALA BAKO,GNS112,38.0,N-FIRST-YEAR-FIRST-SEMESTER,SET47,0,38.0,Failed,2025-11-01 03:35:48,Active
7564,MUHAMMAD ARSALA BAKO,GST112,33.0,N-FIRST-YEAR-FIRST-SEMESTER,SET47,0,33.0,Failed,2025-11-01 03:35:48,Active
7564,MUHAMMAD ARSALA BAKO,GST114,44.0,N-FIRST-YEAR-FIRST-SEMESTER,SET47,0,44.0,Failed,2025-11-01 03:35:48,Active
7564,MUHAMMAD ARSALA BAKO,GST115,26.0,N-FIRST-YEAR-FIRST-SEMESTER,SET47,0,26.0,Failed,2025-11-01 03:35:48,Active
