EXAMS NUMBER,NAME,COURSE CODE,ORIGINAL SCORE,SEMESTER,SET,RESIT ATTEMPTS,BEST SCORE,STATUS,IDENTIFIED DATE,OVERALL_STATUS
7616,TACHI DORCAS SHEKWOPAMBOLO,GNS111,20.0,N-FIRST-YEAR-FIRST-SEMESTER,SET47,0,20.0,Failed,2025-11-01 03:35:48,Active
7616,TACHI DORCAS SHEKWOPAMBOLO,GNS112,40.0,N-FIRST-YEAR-FIRST-SEMESTER,SET47,0,40.0,Failed,2025-11-01 03:35:48,Active
7616,TACHI DORCAS SHEKWOPAMBOLO,GNS113,26.0,N-FIRST-YEAR-FIRST-SEMESTER,SET47,0,26.0,Failed,2025-11-01 03:35:48,Active
7616,TACHI DORCAS SHEKWOPAMBOLO,GST111,41.0,N-FIRST-YEAR-FIRST-SEMESTER,SET47,0,41.0,Failed,2025-11-01 03:35:48,Active
7616,TACHI DORCAS SHEKWOPAMBOLO,GST112,34.0,N-FIRST-YEAR-FIRST-SEMESTER,SET47,0,34.0,Failed,2025-11-01 03:35:48,Active
7616,TACHI DORCAS SHEKWOPAMBOLO,GST114,46.0,N-FIRST-YEAR-FIRST-SEMESTER,SET47,0,46.0,Failed,2025-11-01 03:35:48,Active
7616,TACHI DORCAS SHEKWOPAMBOLO,GST115,41.0,N-FIRST-YEAR-FIRST-SEMESTER,SET47,0,41.0,Failed,2025-11-01 03:35:48,Active
