EXAMS NUMBER,NAME,COURSE CODE,ORIGINAL SCORE,SEMESTER,SET,RESIT ATTEMPTS,BEST SCORE,STATUS,IDENTIFIED DATE,OVERALL_STATUS
7613,SOLOMON  SHEDRACH ANYUDO,GNS113,49.0,N-FIRST-YEAR-FIRST-SEMESTER,SET47,0,49.0,Failed,2025-11-01 03:35:48,Active
7613,SOLOMON  SHEDRACH ANYUDO,GNS114,40.0,N-FIRST-YEAR-FIRST-SEMESTER,SET47,0,40.0,Failed,2025-11-01 03:35:48,Active
7613,SOLOMON  SHEDRACH ANYUDO,GST111,22.0,N-FIRST-YEAR-FIRST-SEMESTER,SET47,0,22.0,Failed,2025-11-01 03:35:48,Active
7613,SOLOMON  SHEDRACH ANYUDO,GST113,35.0,N-FIRST-YEAR-FIRST-SEMESTER,SET47,0,35.0,Failed,2025-11-01 03:35:48,Active
7613,SOLOMON  SHEDRACH ANYUDO,GST114,36.0,N-FIRST-YEAR-FIRST-SEMESTER,SET47,0,36.0,Failed,2025-11-01 03:35:48,Active
7613,SOLOMON  SHEDRACH ANYUDO,GST115,48.0,N-FIRST-YEAR-FIRST-SEMESTER,SET47,0,48.0,Failed,2025-11-01 03:35:48,Active
