EXAMS NUMBER,NAME,COURSE CODE,ORIGINAL SCORE,SEMESTER,SET,RESIT ATTEMPTS,BEST SCORE,STATUS,IDENTIFIED DATE,OVERALL_STATUS
7568,MUSA  MAIMUNAT ABUBAKAR,GNS111,36.0,N-FIRST-YEAR-FIRST-SEMESTER,SET47,0,36.0,Failed,2025-11-01 03:35:48,Active
7568,MUSA  MAIMUNAT ABUBAKAR,GNS112,37.0,N-FIRST-YEAR-FIRST-SEMESTER,SET47,0,37.0,Failed,2025-11-01 03:35:48,Active
7568,MUSA  MAIMUNAT ABUBAKAR,GNS113,26.0,N-FIRST-YEAR-FIRST-SEMESTER,SET47,0,26.0,Failed,2025-11-01 03:35:48,Active
7568,MUSA  MAIMUNAT ABUBAKAR,GNS114,44.0,N-FIRST-YEAR-FIRST-SEMESTER,SET47,0,44.0,Failed,2025-11-01 03:35:48,Active
7568,MUSA  MAIMUNAT ABUBAKAR,GST112,24.0,N-FIRST-YEAR-FIRST-SEMESTER,SET47,0,24.0,Failed,2025-11-01 03:35:48,Active
7568,MUSA  MAIMUNAT ABUBAKAR,GST113,38.0,N-FIRST-YEAR-FIRST-SEMESTER,SET47,0,38.0,Failed,2025-11-01 03:35:48,Active
7568,MUSA  MAIMUNAT ABUBAKAR,GST114,32.0,N-FIRST-YEAR-FIRST-SEMESTER,SET47,0,32.0,Failed,2025-11-01 03:35:48,Active
7568,MUSA  MAIMUNAT ABUBAKAR,GST115,44.0,N-FIRST-YEAR-FIRST-SEMESTER,SET47,0,44.0,Failed,2025-11-01 03:35:48,Active
