EXAMS NUMBER,NAME,COURSE CODE,ORIGINAL SCORE,SEMESTER,SET,RESIT ATTEMPTS,BEST SCORE,STATUS,IDENTIFIED DATE,OVERALL_STATUS
7565,MUHAMMAD DAWUD LAKPA,GNS111,47.0,N-FIRST-YEAR-FIRST-SEMESTER,SET47,0,47.0,Failed,2025-11-01 03:35:48,Active
7565,MUHAMMAD DAWUD LAKPA,GNS112,48.0,N-FIRST-YEAR-FIRST-SEMESTER,SET47,0,48.0,Failed,2025-11-01 03:35:48,Active
7565,MUHAMMAD DAWUD LAKPA,GNS114,45.0,N-FIRST-YEAR-FIRST-SEMESTER,SET47,0,45.0,Failed,2025-11-01 03:35:48,Active
7565,MUHAMMAD DAWUD LAKPA,GST111,17.0,N-FIRST-YEAR-FIRST-SEMESTER,SET47,0,17.0,Failed,2025-11-01 03:35:48,Active
7565,MUHAMMAD DAWUD LAKPA,GST112,28.0,N-FIRST-YEAR-FIRST-SEMESTER,SET47,0,28.0,Failed,2025-11-01 03:35:48,Active
7565,MUHAMMAD DAWUD LAKPA,GST113,19.0,N-FIRST-YEAR-FIRST-SEMESTER,SET47,0,19.0,Failed,2025-11-01 03:35:48,Active
7565,MUHAMMAD DAWUD LAKPA,GST114,39.0,N-FIRST-YEAR-FIRST-SEMESTER,SET47,0,39.0,Failed,2025-11-01 03:35:48,Active
7565,MUHAMMAD DAWUD LAKPA,GST115,33.0,N-FIRST-YEAR-FIRST-SEMESTER,SET47,0,33.0,Failed,2025-11-01 03:35:48,Active
