EXAMS NUMBER,NAME,COURSE CODE,ORIGINAL SCORE,SEMESTER,SET,RESIT ATTEMPTS,BEST SCORE,STATUS,IDENTIFIED DATE,OVERALL_STATUS
7612,SHUAIBU MUSTAPHA IBRAHIM,GNS114,28.0,N-FIRST-YEAR-FIRST-SEMESTER,SET47,0,28.0,Failed,2025-11-01 03:35:48,Active
7612,SHUAIBU MUSTAPHA IBRAHIM,GST111,33.0,N-FIRST-YEAR-FIRST-SEMESTER,SET47,0,33.0,Failed,2025-11-01 03:35:48,Active
7612,SHUAIBU MUSTAPHA IBRAHIM,GST112,25.0,N-FIRST-YEAR-FIRST-SEMESTER,SET47,0,25.0,Failed,2025-11-01 03:35:48,Active
7612,SHUAIBU MUSTAPHA IBRAHIM,GST113,40.0,N-FIRST-YEAR-FIRST-SEMESTER,SET47,0,40.0,Failed,2025-11-01 03:35:48,Active
7612,SHUAIBU MUSTAPHA IBRAHIM,GST114,46.0,N-FIRST-YEAR-FIRST-SEMESTER,SET47,0,46.0,Failed,2025-11-01 03:35:48,Active
7612,SHUAIBU MUSTAPHA IBRAHIM,GST115,22.0,N-FIRST-YEAR-FIRST-SEMESTER,SET47,0,22.0,Failed,2025-11-01 03:35:48,Active
