EXAMS NUMBER,NAME,COURSE CODE,ORIGINAL SCORE,SEMESTER,SET,RESIT ATTEMPTS,BEST SCORE,STATUS,IDENTIFIED DATE,OVERALL_STATUS
7450,ADEKOYA SAMUEL EBUNOLUWA,GNS111,46.0,N-FIRST-YEAR-FIRST-SEMESTER,SET47,0,46.0,Failed,2025-11-01 03:35:48,Active
7450,ADEKOYA SAMUEL EBUNOLUWA,GNS112,40.0,N-FIRST-YEAR-FIRST-SEMESTER,SET47,0,40.0,Failed,2025-11-01 03:35:48,Active
7450,ADEKOYA SAMUEL EBUNOLUWA,GNS113,26.0,N-FIRST-YEAR-FIRST-SEMESTER,SET47,0,26.0,Failed,2025-11-01 03:35:48,Active
7450,ADEKOYA SAMUEL EBUNOLUWA,GST111,34.0,N-FIRST-YEAR-FIRST-SEMESTER,SET47,0,34.0,Failed,2025-11-01 03:35:48,Active
7450,ADEKOYA SAMUEL EBUNOLUWA,GST112,32.0,N-FIRST-YEAR-FIRST-SEMESTER,SET47,0,32.0,Failed,2025-11-01 03:35:48,Active
7450,ADEKOYA SAMUEL EBUNOLUWA,GST114,48.0,N-FIRST-YEAR-FIRST-SEMESTER,SET47,0,48.0,Failed,2025-11-01 03:35:48,Active
