EXAMS NUMBER,NAME,COURSE CODE,ORIGINAL SCORE,SEMESTER,SET,RESIT ATTEMPTS,BEST SCORE,STATUS,IDENTIFIED DATE,OVERALL_STATUS
7587,OMOERA PRISCILLA ONEYI,GNS111,42.0,N-FIRST-YEAR-FIRST-SEMESTER,SET47,0,42.0,Failed,2025-11-01 03:35:48,Active
7587,OMOERA PRISCILLA ONEYI,GNS112,37.0,N-FIRST-YEAR-FIRST-SEMESTER,SET47,0,37.0,Failed,2025-11-01 03:35:48,Active
7587,OMOERA PRISCILLA ONEYI,GNS113,34.0,N-FIRST-YEAR-FIRST-SEMESTER,SET47,0,34.0,Failed,2025-11-01 03:35:48,Active
7587,OMOERA PRISCILLA ONEYI,GNS114,42.0,N-FIRST-YEAR-FIRST-SEMESTER,SET47,0,42.0,Failed,2025-11-01 03:35:48,Active
7587,OMOERA PRISCILLA ONEYI,GST111,42.0,N-FIRST-YEAR-FIRST-SEMESTER,SET47,0,42.0,Failed,2025-11-01 03:35:48,Active
