EXAMS NUMBER,NAME,COURSE CODE,ORIGINAL SCORE,SEMESTER,SET,RESIT ATTEMPTS,BEST SCORE,STATUS,IDENTIFIED DATE,OVERALL_STATUS
7633,YAKUBU AMEER HASSAN,GNS112,31.0,N-FIRST-YEAR-FIRST-SEMESTER,SET47,0,31.0,Failed,2025-11-01 03:35:48,Active
7633,YAKUBU AMEER HASSAN,GNS113,27.0,N-FIRST-YEAR-FIRST-SEMESTER,SET47,0,27.0,Failed,2025-11-01 03:35:48,Active
7633,YAKUBU AMEER HASSAN,GNS114,34.0,N-FIRST-YEAR-FIRST-SEMESTER,SET47,0,34.0,Failed,2025-11-01 03:35:48,Active
7633,YAKUBU AMEER HASSAN,GST111,31.0,N-FIRST-YEAR-FIRST-SEMESTER,SET47,0,31.0,Failed,2025-11-01 03:35:48,Active
7633,YAKUBU AMEER HASSAN,GST112,4.0,N-FIRST-YEAR-FIRST-SEMESTER,SET47,0,4.0,Failed,2025-11-01 03:35:48,Active
7633,YAKUBU AMEER HASSAN,GST113,48.0,N-FIRST-YEAR-FIRST-SEMESTER,SET47,0,48.0,Failed,2025-11-01 03:35:48,Active
