EXAMS NUMBER,NAME,COURSE CODE,ORIGINAL SCORE,SEMESTER,SET,RESIT ATTEMPTS,BEST SCORE,STATUS,IDENTIFIED DATE,OVERALL_STATUS
7495,DOKIH BLESSING IVREN,GNS112,49.0,N-FIRST-YEAR-FIRST-SEMESTER,SET47,0,49.0,Failed,2025-11-01 03:35:48,Active
7495,DOKIH BLESSING IVREN,GNS113,30.0,N-FIRST-YEAR-FIRST-SEMESTER,SET47,0,30.0,Failed,2025-11-01 03:35:48,Active
7495,DOKIH BLESSING IVREN,GST111,26.0,N-FIRST-YEAR-FIRST-SEMESTER,SET47,0,26.0,Failed,2025-11-01 03:35:48,Active
7495,DOKIH BLESSING IVREN,GST112,42.0,N-FIRST-YEAR-FIRST-SEMESTER,SET47,0,42.0,Failed,2025-11-01 03:35:48,Active
