EXAMS NUMBER,NAME,COURSE CODE,ORIGINAL SCORE,SEMESTER,SET,RESIT ATTEMPTS,BEST SCORE,STATUS,IDENTIFIED DATE,OVERALL_STATUS
7436,ABDULLAHI ZULAIHAT,GNS112,32.0,N-FIRST-YEAR-FIRST-SEMESTER,SET47,0,32.0,Failed,2025-11-01 03:35:48,Active
7436,ABDULLAHI ZULAIHAT,GNS113,28.0,N-FIRST-YEAR-FIRST-SEMESTER,SET47,0,28.0,Failed,2025-11-01 03:35:48,Active
7436,ABDULLAHI ZULAIHAT,GST111,10.0,N-FIRST-YEAR-FIRST-SEMESTER,SET47,0,10.0,Failed,2025-11-01 03:35:48,Active
7436,ABDULLAHI ZULAIHAT,GST112,14.0,N-FIRST-YEAR-FIRST-SEMESTER,SET47,0,14.0,Failed,2025-11-01 03:35:48,Active
7436,ABDULLAHI ZULAIHAT,GST113,29.0,N-FIRST-YEAR-FIRST-SEMESTER,SET47,0,29.0,Failed,2025-11-01 03:35:48,Active
7436,ABDULLAHI ZULAIHAT,GST114,31.0,N-FIRST-YEAR-FIRST-SEMESTER,SET47,0,31.0,Failed,2025-11-01 03:35:48,Active
