EXAMS NUMBER,NAME,COURSE CODE,ORIGINAL SCORE,SEMESTER,SET,RESIT ATTEMPTS,BEST SCORE,STATUS,IDENTIFIED DATE,OVERALL_STATUS
7585,OLUWADAMILARE BLESSING RUTH,GNS111,32.0,N-FIRST-YEAR-FIRST-SEMESTER,SET47,0,32.0,Failed,2025-11-01 03:35:48,Active
7585,OLUWADAMILARE BLESSING RUTH,GNS113,32.0,N-FIRST-YEAR-FIRST-SEMESTER,SET47,0,32.0,Failed,2025-11-01 03:35:48,Active
7585,OLUWADAMILARE BLESSING RUTH,GST113,41.0,N-FIRST-YEAR-FIRST-SEMESTER,SET47,0,41.0,Failed,2025-11-01 03:35:48,Active
7585,OLUWADAMILARE BLESSING RUTH,GST114,16.0,N-FIRST-YEAR-FIRST-SEMESTER,SET47,0,16.0,Failed,2025-11-01 03:35:48,Active
