EXAMS NUMBER,NAME,COURSE CODE,ORIGINAL SCORE,SEMESTER,SET,RESIT ATTEMPTS,BEST SCORE,STATUS,IDENTIFIED DATE,OVERALL_STATUS
7555,MOHAMMED  SULEIMAN,GNS111,44.0,N-FIRST-YEAR-FIRST-SEMESTER,SET47,0,44.0,Failed,2025-11-01 03:35:48,Active
7555,MOHAMMED  SULEIMAN,GNS114,45.0,N-FIRST-YEAR-FIRST-SEMESTER,SET47,0,45.0,Failed,2025-11-01 03:35:48,Active
7555,MOHAMMED  SULEIMAN,GST111,38.0,N-FIRST-YEAR-FIRST-SEMESTER,SET47,0,38.0,Failed,2025-11-01 03:35:48,Active
7555,MOHAMMED  SULEIMAN,GST115,38.0,N-FIRST-YEAR-FIRST-SEMESTER,SET47,0,38.0,Failed,2025-11-01 03:35:48,Active
