EXAMS NUMBER,NAME,COURSE CODE,ORIGINAL SCORE,SEMESTER,SET,RESIT ATTEMPTS,BEST SCORE,STATUS,IDENTIFIED DATE,OVERALL_STATUS
7492,DAVID JIKHIRIT FAITH,GNS112,28.0,N-FIRST-YEAR-FIRST-SEMESTER,SET47,0,28.0,Failed,2025-11-01 03:35:48,Active
7492,DAVID JIKHIRIT FAITH,GNS113,32.0,N-FIRST-YEAR-FIRST-SEMESTER,SET47,0,32.0,Failed,2025-11-01 03:35:48,Active
7492,DAVID JIKHIRIT FAITH,GST112,6.0,N-FIRST-YEAR-FIRST-SEMESTER,SET47,0,6.0,Failed,2025-11-01 03:35:48,Active
7492,DAVID JIKHIRIT FAITH,GST115,25.0,N-FIRST-YEAR-FIRST-SEMESTER,SET47,0,25.0,Failed,2025-11-01 03:35:48,Active
