EXAMS NUMBER,NAME,COURSE CODE,ORIGINAL SCORE,SEMESTER,SET,RESIT ATTEMPTS,BEST SCORE,STATUS,IDENTIFIED DATE,OVERALL_STATUS
7509,FAKEYE SHADRACH OLUWAKOREDE,GNS111,30.0,N-FIRST-YEAR-FIRST-SEMESTER,SET47,0,30.0,Failed,2025-11-01 03:35:48,Active
7509,FAKEYE SHADRACH OLUWAKOREDE,GNS112,34.0,N-FIRST-YEAR-FIRST-SEMESTER,SET47,0,34.0,Failed,2025-11-01 03:35:48,Active
7509,FAKEYE SHADRACH OLUWAKOREDE,GNS114,34.0,N-FIRST-YEAR-FIRST-SEMESTER,SET47,0,34.0,Failed,2025-11-01 03:35:48,Active
7509,FAKEYE SHADRACH OLUWAKOREDE,GST114,38.0,N-FIRST-YEAR-FIRST-SEMESTER,SET47,0,38.0,Failed,2025-11-01 03:35:48,Active
7509,FAKEYE SHADRACH OLUWAKOREDE,GST115,31.0,N-FIRST-YEAR-FIRST-SEMESTER,SET47,0,31.0,Failed,2025-11-01 03:35:48,Active
