EXAMS NUMBER,NAME,COURSE CODE,ORIGINAL SCORE,SEMESTER,SET,RESIT ATTEMPTS,BEST SCORE,STATUS,IDENTIFIED DATE,OVERALL_STATUS
7626,UNUABOR PHILIP OSEIWE,GNS113,14.0,N-FIRST-YEAR-FIRST-SEMESTER,SET47,0,14.0,Failed,2025-11-01 03:35:48,Active
7626,UNUABOR PHILIP OSEIWE,GST111,22.0,N-FIRST-YEAR-FIRST-SEMESTER,SET47,0,22.0,Failed,2025-11-01 03:35:48,Active
7626,UNUABOR PHILIP OSEIWE,GST112,40.0,N-FIRST-YEAR-FIRST-SEMESTER,SET47,0,40.0,Failed,2025-11-01 03:35:48,Active
7626,UNUABOR PHILIP OSEIWE,GST115,22.0,N-FIRST-YEAR-FIRST-SEMESTER,SET47,0,22.0,Failed,2025-11-01 03:35:48,Active
