EXAMS NUMBER,NAME,COURSE CODE,ORIGINAL SCORE,SEMESTER,SET,RESIT ATTEMPTS,BEST SCORE,STATUS,IDENTIFIED DATE,OVERALL_STATUS
7543,LAWAL GLORY IFEOLUWA,GNS111,27.0,N-FIRST-YEAR-FIRST-SEMESTER,SET47,0,27.0,Failed,2025-11-01 03:35:48,Active
7543,LAWAL GLORY IFEOLUWA,GNS114,40.0,N-FIRST-YEAR-FIRST-SEMESTER,SET47,0,40.0,Failed,2025-11-01 03:35:48,Active
7543,LAWAL GLORY IFEOLUWA,GST111,46.0,N-FIRST-YEAR-FIRST-SEMESTER,SET47,0,46.0,Failed,2025-11-01 03:35:48,Active
7543,LAWAL GLORY IFEOLUWA,GST114,45.0,N-FIRST-YEAR-FIRST-SEMESTER,SET47,0,45.0,Failed,2025-11-01 03:35:48,Active
7543,LAWAL GLORY IFEOLUWA,GST115,37.0,N-FIRST-YEAR-FIRST-SEMESTER,SET47,0,37.0,Failed,2025-11-01 03:35:48,Active
