EXAMS NUMBER,NAME,COURSE CODE,ORIGINAL SCORE,SEMESTER,SET,RESIT ATTEMPTS,BEST SCORE,STATUS,IDENTIFIED DATE,OVERALL_STATUS
7547,MAIWADA MARIYA ALI,GNS112,30.0,N-FIRST-YEAR-FIRST-SEMESTER,SET47,0,30.0,Failed,2025-11-01 03:35:48,Active
7547,MAIWADA MARIYA ALI,GNS114,25.0,N-FIRST-YEAR-FIRST-SEMESTER,SET47,0,25.0,Failed,2025-11-01 03:35:48,Active
7547,MAIWADA MARIYA ALI,GST111,48.0,N-FIRST-YEAR-FIRST-SEMESTER,SET47,0,48.0,Failed,2025-11-01 03:35:48,Active
7547,MAIWADA MARIYA ALI,GST112,44.0,N-FIRST-YEAR-FIRST-SEMESTER,SET47,0,44.0,Failed,2025-11-01 03:35:48,Active
7547,MAIWADA MARIYA ALI,GST113,48.0,N-FIRST-YEAR-FIRST-SEMESTER,SET47,0,48.0,Failed,2025-11-01 03:35:48,Active
7547,MAIWADA MARIYA ALI,GST114,36.0,N-FIRST-YEAR-FIRST-SEMESTER,SET47,0,36.0,Failed,2025-11-01 03:35:48,Active
