EXAMS NUMBER,NAME,COURSE CODE,ORIGINAL SCORE,SEMESTER,SET,RESIT ATTEMPTS,BEST SCORE,STATUS,IDENTIFIED DATE,OVERALL_STATUS
7594,OTTAH PRECIOUS HILARY,GNS111,39.0,N-FIRST-YEAR-FIRST-SEMESTER,SET47,0,39.0,Failed,2025-11-01 03:35:48,Active
7594,OTTAH PRECIOUS HILARY,GNS112,44.0,N-FIRST-YEAR-FIRST-SEMESTER,SET47,0,44.0,Failed,2025-11-01 03:35:48,Active
7594,OTTAH PRECIOUS HILARY,GNS113,30.0,N-FIRST-YEAR-FIRST-SEMESTER,SET47,0,30.0,Failed,2025-11-01 03:35:48,Active
7594,OTTAH PRECIOUS HILARY,GNS114,46.0,N-FIRST-YEAR-FIRST-SEMESTER,SET47,0,46.0,Failed,2025-11-01 03:35:48,Active
7594,OTTAH PRECIOUS HILARY,GST111,46.0,N-FIRST-YEAR-FIRST-SEMESTER,SET47,0,46.0,Failed,2025-11-01 03:35:48,Active
7594,OTTAH PRECIOUS HILARY,GST113,20.0,N-FIRST-YEAR-FIRST-SEMESTER,SET47,0,20.0,Failed,2025-11-01 03:35:48,Active
7594,OTTAH PRECIOUS HILARY,GST114,39.0,N-FIRST-YEAR-FIRST-SEMESTER,SET47,0,39.0,Failed,2025-11-01 03:35:48,Active
