EXAMS NUMBER,NAME,COURSE CODE,ORIGINAL SCORE,SEMESTER,SET,RESIT ATTEMPTS,BEST SCORE,STATUS,IDENTIFIED DATE,OVERALL_STATUS
7540,KALU IKECHUKWU IDIKA,GNS111,40.0,N-FIRST-YEAR-FIRST-SEMESTER,SET47,0,40.0,Failed,2025-11-01 03:35:48,Active
7540,KALU IKECHUKWU IDIKA,GNS113,32.0,N-FIRST-YEAR-FIRST-SEMESTER,SET47,0,32.0,Failed,2025-11-01 03:35:48,Active
7540,KALU IKECHUKWU IDIKA,GST111,44.0,N-FIRST-YEAR-FIRST-SEMESTER,SET47,0,44.0,Failed,2025-11-01 03:35:48,Active
7540,KALU IKECHUKWU IDIKA,GST112,36.0,N-FIRST-YEAR-FIRST-SEMESTER,SET47,0,36.0,Failed,2025-11-01 03:35:48,Active
7540,KALU IKECHUKWU IDIKA,GST113,20.0,N-FIRST-YEAR-FIRST-SEMESTER,SET47,0,20.0,Failed,2025-11-01 03:35:48,Active
7540,KALU IKECHUKWU IDIKA,GST114,36.0,N-FIRST-YEAR-FIRST-SEMESTER,SET47,0,36.0,Failed,2025-11-01 03:35:48,Active
7540,KALU IKECHUKWU IDIKA,GST115,47.0,N-FIRST-YEAR-FIRST-SEMESTER,SET47,0,47.0,Failed,2025-11-01 03:35:48,Active
