EXAMS NUMBER,NAME,COURSE CODE,ORIGINAL SCORE,SEMESTER,SET,RESIT ATTEMPTS,BEST SCORE,STATUS,IDENTIFIED DATE,OVERALL_STATUS
7551,MENSAH PRAISE CHIOMA,GNS112,8.0,N-FIRST-YEAR-FIRST-SEMESTER,SET47,0,8.0,Failed,2025-11-01 03:35:48,Active
7551,MENSAH PRAISE CHIOMA,GST112,49.0,N-FIRST-YEAR-FIRST-SEMESTER,SET47,0,49.0,Failed,2025-11-01 03:35:48,Active
7551,MENSAH PRAISE CHIOMA,GST113,41.0,N-FIRST-YEAR-FIRST-SEMESTER,SET47,0,41.0,Failed,2025-11-01 03:35:48,Active
7551,MENSAH PRAISE CHIOMA,GST114,28.0,N-FIRST-YEAR-FIRST-SEMESTER,SET47,0,28.0,Failed,2025-11-01 03:35:48,Active
7551,MENSAH PRAISE CHIOMA,GST115,40.0,N-FIRST-YEAR-FIRST-SEMESTER,SET47,0,40.0,Failed,2025-11-01 03:35:48,Active
