EXAMS NUMBER,NAME,COURSE CODE,ORIGINAL SCORE,SEMESTER,SET,RESIT ATTEMPTS,BEST SCORE,STATUS,IDENTIFIED DATE,OVERALL_STATUS
7521,IDRIS PRECIOUS AMIRATU,GNS111,34.0,N-FIRST-YEAR-FIRST-SEMESTER,SET47,0,34.0,Failed,2025-11-01 03:35:48,Active
7521,IDRIS PRECIOUS AMIRATU,GNS112,25.0,N-FIRST-YEAR-FIRST-SEMESTER,SET47,0,25.0,Failed,2025-11-01 03:35:48,Active
7521,IDRIS PRECIOUS AMIRATU,GNS114,42.0,N-FIRST-YEAR-FIRST-SEMESTER,SET47,0,42.0,Failed,2025-11-01 03:35:48,Active
7521,IDRIS PRECIOUS AMIRATU,GST111,29.0,N-FIRST-YEAR-FIRST-SEMESTER,SET47,0,29.0,Failed,2025-11-01 03:35:48,Active
7521,IDRIS PRECIOUS AMIRATU,GST115,24.0,N-FIRST-YEAR-FIRST-SEMESTER,SET47,0,24.0,Failed,2025-11-01 03:35:48,Active
