EXAMS NUMBER,NAME,COURSE CODE,ORIGINAL SCORE,SEMESTER,SET,RESIT ATTEMPTS,BEST SCORE,STATUS,IDENTIFIED DATE,OVERALL_STATUS
7570,MUSA  GIDEON HAI,GNS113,14.0,N-FIRST-YEAR-FIRST-SEMESTER,SET47,0,14.0,Failed,2025-11-01 03:35:48,Active
7570,MUSA  GIDEON HAI,GNS114,44.0,N-FIRST-YEAR-FIRST-SEMESTER,SET47,0,44.0,Failed,2025-11-01 03:35:48,Active
7570,MUSA  GIDEON HAI,GST112,22.0,N-FIRST-YEAR-FIRST-SEMESTER,SET47,0,22.0,Failed,2025-11-01 03:35:48,Active
7570,MUSA  GIDEON HAI,GST113,22.0,N-FIRST-YEAR-FIRST-SEMESTER,SET47,0,22.0,Failed,2025-11-01 03:35:48,Active
7570,MUSA  GIDEON HAI,GST114,42.0,N-FIRST-YEAR-FIRST-SEMESTER,SET47,0,42.0,Failed,2025-11-01 03:35:48,Active
