EXAMS NUMBER,NAME,COURSE CODE,ORIGINAL SCORE,SEMESTER,SET,RESIT ATTEMPTS,BEST SCORE,STATUS,IDENTIFIED DATE,OVERALL_STATUS
7507,ESIKE  CHINENYE STEPHANIE,GST111,37.0,N-FIRST-YEAR-FIRST-SEMESTER,SET47,0,37.0,Failed,2025-11-01 03:35:48,Active
7507,ESIKE  CHINENYE STEPHANIE,GST112,45.0,N-FIRST-YEAR-FIRST-SEMESTER,SET47,0,45.0,Failed,2025-11-01 03:35:48,Active
7507,ESIKE  CHINENYE STEPHANIE,GST114,38.0,N-FIRST-YEAR-FIRST-SEMESTER,SET47,0,38.0,Failed,2025-11-01 03:35:48,Active
7507,ESIKE  CHINENYE STEPHANIE,GST115,43.0,N-FIRST-YEAR-FIRST-SEMESTER,SET47,0,43.0,Failed,2025-11-01 03:35:48,Active
