EXAMS NUMBER,NAME,COURSE CODE,ORIGINAL SCORE,SEMESTER,SET,RESIT ATTEMPTS,BEST SCORE,STATUS,IDENTIFIED DATE,OVERALL_STATUS
7504,EMEKA  FAVOUR CHISOM,GNS112,26.0,N-FIRST-YEAR-FIRST-SEMESTER,SET47,0,26.0,Failed,2025-11-01 03:35:48,Active
7504,EMEKA  FAVOUR CHISOM,GNS114,16.0,N-FIRST-YEAR-FIRST-SEMESTER,SET47,0,16.0,Failed,2025-11-01 03:35:48,Active
7504,EMEKA  FAVOUR CHISOM,GST111,49.0,N-FIRST-YEAR-FIRST-SEMESTER,SET47,0,49.0,Failed,2025-11-01 03:35:48,Active
7504,EMEKA  FAVOUR CHISOM,GST112,45.0,N-FIRST-YEAR-FIRST-SEMESTER,SET47,0,45.0,Failed,2025-11-01 03:35:48,Active
7504,EMEKA  FAVOUR CHISOM,GST113,20.0,N-FIRST-YEAR-FIRST-SEMESTER,SET47,0,20.0,Failed,2025-11-01 03:35:48,Active
7504,EMEKA  FAVOUR CHISOM,GST114,34.0,N-FIRST-YEAR-FIRST-SEMESTER,SET47,0,34.0,Failed,2025-11-01 03:35:48,Active
7504,EMEKA  FAVOUR CHISOM,GST115,26.0,N-FIRST-YEAR-FIRST-SEMESTER,SET47,0,26.0,Failed,2025-11-01 03:35:48,Active
