EXAMS NUMBER,NAME,COURSE CODE,ORIGINAL SCORE,SEMESTER,SET,RESIT ATTEMPTS,BEST SCORE,STATUS,IDENTIFIED DATE,OVERALL_STATUS
7542,LAWAL ANAS,GNS113,34.0,N-FIRST-YEAR-FIRST-SEMESTER,SET47,0,34.0,Failed,2025-11-01 03:35:48,Active
7542,LAWAL ANAS,GNS114,31.0,N-FIRST-YEAR-FIRST-SEMESTER,SET47,0,31.0,Failed,2025-11-01 03:35:48,Active
7542,LAWAL ANAS,GST112,34.0,N-FIRST-YEAR-FIRST-SEMESTER,SET47,0,34.0,Failed,2025-11-01 03:35:48,Active
7542,LAWAL ANAS,GST113,47.0,N-FIRST-YEAR-FIRST-SEMESTER,SET47,0,47.0,Failed,2025-11-01 03:35:48,Active
7542,LAWAL ANAS,GST114,22.0,N-FIRST-YEAR-FIRST-SEMESTER,SET47,0,22.0,Failed,2025-11-01 03:35:48,Active
7542,LAWAL ANAS,GST115,34.0,N-FIRST-YEAR-FIRST-SEMESTER,SET47,0,34.0,Failed,2025-11-01 03:35:48,Active
