EXAMS NUMBER,NAME,COURSE CODE,ORIGINAL SCORE,SEMESTER,SET,RESIT ATTEMPTS,BEST SCORE,STATUS,IDENTIFIED DATE,OVERALL_STATUS
7460,ALHAMDU ISAAC,GNS112,44.0,N-FIRST-YEAR-FIRST-SEMESTER,SET47,0,44.0,Failed,2025-11-01 03:35:48,Active
7460,ALHAMDU ISAAC,GNS113,46.0,N-FIRST-YEAR-FIRST-SEMESTER,SET47,0,46.0,Failed,2025-11-01 03:35:48,Active
7460,ALHAMDU ISAAC,GNS114,40.0,N-FIRST-YEAR-FIRST-SEMESTER,SET47,0,40.0,Failed,2025-11-01 03:35:48,Active
7460,ALHAMDU ISAAC,GST113,30.0,N-FIRST-YEAR-FIRST-SEMESTER,SET47,0,30.0,Failed,2025-11-01 03:35:48,Active
7460,ALHAMDU ISAAC,GST114,14.0,N-FIRST-YEAR-FIRST-SEMESTER,SET47,0,14.0,Failed,2025-11-01 03:35:48,Active
