EXAMS NUMBER,NAME,COURSE CODE,ORIGINAL SCORE,SEMESTER,SET,RESIT ATTEMPTS,BEST SCORE,STATUS,IDENTIFIED DATE,OVERALL_STATUS
7508,EZE CHUKWUEMEKA EMMANUEL,GNS112,38.0,N-FIRST-YEAR-FIRST-SEMESTER,SET47,0,38.0,Failed,2025-11-01 03:35:48,Active
7508,EZE CHUKWUEMEKA EMMANUEL,GNS114,38.0,N-FIRST-YEAR-FIRST-SEMESTER,SET47,0,38.0,Failed,2025-11-01 03:35:48,Active
7508,EZE CHUKWUEMEKA EMMANUEL,GST111,18.0,N-FIRST-YEAR-FIRST-SEMESTER,SET47,0,18.0,Failed,2025-11-01 03:35:48,Active
7508,EZE CHUKWUEMEKA EMMANUEL,GST112,41.0,N-FIRST-YEAR-FIRST-SEMESTER,SET47,0,41.0,Failed,2025-11-01 03:35:48,Active
7508,EZE CHUKWUEMEKA EMMANUEL,GST113,46.0,N-FIRST-YEAR-FIRST-SEMESTER,SET47,0,46.0,Failed,2025-11-01 03:35:48,Active
7508,EZE CHUKWUEMEKA EMMANUEL,GST114,46.0,N-FIRST-YEAR-FIRST-SEMESTER,SET47,0,46.0,Failed,2025-11-01 03:35:48,Active
7508,EZE CHUKWUEMEKA EMMANUEL,GST115,48.0,N-FIRST-YEAR-FIRST-SEMESTER,SET47,0,48.0,Failed,2025-11-01 03:35:48,Active
