ND CARRYOVER RESULT REPORT,,,,,
FCT COLLEGE OF NURSING SCIENCES,,,,,
ND Set: ND-2024,,,,,
ND Semester: ND-FIRST-YEAR-SECOND-SEMESTER,,,,,
,,,,,
ND STUDENT INFORMATION,,,,,
Exam Number:,FCTCONS/ND24/049,,,,
Name:,EMMANUEL FAITH  AKOMENOMO,,,,
,,,,,
ND PREVIOUS GPAs,,,,,
,,,,,
ND CURRENT ACADEMIC RECORD,,,,,
Current GPA:,4.04,,,,
Current CGPA:,3.05,,,,
,,,,,
ND RESIT COURSES,,,,,
Course Code,Course Title,Credit Unit,Original Score,Resit Score,Status
NUR122,Primary Health Care (PHC) I,3.0,43.0,77.0,PASSED
NUS122,Human Physiology II,2.0,42.0,68.0,PASSED
NUS123,Developmental Psychology,2.0,45.0,65.0,PASSED
