S/N,MAT NO.,FULL NAME,PS1_Score/10,PS3_Score/10,PS5_Score/3.5,QS2_Score/10,QS4_Score/10,QS6_Score/10,VIVA/10,Total Raw Score /63.50,Percentage (%)
1,BN/A23/002,OMEDE OJOMA VIRTUOUS,4.38,8.13,1.97,3.0,5.0,4.44,10.0,36.92,58
2,BN/A23/003,NDIFE LUCY IFEOMA,6.25,7.5,3.06,1.0,5.0,4.44,5.0,32.25,51
3,BN/A23/004,EGWUONWU EBUBECHI COMFORT,4.38,8.13,2.63,2.0,4.0,1.11,7.0,29.25,46
4,BN/A23/005,MUHAMMAD KHADIJA ABDULLAHI,6.25,7.5,2.63,2.0,3.0,2.22,8.0,31.6,50
5,BN/A23/006,UMORU AHUOIZA JEMIMA,4.38,8.13,2.41,4.0,1.0,2.22,6.5,28.64,45
,OVERALL AVERAGE,,5.13,7.88,2.54,2.4,3.6,2.89,7.3,31.74,50
