{
  "FCTCONS/ND24/001": {
    "exam_number": "FCTCONS/ND24/001",
    "name": "DAVID ELISHEBA TENI",
    "carryover_courses": {
      "NUR221": {
        "course_code": "NUR221",
        "course_title": "Foundations Of Nursing IV",
        "credit_unit": 4.0,
        "original_score": 40.0,
        "resit_score": 79.0
      },
      "NUR222": {
        "course_code": "NUR222",
        "course_title": "Medical-Surgical  Nursing II",
        "credit_unit": 4.0,
        "original_score": 40.0,
        "resit_score": 79.0
      }
    },
    "passed_resit_courses": {
      "NUR221": {
        "course_code": "NUR221",
        "course_title": "Foundations Of Nursing IV",
        "credit_unit": 4.0,
        "original_score": 40.0,
        "resit_score": 79.0
      },
      "NUR222": {
        "course_code": "NUR222",
        "course_title": "Medical-Surgical  Nursing II",
        "credit_unit": 4.0,
        "original_score": 40.0,
        "resit_score": 79.0
      }
    },
    "failed_resit_courses": {}
  },
  "FCTCONS/ND24/002": {
    "exam_number": "FCTCONS/ND24/002",
    "name": "UMAR AMINA MAKUN",
    "carryover_courses": {
      "NUR222": {
        "course_code": "NUR222",
        "course_title": "Medical-Surgical  Nursing II",
        "credit_unit": 4.0,
        "original_score": 49.0,
        "resit_score": 52.0
      },
      "NUR223": {
        "course_code": "NUR223",
        "course_title": "Reproductive Health I",
        "credit_unit": 4.0,
        "original_score": 40.0,
        "resit_score": 60.0
      },
      "NUS221": {
        "course_code": "NUS221",
        "course_title": "Human Anatomy IV",
        "credit_unit": 4.0,
        "original_score": 42.0,
        "resit_score": 53.0
      }
    },
    "passed_resit_courses": {
      "NUR222": {
        "course_code": "NUR222",
        "course_title": "Medical-Surgical  Nursing II",
        "credit_unit": 4.0,
        "original_score": 49.0,
        "resit_score": 52.0
      },
      "NUR223": {
        "course_code": "NUR223",
        "course_title": "Reproductive Health I",
        "credit_unit": 4.0,
        "original_score": 40.0,
        "resit_score": 60.0
      },
      "NUS221": {
        "course_code": "NUS221",
        "course_title": "Human Anatomy IV",
        "credit_unit": 4.0,
        "original_score": 42.0,
        "resit_score": 53.0
      }
    },
    "failed_resit_courses": {}
  },
  "FCTCONS/ND24/003": {
    "exam_number": "FCTCONS/ND24/003",
    "name": "UDEMBA DANIELLA CHINENYE",
    "carryover_courses": {
      "NUS221": {
        "course_code": "NUS221",
        "course_title": "Human Anatomy IV",
        "credit_unit": 4.0,
        "original_score": 49.0,
        "resit_score": 62.0
      }
    },
    "passed_resit_courses": {
      "NUS221": {
        "course_code": "NUS221",
        "course_title": "Human Anatomy IV",
        "credit_unit": 4.0,
        "original_score": 49.0,
        "resit_score": 62.0
      }
    },
    "failed_resit_courses": {}
  },
  "FCTCONS/ND24/004": {
    "exam_number": "FCTCONS/ND24/004",
    "name": "ABANG STEPHANIE ADA",
    "carryover_courses": {
      "NUR225": {
        "course_code": "NUR225",
        "course_title": "Research Methodology II",
        "credit_unit": 2.0,
        "original_score": 37.0,
        "resit_score": 54.0
      }
    },
    "passed_resit_courses": {
      "NUR225": {
        "course_code": "NUR225",
        "course_title": "Research Methodology II",
        "credit_unit": 2.0,
        "original_score": 37.0,
        "resit_score": 54.0
      }
    },
    "failed_resit_courses": {}
  },
  "FCTCONS/ND24/006": {
    "exam_number": "FCTCONS/ND24/006",
    "name": "YOHANNA DORATHY TAVINAZA",
    "carryover_courses": {
      "NUS222": {
        "course_code": "NUS222",
        "course_title": "Human Physiology IV",
        "credit_unit": 2.0,
        "original_score": 44.0,
        "resit_score": 60.0
      }
    },
    "passed_resit_courses": {
      "NUS222": {
        "course_code": "NUS222",
        "course_title": "Human Physiology IV",
        "credit_unit": 2.0,
        "original_score": 44.0,
        "resit_score": 60.0
      }
    },
    "failed_resit_courses": {}
  },
  "FCTCONS/ND24/007": {
    "exam_number": "FCTCONS/ND24/007",
    "name": "AYO OLAMIDE PRAISE",
    "carryover_courses": {
      "EED216": {
        "course_code": "EED216",
        "course_title": "Practice Of Entrepreneurship",
        "credit_unit": 3.0,
        "original_score": 42.0,
        "resit_score": 50.0
      }
    },
    "passed_resit_courses": {
      "EED216": {
        "course_code": "EED216",
        "course_title": "Practice Of Entrepreneurship",
        "credit_unit": 3.0,
        "original_score": 42.0,
        "resit_score": 50.0
      }
    },
    "failed_resit_courses": {}
  },
  "FCTCONS/ND24/008": {
    "exam_number": "FCTCONS/ND24/008",
    "name": "OBICHEWE PAUL DAVID",
    "carryover_courses": {
      "NUR221": {
        "course_code": "NUR221",
        "course_title": "Foundations Of Nursing IV",
        "credit_unit": 4.0,
        "original_score": 42.0,
        "resit_score": 59.0
      },
      "NUR222": {
        "course_code": "NUR222",
        "course_title": "Medical-Surgical  Nursing II",
        "credit_unit": 4.0,
        "original_score": 49.0,
        "resit_score": 68.0
      }
    },
    "passed_resit_courses": {
      "NUR221": {
        "course_code": "NUR221",
        "course_title": "Foundations Of Nursing IV",
        "credit_unit": 4.0,
        "original_score": 42.0,
        "resit_score": 59.0
      },
      "NUR222": {
        "course_code": "NUR222",
        "course_title": "Medical-Surgical  Nursing II",
        "credit_unit": 4.0,
        "original_score": 49.0,
        "resit_score": 68.0
      }
    },
    "failed_resit_courses": {}
  },
  "FCTCONS/ND24/014": {
    "exam_number": "FCTCONS/ND24/014",
    "name": "ALU EDWINA EDUGWU",
    "carryover_courses": {
      "NUR223": {
        "course_code": "NUR223",
        "course_title": "Reproductive Health I",
        "credit_unit": 4.0,
        "original_score": 48.0,
        "resit_score": 64.0
      },
      "NUR227": {
        "course_code": "NUR227",
        "course_title": "Client Case/Care Study",
        "credit_unit": 2.0,
        "original_score": 48.0,
        "resit_score": 56.0
      }
    },
    "passed_resit_courses": {
      "NUR223": {
        "course_code": "NUR223",
        "course_title": "Reproductive Health I",
        "credit_unit": 4.0,
        "original_score": 48.0,
        "resit_score": 64.0
      },
      "NUR227": {
        "course_code": "NUR227",
        "course_title": "Client Case/Care Study",
        "credit_unit": 2.0,
        "original_score": 48.0,
        "resit_score": 56.0
      }
    },
    "failed_resit_courses": {}
  },
  "FCTCONS/ND24/016": {
    "exam_number": "FCTCONS/ND24/016",
    "name": "UMUNNAKWE CHISOM MICHELLE",
    "carryover_courses": {
      "NUR224": {
        "course_code": "NUR224",
        "course_title": "Mental Health / Psychiatric Nursing",
        "credit_unit": 3.0,
        "original_score": 39.0,
        "resit_score": 65.0
      }
    },
    "passed_resit_courses": {
      "NUR224": {
        "course_code": "NUR224",
        "course_title": "Mental Health / Psychiatric Nursing",
        "credit_unit": 3.0,
        "original_score": 39.0,
        "resit_score": 65.0
      }
    },
    "failed_resit_courses": {}
  },
  "FCTCONS/ND24/018": {
    "exam_number": "FCTCONS/ND24/018",
    "name": "IGBASAN PHILBERTA  OLUWASEUN",
    "carryover_courses": {
      "NUR222": {
        "course_code": "NUR222",
        "course_title": "Medical-Surgical  Nursing II",
        "credit_unit": 4.0,
        "original_score": 48.0,
        "resit_score": 68.0
      }
    },
    "passed_resit_courses": {
      "NUR222": {
        "course_code": "NUR222",
        "course_title": "Medical-Surgical  Nursing II",
        "credit_unit": 4.0,
        "original_score": 48.0,
        "resit_score": 68.0
      }
    },
    "failed_resit_courses": {}
  },
  "FCTCONS/ND24/019": {
    "exam_number": "FCTCONS/ND24/019",
    "name": "OGAH PRINCESS UWENYI",
    "carryover_courses": {
      "EED216": {
        "course_code": "EED216",
        "course_title": "Practice Of Entrepreneurship",
        "credit_unit": 3.0,
        "original_score": 46.0,
        "resit_score": 60.0
      },
      "NUR223": {
        "course_code": "NUR223",
        "course_title": "Reproductive Health I",
        "credit_unit": 4.0,
        "original_score": 48.0,
        "resit_score": 58.0
      }
    },
    "passed_resit_courses": {
      "EED216": {
        "course_code": "EED216",
        "course_title": "Practice Of Entrepreneurship",
        "credit_unit": 3.0,
        "original_score": 46.0,
        "resit_score": 60.0
      },
      "NUR223": {
        "course_code": "NUR223",
        "course_title": "Reproductive Health I",
        "credit_unit": 4.0,
        "original_score": 48.0,
        "resit_score": 58.0
      }
    },
    "failed_resit_courses": {}
  },
  "FCTCONS/ND24/022": {
    "exam_number": "FCTCONS/ND24/022",
    "name": "OPARINDE  RUTH MOTUNRAYO",
    "carryover_courses": {
      "NUR224": {
        "course_code": "NUR224",
        "course_title": "Mental Health / Psychiatric Nursing",
        "credit_unit": 3.0,
        "original_score": 46.0,
        "resit_score": 62.0
      },
      "NUS222": {
        "course_code": "NUS222",
        "course_title": "Human Physiology IV",
        "credit_unit": 2.0,
        "original_score": 47.0,
        "resit_score": 62.0
      }
    },
    "passed_resit_courses": {
      "NUR224": {
        "course_code": "NUR224",
        "course_title": "Mental Health / Psychiatric Nursing",
        "credit_unit": 3.0,
        "original_score": 46.0,
        "resit_score": 62.0
      },
      "NUS222": {
        "course_code": "NUS222",
        "course_title": "Human Physiology IV",
        "credit_unit": 2.0,
        "original_score": 47.0,
        "resit_score": 62.0
      }
    },
    "failed_resit_courses": {}
  },
  "FCTCONS/ND24/024": {
    "exam_number": "FCTCONS/ND24/024",
    "name": "SULEIMAN SAMAILA",
    "carryover_courses": {
      "EED216": {
        "course_code": "EED216",
        "course_title": "Practice Of Entrepreneurship",
        "credit_unit": 3.0,
        "original_score": 40.0,
        "resit_score": 52.0
      }
    },
    "passed_resit_courses": {
      "EED216": {
        "course_code": "EED216",
        "course_title": "Practice Of Entrepreneurship",
        "credit_unit": 3.0,
        "original_score": 40.0,
        "resit_score": 52.0
      }
    },
    "failed_resit_courses": {}
  },
  "FCTCONS/ND24/027": {
    "exam_number": "FCTCONS/ND24/027",
    "name": "BABAJI BENI DENNIS",
    "carryover_courses": {
      "NUR222": {
        "course_code": "NUR222",
        "course_title": "Medical-Surgical  Nursing II",
        "credit_unit": 4.0,
        "original_score": 46.0,
        "resit_score": 56.0
      }
    },
    "passed_resit_courses": {
      "NUR222": {
        "course_code": "NUR222",
        "course_title": "Medical-Surgical  Nursing II",
        "credit_unit": 4.0,
        "original_score": 46.0,
        "resit_score": 56.0
      }
    },
    "failed_resit_courses": {}
  },
  "FCTCONS/ND24/035": {
    "exam_number": "FCTCONS/ND24/035",
    "name": "AGBOOLA OLATOMIWA",
    "carryover_courses": {
      "NUS221": {
        "course_code": "NUS221",
        "course_title": "Human Anatomy IV",
        "credit_unit": 4.0,
        "original_score": 48.0,
        "resit_score": 65.0
      }
    },
    "passed_resit_courses": {
      "NUS221": {
        "course_code": "NUS221",
        "course_title": "Human Anatomy IV",
        "credit_unit": 4.0,
        "original_score": 48.0,
        "resit_score": 65.0
      }
    },
    "failed_resit_courses": {}
  },
  "FCTCONS/ND24/038": {
    "exam_number": "FCTCONS/ND24/038",
    "name": "SANI ADAM ADAMU",
    "carryover_courses": {
      "NUR223": {
        "course_code": "NUR223",
        "course_title": "Reproductive Health I",
        "credit_unit": 4.0,
        "original_score": 34.0,
        "resit_score": 55.0
      },
      "NUR225": {
        "course_code": "NUR225",
        "course_title": "Research Methodology II",
        "credit_unit": 2.0,
        "original_score": 42.0,
        "resit_score": 74.0
      }
    },
    "passed_resit_courses": {
      "NUR223": {
        "course_code": "NUR223",
        "course_title": "Reproductive Health I",
        "credit_unit": 4.0,
        "original_score": 34.0,
        "resit_score": 55.0
      },
      "NUR225": {
        "course_code": "NUR225",
        "course_title": "Research Methodology II",
        "credit_unit": 2.0,
        "original_score": 42.0,
        "resit_score": 74.0
      }
    },
    "failed_resit_courses": {}
  },
  "FCTCONS/ND24/040": {
    "exam_number": "FCTCONS/ND24/040",
    "name": "AGBEGE SUZAN",
    "carryover_courses": {
      "NUR224": {
        "course_code": "NUR224",
        "course_title": "Mental Health / Psychiatric Nursing",
        "credit_unit": 3.0,
        "original_score": 46.0,
        "resit_score": 75.0
      }
    },
    "passed_resit_courses": {
      "NUR224": {
        "course_code": "NUR224",
        "course_title": "Mental Health / Psychiatric Nursing",
        "credit_unit": 3.0,
        "original_score": 46.0,
        "resit_score": 75.0
      }
    },
    "failed_resit_courses": {}
  },
  "FCTCONS/ND24/041": {
    "exam_number": "FCTCONS/ND24/041",
    "name": "IDRIS UMMULKHAIR NDATSU",
    "carryover_courses": {
      "NUS222": {
        "course_code": "NUS222",
        "course_title": "Human Physiology IV",
        "credit_unit": 2.0,
        "original_score": 49.0,
        "resit_score": 60.0
      }
    },
    "passed_resit_courses": {
      "NUS222": {
        "course_code": "NUS222",
        "course_title": "Human Physiology IV",
        "credit_unit": 2.0,
        "original_score": 49.0,
        "resit_score": 60.0
      }
    },
    "failed_resit_courses": {}
  },
  "FCTCONS/ND24/051": {
    "exam_number": "FCTCONS/ND24/051",
    "name": "NDUBUISI GIFT ONYIYECHI",
    "carryover_courses": {
      "EED216": {
        "course_code": "EED216",
        "course_title": "Practice Of Entrepreneurship",
        "credit_unit": 3.0,
        "original_score": 44.0,
        "resit_score": 59.0
      },
      "NUS222": {
        "course_code": "NUS222",
        "course_title": "Human Physiology IV",
        "credit_unit": 2.0,
        "original_score": 46.0,
        "resit_score": 73.0
      }
    },
    "passed_resit_courses": {
      "EED216": {
        "course_code": "EED216",
        "course_title": "Practice Of Entrepreneurship",
        "credit_unit": 3.0,
        "original_score": 44.0,
        "resit_score": 59.0
      },
      "NUS222": {
        "course_code": "NUS222",
        "course_title": "Human Physiology IV",
        "credit_unit": 2.0,
        "original_score": 46.0,
        "resit_score": 73.0
      }
    },
    "failed_resit_courses": {}
  },
  "FCTCONS/ND24/053": {
    "exam_number": "FCTCONS/ND24/053",
    "name": "NWEZE UKAMAKA MABEL",
    "carryover_courses": {
      "EED216": {
        "course_code": "EED216",
        "course_title": "Practice Of Entrepreneurship",
        "credit_unit": 3.0,
        "original_score": 45.0,
        "resit_score": 67.0
      }
    },
    "passed_resit_courses": {
      "EED216": {
        "course_code": "EED216",
        "course_title": "Practice Of Entrepreneurship",
        "credit_unit": 3.0,
        "original_score": 45.0,
        "resit_score": 67.0
      }
    },
    "failed_resit_courses": {}
  },
  "FCTCONS/ND24/054": {
    "exam_number": "FCTCONS/ND24/054",
    "name": "BINCHAK DIANA RINGNAN",
    "carryover_courses": {
      "NUR221": {
        "course_code": "NUR221",
        "course_title": "Foundations Of Nursing IV",
        "credit_unit": 4.0,
        "original_score": 46.0,
        "resit_score": 72.0
      }
    },
    "passed_resit_courses": {
      "NUR221": {
        "course_code": "NUR221",
        "course_title": "Foundations Of Nursing IV",
        "credit_unit": 4.0,
        "original_score": 46.0,
        "resit_score": 72.0
      }
    },
    "failed_resit_courses": {}
  },
  "FCTCONS/ND24/055": {
    "exam_number": "FCTCONS/ND24/055",
    "name": "AYODELE JOHN TANTOLUWA",
    "carryover_courses": {
      "EED216": {
        "course_code": "EED216",
        "course_title": "Practice Of Entrepreneurship",
        "credit_unit": 3.0,
        "original_score": 49.0,
        "resit_score": 60.0
      }
    },
    "passed_resit_courses": {
      "EED216": {
        "course_code": "EED216",
        "course_title": "Practice Of Entrepreneurship",
        "credit_unit": 3.0,
        "original_score": 49.0,
        "resit_score": 60.0
      }
    },
    "failed_resit_courses": {}
  },
  "FCTCONS/ND24/056": {
    "exam_number": "FCTCONS/ND24/056",
    "name": "MAINA SHAMMAH MUSA",
    "carryover_courses": {
      "NUR221": {
        "course_code": "NUR221",
        "course_title": "Foundations Of Nursing IV",
        "credit_unit": 4.0,
        "original_score": 46.0,
        "resit_score": 56.0
      },
      "NUS222": {
        "course_code": "NUS222",
        "course_title": "Human Physiology IV",
        "credit_unit": 2.0,
        "original_score": 34.0,
        "resit_score": 55.0
      }
    },
    "passed_resit_courses": {
      "NUR221": {
        "course_code": "NUR221",
        "course_title": "Foundations Of Nursing IV",
        "credit_unit": 4.0,
        "original_score": 46.0,
        "resit_score": 56.0
      },
      "NUS222": {
        "course_code": "NUS222",
        "course_title": "Human Physiology IV",
        "credit_unit": 2.0,
        "original_score": 34.0,
        "resit_score": 55.0
      }
    },
    "failed_resit_courses": {}
  },
  "FCTCONS/ND24/057": {
    "exam_number": "FCTCONS/ND24/057",
    "name": "JIMOH PRINCESS RAHIMAT",
    "carryover_courses": {
      "EED216": {
        "course_code": "EED216",
        "course_title": "Practice Of Entrepreneurship",
        "credit_unit": 3.0,
        "original_score": 43.0,
        "resit_score": 52.0
      }
    },
    "passed_resit_courses": {
      "EED216": {
        "course_code": "EED216",
        "course_title": "Practice Of Entrepreneurship",
        "credit_unit": 3.0,
        "original_score": 43.0,
        "resit_score": 52.0
      }
    },
    "failed_resit_courses": {}
  },
  "FCTCONS/ND24/059": {
    "exam_number": "FCTCONS/ND24/059",
    "name": "OBORO MABEL OGHENEMARO",
    "carryover_courses": {
      "EED216": {
        "course_code": "EED216",
        "course_title": "Practice Of Entrepreneurship",
        "credit_unit": 3.0,
        "original_score": 48.0,
        "resit_score": 79.0
      }
    },
    "passed_resit_courses": {
      "EED216": {
        "course_code": "EED216",
        "course_title": "Practice Of Entrepreneurship",
        "credit_unit": 3.0,
        "original_score": 48.0,
        "resit_score": 79.0
      }
    },
    "failed_resit_courses": {}
  },
  "FCTCONS/ND24/061": {
    "exam_number": "FCTCONS/ND24/061",
    "name": "EMETA NNEOMA PHILOMENA",
    "carryover_courses": {
      "NUR223": {
        "course_code": "NUR223",
        "course_title": "Reproductive Health I",
        "credit_unit": 4.0,
        "original_score": 41.0,
        "resit_score": 71.0
      }
    },
    "passed_resit_courses": {
      "NUR223": {
        "course_code": "NUR223",
        "course_title": "Reproductive Health I",
        "credit_unit": 4.0,
        "original_score": 41.0,
        "resit_score": 71.0
      }
    },
    "failed_resit_courses": {}
  },
  "FCTCONS/ND24/062": {
    "exam_number": "FCTCONS/ND24/062",
    "name": "ABUNIMYE FELICIA AMANUYE",
    "carryover_courses": {
      "NUR223": {
        "course_code": "NUR223",
        "course_title": "Reproductive Health I",
        "credit_unit": 4.0,
        "original_score": 48.0,
        "resit_score": 64.0
      },
      "NUR224": {
        "course_code": "NUR224",
        "course_title": "Mental Health / Psychiatric Nursing",
        "credit_unit": 3.0,
        "original_score": 44.0,
        "resit_score": 54.0
      }
    },
    "passed_resit_courses": {
      "NUR223": {
        "course_code": "NUR223",
        "course_title": "Reproductive Health I",
        "credit_unit": 4.0,
        "original_score": 48.0,
        "resit_score": 64.0
      },
      "NUR224": {
        "course_code": "NUR224",
        "course_title": "Mental Health / Psychiatric Nursing",
        "credit_unit": 3.0,
        "original_score": 44.0,
        "resit_score": 54.0
      }
    },
    "failed_resit_courses": {}
  },
  "FCTCONS/ND24/066": {
    "exam_number": "FCTCONS/ND24/066",
    "name": "OBADIAH MICAH",
    "carryover_courses": {
      "EED216": {
        "course_code": "EED216",
        "course_title": "Practice Of Entrepreneurship",
        "credit_unit": 3.0,
        "original_score": 49.0,
        "resit_score": 80.0
      },
      "NUR223": {
        "course_code": "NUR223",
        "course_title": "Reproductive Health I",
        "credit_unit": 4.0,
        "original_score": 46.0,
        "resit_score": 56.0
      }
    },
    "passed_resit_courses": {
      "EED216": {
        "course_code": "EED216",
        "course_title": "Practice Of Entrepreneurship",
        "credit_unit": 3.0,
        "original_score": 49.0,
        "resit_score": 80.0
      },
      "NUR223": {
        "course_code": "NUR223",
        "course_title": "Reproductive Health I",
        "credit_unit": 4.0,
        "original_score": 46.0,
        "resit_score": 56.0
      }
    },
    "failed_resit_courses": {}
  },
  "FCTCONS/ND24/067": {
    "exam_number": "FCTCONS/ND24/067",
    "name": "ADEGOKE MARVELLOUS ARAMIDE",
    "carryover_courses": {
      "NUS221": {
        "course_code": "NUS221",
        "course_title": "Human Anatomy IV",
        "credit_unit": 4.0,
        "original_score": 46.0,
        "resit_score": 73.0
      }
    },
    "passed_resit_courses": {
      "NUS221": {
        "course_code": "NUS221",
        "course_title": "Human Anatomy IV",
        "credit_unit": 4.0,
        "original_score": 46.0,
        "resit_score": 73.0
      }
    },
    "failed_resit_courses": {}
  },
  "FCTCONS/ND24/068": {
    "exam_number": "FCTCONS/ND24/068",
    "name": "CHIKEZE MIRIAM OLUEBUBE",
    "carryover_courses": {
      "EED216": {
        "course_code": "EED216",
        "course_title": "Practice Of Entrepreneurship",
        "credit_unit": 3.0,
        "original_score": 46.0,
        "resit_score": 56.0
      },
      "NUR225": {
        "course_code": "NUR225",
        "course_title": "Research Methodology II",
        "credit_unit": 2.0,
        "original_score": 48.0,
        "resit_score": 71.0
      }
    },
    "passed_resit_courses": {
      "EED216": {
        "course_code": "EED216",
        "course_title": "Practice Of Entrepreneurship",
        "credit_unit": 3.0,
        "original_score": 46.0,
        "resit_score": 56.0
      },
      "NUR225": {
        "course_code": "NUR225",
        "course_title": "Research Methodology II",
        "credit_unit": 2.0,
        "original_score": 48.0,
        "resit_score": 71.0
      }
    },
    "failed_resit_courses": {}
  },
  "FCTCONS/ND24/071": {
    "exam_number": "FCTCONS/ND24/071",
    "name": "BOYI OJONUBA FRIDAY",
    "carryover_courses": {
      "NUR225": {
        "course_code": "NUR225",
        "course_title": "Research Methodology II",
        "credit_unit": 2.0,
        "original_score": 44.0,
        "resit_score": 60.0
      }
    },
    "passed_resit_courses": {
      "NUR225": {
        "course_code": "NUR225",
        "course_title": "Research Methodology II",
        "credit_unit": 2.0,
        "original_score": 44.0,
        "resit_score": 60.0
      }
    },
    "failed_resit_courses": {}
  },
  "FCTCONS/ND24/072": {
    "exam_number": "FCTCONS/ND24/072",
    "name": "DAUDA HOPE AWYETU",
    "carryover_courses": {
      "NUS221": {
        "course_code": "NUS221",
        "course_title": "Human Anatomy IV",
        "credit_unit": 4.0,
        "original_score": 47.0,
        "resit_score": 57.0
      }
    },
    "passed_resit_courses": {
      "NUS221": {
        "course_code": "NUS221",
        "course_title": "Human Anatomy IV",
        "credit_unit": 4.0,
        "original_score": 47.0,
        "resit_score": 57.0
      }
    },
    "failed_resit_courses": {}
  },
  "FCTCONS/ND24/075": {
    "exam_number": "FCTCONS/ND24/075",
    "name": "DENEN RUTH DOOSE",
    "carryover_courses": {
      "NUR224": {
        "course_code": "NUR224",
        "course_title": "Mental Health / Psychiatric Nursing",
        "credit_unit": 3.0,
        "original_score": 49.0,
        "resit_score": 64.0
      }
    },
    "passed_resit_courses": {
      "NUR224": {
        "course_code": "NUR224",
        "course_title": "Mental Health / Psychiatric Nursing",
        "credit_unit": 3.0,
        "original_score": 49.0,
        "resit_score": 64.0
      }
    },
    "failed_resit_courses": {}
  },
  "FCTCONS/ND24/076": {
    "exam_number": "FCTCONS/ND24/076",
    "name": "OCHOLI TREASURE EGUYE",
    "carryover_courses": {
      "NUS222": {
        "course_code": "NUS222",
        "course_title": "Human Physiology IV",
        "credit_unit": 2.0,
        "original_score": 46.0,
        "resit_score": 67.0
      }
    },
    "passed_resit_courses": {
      "NUS222": {
        "course_code": "NUS222",
        "course_title": "Human Physiology IV",
        "credit_unit": 2.0,
        "original_score": 46.0,
        "resit_score": 67.0
      }
    },
    "failed_resit_courses": {}
  },
  "FCTCONS/ND24/077": {
    "exam_number": "FCTCONS/ND24/077",
    "name": "OODOH COMFORT ONYENEFU",
    "carryover_courses": {
      "NUR222": {
        "course_code": "NUR222",
        "course_title": "Medical-Surgical  Nursing II",
        "credit_unit": 4.0,
        "original_score": 42.0,
        "resit_score": 72.0
      },
      "NUR223": {
        "course_code": "NUR223",
        "course_title": "Reproductive Health I",
        "credit_unit": 4.0,
        "original_score": 48.0,
        "resit_score": 70.0
      },
      "NUS221": {
        "course_code": "NUS221",
        "course_title": "Human Anatomy IV",
        "credit_unit": 4.0,
        "original_score": 48.0,
        "resit_score": 61.0
      }
    },
    "passed_resit_courses": {
      "NUR222": {
        "course_code": "NUR222",
        "course_title": "Medical-Surgical  Nursing II",
        "credit_unit": 4.0,
        "original_score": 42.0,
        "resit_score": 72.0
      },
      "NUR223": {
        "course_code": "NUR223",
        "course_title": "Reproductive Health I",
        "credit_unit": 4.0,
        "original_score": 48.0,
        "resit_score": 70.0
      },
      "NUS221": {
        "course_code": "NUS221",
        "course_title": "Human Anatomy IV",
        "credit_unit": 4.0,
        "original_score": 48.0,
        "resit_score": 61.0
      }
    },
    "failed_resit_courses": {}
  },
  "FCTCONS/ND24/086": {
    "exam_number": "FCTCONS/ND24/086",
    "name": "BARNABAS RITA SIMNOM",
    "carryover_courses": {
      "NUS221": {
        "course_code": "NUS221",
        "course_title": "Human Anatomy IV",
        "credit_unit": 4.0,
        "original_score": 44.0,
        "resit_score": 76.0
      }
    },
    "passed_resit_courses": {
      "NUS221": {
        "course_code": "NUS221",
        "course_title": "Human Anatomy IV",
        "credit_unit": 4.0,
        "original_score": 44.0,
        "resit_score": 76.0
      }
    },
    "failed_resit_courses": {}
  },
  "FCTCONS/ND24/087": {
    "exam_number": "FCTCONS/ND24/087",
    "name": "AYODELE MUMEENAT DADA",
    "carryover_courses": {
      "NUR225": {
        "course_code": "NUR225",
        "course_title": "Research Methodology II",
        "credit_unit": 2.0,
        "original_score": 46.0,
        "resit_score": 62.0
      }
    },
    "passed_resit_courses": {
      "NUR225": {
        "course_code": "NUR225",
        "course_title": "Research Methodology II",
        "credit_unit": 2.0,
        "original_score": 46.0,
        "resit_score": 62.0
      }
    },
    "failed_resit_courses": {}
  },
  "FCTCONS/ND24/091": {
    "exam_number": "FCTCONS/ND24/091",
    "name": "DANLADI MERCY",
    "carryover_courses": {
      "NUR223": {
        "course_code": "NUR223",
        "course_title": "Reproductive Health I",
        "credit_unit": 4.0,
        "original_score": 41.0,
        "resit_score": 66.0
      },
      "NUS221": {
        "course_code": "NUS221",
        "course_title": "Human Anatomy IV",
        "credit_unit": 4.0,
        "original_score": 41.0,
        "resit_score": 62.0
      },
      "NUS222": {
        "course_code": "NUS222",
        "course_title": "Human Physiology IV",
        "credit_unit": 2.0,
        "original_score": 37.0,
        "resit_score": 62.0
      }
    },
    "passed_resit_courses": {
      "NUR223": {
        "course_code": "NUR223",
        "course_title": "Reproductive Health I",
        "credit_unit": 4.0,
        "original_score": 41.0,
        "resit_score": 66.0
      },
      "NUS221": {
        "course_code": "NUS221",
        "course_title": "Human Anatomy IV",
        "credit_unit": 4.0,
        "original_score": 41.0,
        "resit_score": 62.0
      },
      "NUS222": {
        "course_code": "NUS222",
        "course_title": "Human Physiology IV",
        "credit_unit": 2.0,
        "original_score": 37.0,
        "resit_score": 62.0
      }
    },
    "failed_resit_courses": {}
  },
  "FCTCONS/ND24/097": {
    "exam_number": "FCTCONS/ND24/097",
    "name": "UCHE ULOMA",
    "carryover_courses": {
      "NUR221": {
        "course_code": "NUR221",
        "course_title": "Foundations Of Nursing IV",
        "credit_unit": 4.0,
        "original_score": 44.0,
        "resit_score": 62.0
      }
    },
    "passed_resit_courses": {
      "NUR221": {
        "course_code": "NUR221",
        "course_title": "Foundations Of Nursing IV",
        "credit_unit": 4.0,
        "original_score": 44.0,
        "resit_score": 62.0
      }
    },
    "failed_resit_courses": {}
  },
  "FCTCONS/ND24/098": {
    "exam_number": "FCTCONS/ND24/098",
    "name": "SULEIMAN MARYAM HARUNA",
    "carryover_courses": {
      "NUS221": {
        "course_code": "NUS221",
        "course_title": "Human Anatomy IV",
        "credit_unit": 4.0,
        "original_score": 40.0,
        "resit_score": 70.0
      }
    },
    "passed_resit_courses": {
      "NUS221": {
        "course_code": "NUS221",
        "course_title": "Human Anatomy IV",
        "credit_unit": 4.0,
        "original_score": 40.0,
        "resit_score": 70.0
      }
    },
    "failed_resit_courses": {}
  },
  "FCTCONS/ND24/100": {
    "exam_number": "FCTCONS/ND24/100",
    "name": "BAMIDELE FAVOUR DUPE",
    "carryover_courses": {
      "EED216": {
        "course_code": "EED216",
        "course_title": "Practice Of Entrepreneurship",
        "credit_unit": 3.0,
        "original_score": 45.0,
        "resit_score": 72.0
      },
      "NUR224": {
        "course_code": "NUR224",
        "course_title": "Mental Health / Psychiatric Nursing",
        "credit_unit": 3.0,
        "original_score": 48.0,
        "resit_score": 53.0
      }
    },
    "passed_resit_courses": {
      "EED216": {
        "course_code": "EED216",
        "course_title": "Practice Of Entrepreneurship",
        "credit_unit": 3.0,
        "original_score": 45.0,
        "resit_score": 72.0
      },
      "NUR224": {
        "course_code": "NUR224",
        "course_title": "Mental Health / Psychiatric Nursing",
        "credit_unit": 3.0,
        "original_score": 48.0,
        "resit_score": 53.0
      }
    },
    "failed_resit_courses": {}
  },
  "FCTCONS/ND24/102": {
    "exam_number": "FCTCONS/ND24/102",
    "name": "MICHEAL CATHERINE",
    "carryover_courses": {
      "NUR227": {
        "course_code": "NUR227",
        "course_title": "Client Case/Care Study",
        "credit_unit": 2.0,
        "original_score": 47.0,
        "resit_score": 72.0
      },
      "NUS221": {
        "course_code": "NUS221",
        "course_title": "Human Anatomy IV",
        "credit_unit": 4.0,
        "original_score": 46.0,
        "resit_score": 77.0
      }
    },
    "passed_resit_courses": {
      "NUR227": {
        "course_code": "NUR227",
        "course_title": "Client Case/Care Study",
        "credit_unit": 2.0,
        "original_score": 47.0,
        "resit_score": 72.0
      },
      "NUS221": {
        "course_code": "NUS221",
        "course_title": "Human Anatomy IV",
        "credit_unit": 4.0,
        "original_score": 46.0,
        "resit_score": 77.0
      }
    },
    "failed_resit_courses": {}
  },
  "FCTCONS/ND24/103": {
    "exam_number": "FCTCONS/ND24/103",
    "name": "WAKILI SHEJIYABA CONFIDENCE",
    "carryover_courses": {
      "NUR221": {
        "course_code": "NUR221",
        "course_title": "Foundations Of Nursing IV",
        "credit_unit": 4.0,
        "original_score": 42.0,
        "resit_score": 61.0
      },
      "NUR225": {
        "course_code": "NUR225",
        "course_title": "Research Methodology II",
        "credit_unit": 2.0,
        "original_score": 44.0,
        "resit_score": 68.0
      }
    },
    "passed_resit_courses": {
      "NUR221": {
        "course_code": "NUR221",
        "course_title": "Foundations Of Nursing IV",
        "credit_unit": 4.0,
        "original_score": 42.0,
        "resit_score": 61.0
      },
      "NUR225": {
        "course_code": "NUR225",
        "course_title": "Research Methodology II",
        "credit_unit": 2.0,
        "original_score": 44.0,
        "resit_score": 68.0
      }
    },
    "failed_resit_courses": {}
  },
  "FCTCONS/ND24/105": {
    "exam_number": "FCTCONS/ND24/105",
    "name": "IJAUKA HENRY UJI",
    "carryover_courses": {
      "NUR222": {
        "course_code": "NUR222",
        "course_title": "Medical-Surgical  Nursing II",
        "credit_unit": 4.0,
        "original_score": 34.0,
        "resit_score": 57.0
      },
      "NUR224": {
        "course_code": "NUR224",
        "course_title": "Mental Health / Psychiatric Nursing",
        "credit_unit": 3.0,
        "original_score": 44.0,
        "resit_score": 68.0
      }
    },
    "passed_resit_courses": {
      "NUR222": {
        "course_code": "NUR222",
        "course_title": "Medical-Surgical  Nursing II",
        "credit_unit": 4.0,
        "original_score": 34.0,
        "resit_score": 57.0
      },
      "NUR224": {
        "course_code": "NUR224",
        "course_title": "Mental Health / Psychiatric Nursing",
        "credit_unit": 3.0,
        "original_score": 44.0,
        "resit_score": 68.0
      }
    },
    "failed_resit_courses": {}
  },
  "FCTCONS/ND24/110": {
    "exam_number": "FCTCONS/ND24/110",
    "name": "ABOKO DAVID JUNIOR",
    "carryover_courses": {
      "NUR221": {
        "course_code": "NUR221",
        "course_title": "Foundations Of Nursing IV",
        "credit_unit": 4.0,
        "original_score": 38.0,
        "resit_score": 71.0
      },
      "NUR223": {
        "course_code": "NUR223",
        "course_title": "Reproductive Health I",
        "credit_unit": 4.0,
        "original_score": 48.0,
        "resit_score": 58.0
      },
      "NUR224": {
        "course_code": "NUR224",
        "course_title": "Mental Health / Psychiatric Nursing",
        "credit_unit": 3.0,
        "original_score": 39.0,
        "resit_score": 61.0
      }
    },
    "passed_resit_courses": {
      "NUR221": {
        "course_code": "NUR221",
        "course_title": "Foundations Of Nursing IV",
        "credit_unit": 4.0,
        "original_score": 38.0,
        "resit_score": 71.0
      },
      "NUR223": {
        "course_code": "NUR223",
        "course_title": "Reproductive Health I",
        "credit_unit": 4.0,
        "original_score": 48.0,
        "resit_score": 58.0
      },
      "NUR224": {
        "course_code": "NUR224",
        "course_title": "Mental Health / Psychiatric Nursing",
        "credit_unit": 3.0,
        "original_score": 39.0,
        "resit_score": 61.0
      }
    },
    "failed_resit_courses": {}
  },
  "FCTCONS/ND24/112": {
    "exam_number": "FCTCONS/ND24/112",
    "name": "FOLORUNSHO AANUOLUWA PRECIOUS",
    "carryover_courses": {
      "EED216": {
        "course_code": "EED216",
        "course_title": "Practice Of Entrepreneurship",
        "credit_unit": 3.0,
        "original_score": 46.0,
        "resit_score": 60.0
      }
    },
    "passed_resit_courses": {
      "EED216": {
        "course_code": "EED216",
        "course_title": "Practice Of Entrepreneurship",
        "credit_unit": 3.0,
        "original_score": 46.0,
        "resit_score": 60.0
      }
    },
    "failed_resit_courses": {}
  },
  "FCTCONS/ND24/114": {
    "exam_number": "FCTCONS/ND24/114",
    "name": "YUSUF BASHIRAT ADEOLA",
    "carryover_courses": {
      "NUR223": {
        "course_code": "NUR223",
        "course_title": "Reproductive Health I",
        "credit_unit": 4.0,
        "original_score": 49.0,
        "resit_score": 63.0
      },
      "NUR224": {
        "course_code": "NUR224",
        "course_title": "Mental Health / Psychiatric Nursing",
        "credit_unit": 3.0,
        "original_score": 38.0,
        "resit_score": 65.0
      }
    },
    "passed_resit_courses": {
      "NUR223": {
        "course_code": "NUR223",
        "course_title": "Reproductive Health I",
        "credit_unit": 4.0,
        "original_score": 49.0,
        "resit_score": 63.0
      },
      "NUR224": {
        "course_code": "NUR224",
        "course_title": "Mental Health / Psychiatric Nursing",
        "credit_unit": 3.0,
        "original_score": 38.0,
        "resit_score": 65.0
      }
    },
    "failed_resit_courses": {}
  },
  "FCTCONS/ND24/120": {
    "exam_number": "FCTCONS/ND24/120",
    "name": "EMMANUEL ZIPPORAH",
    "carryover_courses": {
      "NUR223": {
        "course_code": "NUR223",
        "course_title": "Reproductive Health I",
        "credit_unit": 4.0,
        "original_score": 46.0,
        "resit_score": 52.0
      }
    },
    "passed_resit_courses": {
      "NUR223": {
        "course_code": "NUR223",
        "course_title": "Reproductive Health I",
        "credit_unit": 4.0,
        "original_score": 46.0,
        "resit_score": 52.0
      }
    },
    "failed_resit_courses": {}
  },
  "FCTCONS/ND24/124": {
    "exam_number": "FCTCONS/ND24/124",
    "name": "IGWE GOODNESS CHINEYENWA",
    "carryover_courses": {
      "NUR223": {
        "course_code": "NUR223",
        "course_title": "Reproductive Health I",
        "credit_unit": 4.0,
        "original_score": 46.0,
        "resit_score": 67.0
      },
      "NUS222": {
        "course_code": "NUS222",
        "course_title": "Human Physiology IV",
        "credit_unit": 2.0,
        "original_score": 30.0,
        "resit_score": 65.0
      }
    },
    "passed_resit_courses": {
      "NUR223": {
        "course_code": "NUR223",
        "course_title": "Reproductive Health I",
        "credit_unit": 4.0,
        "original_score": 46.0,
        "resit_score": 67.0
      },
      "NUS222": {
        "course_code": "NUS222",
        "course_title": "Human Physiology IV",
        "credit_unit": 2.0,
        "original_score": 30.0,
        "resit_score": 65.0
      }
    },
    "failed_resit_courses": {}
  },
  "FCTCONS/ND24/125": {
    "exam_number": "FCTCONS/ND24/125",
    "name": "OKAH ANNA UDUMMA",
    "carryover_courses": {
      "NUR225": {
        "course_code": "NUR225",
        "course_title": "Research Methodology II",
        "credit_unit": 2.0,
        "original_score": 48.0,
        "resit_score": 58.0
      }
    },
    "passed_resit_courses": {
      "NUR225": {
        "course_code": "NUR225",
        "course_title": "Research Methodology II",
        "credit_unit": 2.0,
        "original_score": 48.0,
        "resit_score": 58.0
      }
    },
    "failed_resit_courses": {}
  },
  "FCTCONS/ND24/128": {
    "exam_number": "FCTCONS/ND24/128",
    "name": "CHIME KENECHI PAULINE",
    "carryover_courses": {
      "NUR224": {
        "course_code": "NUR224",
        "course_title": "Mental Health / Psychiatric Nursing",
        "credit_unit": 3.0,
        "original_score": 45.0,
        "resit_score": 78.0
      }
    },
    "passed_resit_courses": {
      "NUR224": {
        "course_code": "NUR224",
        "course_title": "Mental Health / Psychiatric Nursing",
        "credit_unit": 3.0,
        "original_score": 45.0,
        "resit_score": 78.0
      }
    },
    "failed_resit_courses": {}
  },
  "FCTCONS/ND24/132": {
    "exam_number": "FCTCONS/ND24/132",
    "name": "CHUDE ALEXANDER CHIDUBEM",
    "carryover_courses": {
      "NUS222": {
        "course_code": "NUS222",
        "course_title": "Human Physiology IV",
        "credit_unit": 2.0,
        "original_score": 36.0,
        "resit_score": 67.0
      }
    },
    "passed_resit_courses": {
      "NUS222": {
        "course_code": "NUS222",
        "course_title": "Human Physiology IV",
        "credit_unit": 2.0,
        "original_score": 36.0,
        "resit_score": 67.0
      }
    },
    "failed_resit_courses": {}
  },
  "FCTCONS/ND24/134": {
    "exam_number": "FCTCONS/ND24/134",
    "name": "NUHU FAVOUR AUDU",
    "carryover_courses": {
      "NUR223": {
        "course_code": "NUR223",
        "course_title": "Reproductive Health I",
        "credit_unit": 4.0,
        "original_score": 46.0,
        "resit_score": 75.0
      }
    },
    "passed_resit_courses": {
      "NUR223": {
        "course_code": "NUR223",
        "course_title": "Reproductive Health I",
        "credit_unit": 4.0,
        "original_score": 46.0,
        "resit_score": 75.0
      }
    },
    "failed_resit_courses": {}
  },
  "FCTCONS/ND24/136": {
    "exam_number": "FCTCONS/ND24/136",
    "name": "JACOB OJIMA PENIEL",
    "carryover_courses": {
      "NUR221": {
        "course_code": "NUR221",
        "course_title": "Foundations Of Nursing IV",
        "credit_unit": 4.0,
        "original_score": 40.0,
        "resit_score": 68.0
      },
      "NUR224": {
        "course_code": "NUR224",
        "course_title": "Mental Health / Psychiatric Nursing",
        "credit_unit": 3.0,
        "original_score": 48.0,
        "resit_score": 70.0
      }
    },
    "passed_resit_courses": {
      "NUR221": {
        "course_code": "NUR221",
        "course_title": "Foundations Of Nursing IV",
        "credit_unit": 4.0,
        "original_score": 40.0,
        "resit_score": 68.0
      },
      "NUR224": {
        "course_code": "NUR224",
        "course_title": "Mental Health / Psychiatric Nursing",
        "credit_unit": 3.0,
        "original_score": 48.0,
        "resit_score": 70.0
      }
    },
    "failed_resit_courses": {}
  },
  "FCTCONS/ND24/137": {
    "exam_number": "FCTCONS/ND24/137",
    "name": "ELIZABETH DANIEL",
    "carryover_courses": {
      "NUR221": {
        "course_code": "NUR221",
        "course_title": "Foundations Of Nursing IV",
        "credit_unit": 4.0,
        "original_score": 41.0,
        "resit_score": 57.0
      },
      "NUS221": {
        "course_code": "NUS221",
        "course_title": "Human Anatomy IV",
        "credit_unit": 4.0,
        "original_score": 48.0,
        "resit_score": 64.0
      }
    },
    "passed_resit_courses": {
      "NUR221": {
        "course_code": "NUR221",
        "course_title": "Foundations Of Nursing IV",
        "credit_unit": 4.0,
        "original_score": 41.0,
        "resit_score": 57.0
      },
      "NUS221": {
        "course_code": "NUS221",
        "course_title": "Human Anatomy IV",
        "credit_unit": 4.0,
        "original_score": 48.0,
        "resit_score": 64.0
      }
    },
    "failed_resit_courses": {}
  }
}