[
  {
    "exam_number": "7433",
    "name": "ABDULHAMID HAJARA",
    "failed_courses": [
      {
        "course_code": "GNS311",
        "original_score": 44.0,
        "semester": "N-THIRD-YEAR-FIRST-SEMESTER",
        "set": "SET48",
        "resit_attempts": 0,
        "best_score": 44.0,
        "status": "Failed"
      },
      {
        "course_code": "GNS313",
        "original_score": 39.0,
        "semester": "N-THIRD-YEAR-FIRST-SEMESTER",
        "set": "SET48",
        "resit_attempts": 0,
        "best_score": 39.0,
        "status": "Failed"
      },
      {
        "course_code": "GNS315",
        "original_score": 30.0,
        "semester": "N-THIRD-YEAR-FIRST-SEMESTER",
        "set": "SET48",
        "resit_attempts": 0,
        "best_score": 30.0,
        "status": "Failed"
      },
      {
        "course_code": "GNS318",
        "original_score": 0.0,
        "semester": "N-THIRD-YEAR-FIRST-SEMESTER",
        "set": "SET48",
        "resit_attempts": 0,
        "best_score": 0.0,
        "status": "Failed"
      }
    ],
    "semester": "N-THIRD-YEAR-FIRST-SEMESTER",
    "set": "SET48",
    "identified_date": "2025-11-26 01:03:35",
    "total_resit_attempts": 0,
    "status": "Active",
    "probation_status": false
  },
  {
    "exam_number": "7436",
    "name": "ABDULLAHI ZULAIHAT",
    "failed_courses": [
      {
        "course_code": "GNS311",
        "original_score": 42.0,
        "semester": "N-THIRD-YEAR-FIRST-SEMESTER",
        "set": "SET48",
        "resit_attempts": 0,
        "best_score": 42.0,
        "status": "Failed"
      },
      {
        "course_code": "GNS313",
        "original_score": 18.0,
        "semester": "N-THIRD-YEAR-FIRST-SEMESTER",
        "set": "SET48",
        "resit_attempts": 0,
        "best_score": 18.0,
        "status": "Failed"
      },
      {
        "course_code": "GNS316",
        "original_score": 46.0,
        "semester": "N-THIRD-YEAR-FIRST-SEMESTER",
        "set": "SET48",
        "resit_attempts": 0,
        "best_score": 46.0,
        "status": "Failed"
      },
      {
        "course_code": "GNS318",
        "original_score": 0.0,
        "semester": "N-THIRD-YEAR-FIRST-SEMESTER",
        "set": "SET48",
        "resit_attempts": 0,
        "best_score": 0.0,
        "status": "Failed"
      }
    ],
    "semester": "N-THIRD-YEAR-FIRST-SEMESTER",
    "set": "SET48",
    "identified_date": "2025-11-26 01:03:35",
    "total_resit_attempts": 0,
    "status": "Active",
    "probation_status": false
  },
  {
    "exam_number": "7440",
    "name": "ABDULSALAM  ZULIEHAT",
    "failed_courses": [
      {
        "course_code": "GNS311",
        "original_score": 38.0,
        "semester": "N-THIRD-YEAR-FIRST-SEMESTER",
        "set": "SET48",
        "resit_attempts": 0,
        "best_score": 38.0,
        "status": "Failed"
      },
      {
        "course_code": "GNS313",
        "original_score": 46.0,
        "semester": "N-THIRD-YEAR-FIRST-SEMESTER",
        "set": "SET48",
        "resit_attempts": 0,
        "best_score": 46.0,
        "status": "Failed"
      },
      {
        "course_code": "GNS316",
        "original_score": 32.0,
        "semester": "N-THIRD-YEAR-FIRST-SEMESTER",
        "set": "SET48",
        "resit_attempts": 0,
        "best_score": 32.0,
        "status": "Failed"
      },
      {
        "course_code": "GNS318",
        "original_score": 0.0,
        "semester": "N-THIRD-YEAR-FIRST-SEMESTER",
        "set": "SET48",
        "resit_attempts": 0,
        "best_score": 0.0,
        "status": "Failed"
      }
    ],
    "semester": "N-THIRD-YEAR-FIRST-SEMESTER",
    "set": "SET48",
    "identified_date": "2025-11-26 01:03:35",
    "total_resit_attempts": 0,
    "status": "Active",
    "probation_status": false
  },
  {
    "exam_number": "7443",
    "name": "ABUBAKAR  NABILA",
    "failed_courses": [
      {
        "course_code": "GNS311",
        "original_score": 30.0,
        "semester": "N-THIRD-YEAR-FIRST-SEMESTER",
        "set": "SET48",
        "resit_attempts": 0,
        "best_score": 30.0,
        "status": "Failed"
      },
      {
        "course_code": "GNS313",
        "original_score": 22.0,
        "semester": "N-THIRD-YEAR-FIRST-SEMESTER",
        "set": "SET48",
        "resit_attempts": 0,
        "best_score": 22.0,
        "status": "Failed"
      },
      {
        "course_code": "GNS316",
        "original_score": 44.0,
        "semester": "N-THIRD-YEAR-FIRST-SEMESTER",
        "set": "SET48",
        "resit_attempts": 0,
        "best_score": 44.0,
        "status": "Failed"
      },
      {
        "course_code": "GNS318",
        "original_score": 0.0,
        "semester": "N-THIRD-YEAR-FIRST-SEMESTER",
        "set": "SET48",
        "resit_attempts": 0,
        "best_score": 0.0,
        "status": "Failed"
      }
    ],
    "semester": "N-THIRD-YEAR-FIRST-SEMESTER",
    "set": "SET48",
    "identified_date": "2025-11-26 01:03:35",
    "total_resit_attempts": 0,
    "status": "Active",
    "probation_status": false
  },
  {
    "exam_number": "7450",
    "name": "ADEKOYA SAMUEL EBUNOLUWA",
    "failed_courses": [
      {
        "course_code": "GNS315",
        "original_score": 48.0,
        "semester": "N-THIRD-YEAR-FIRST-SEMESTER",
        "set": "SET48",
        "resit_attempts": 0,
        "best_score": 48.0,
        "status": "Failed"
      },
      {
        "course_code": "GNS318",
        "original_score": 0.0,
        "semester": "N-THIRD-YEAR-FIRST-SEMESTER",
        "set": "SET48",
        "resit_attempts": 0,
        "best_score": 0.0,
        "status": "Failed"
      },
      {
        "course_code": "GNS317",
        "original_score": 12.0,
        "semester": "N-THIRD-YEAR-FIRST-SEMESTER",
        "set": "SET48",
        "resit_attempts": 0,
        "best_score": 12.0,
        "status": "Failed"
      }
    ],
    "semester": "N-THIRD-YEAR-FIRST-SEMESTER",
    "set": "SET48",
    "identified_date": "2025-11-26 01:03:35",
    "total_resit_attempts": 0,
    "status": "Active",
    "probation_status": false
  },
  {
    "exam_number": "7451",
    "name": "ADO AMATULLAH",
    "failed_courses": [
      {
        "course_code": "GNS313",
        "original_score": 26.0,
        "semester": "N-THIRD-YEAR-FIRST-SEMESTER",
        "set": "SET48",
        "resit_attempts": 0,
        "best_score": 26.0,
        "status": "Failed"
      },
      {
        "course_code": "GNS316",
        "original_score": 26.0,
        "semester": "N-THIRD-YEAR-FIRST-SEMESTER",
        "set": "SET48",
        "resit_attempts": 0,
        "best_score": 26.0,
        "status": "Failed"
      },
      {
        "course_code": "GNS318",
        "original_score": 0.0,
        "semester": "N-THIRD-YEAR-FIRST-SEMESTER",
        "set": "SET48",
        "resit_attempts": 0,
        "best_score": 0.0,
        "status": "Failed"
      },
      {
        "course_code": "GNS317",
        "original_score": 20.0,
        "semester": "N-THIRD-YEAR-FIRST-SEMESTER",
        "set": "SET48",
        "resit_attempts": 0,
        "best_score": 20.0,
        "status": "Failed"
      }
    ],
    "semester": "N-THIRD-YEAR-FIRST-SEMESTER",
    "set": "SET48",
    "identified_date": "2025-11-26 01:03:35",
    "total_resit_attempts": 0,
    "status": "Active",
    "probation_status": false
  },
  {
    "exam_number": "7456",
    "name": "AHMED-RUFAI ASMAU",
    "failed_courses": [
      {
        "course_code": "GNS311",
        "original_score": 42.0,
        "semester": "N-THIRD-YEAR-FIRST-SEMESTER",
        "set": "SET48",
        "resit_attempts": 0,
        "best_score": 42.0,
        "status": "Failed"
      },
      {
        "course_code": "GNS315",
        "original_score": 44.0,
        "semester": "N-THIRD-YEAR-FIRST-SEMESTER",
        "set": "SET48",
        "resit_attempts": 0,
        "best_score": 44.0,
        "status": "Failed"
      },
      {
        "course_code": "GNS318",
        "original_score": 0.0,
        "semester": "N-THIRD-YEAR-FIRST-SEMESTER",
        "set": "SET48",
        "resit_attempts": 0,
        "best_score": 0.0,
        "status": "Failed"
      }
    ],
    "semester": "N-THIRD-YEAR-FIRST-SEMESTER",
    "set": "SET48",
    "identified_date": "2025-11-26 01:03:35",
    "total_resit_attempts": 0,
    "status": "Active",
    "probation_status": false
  },
  {
    "exam_number": "7460",
    "name": "ALHAMDU ISAAC",
    "failed_courses": [
      {
        "course_code": "GNS311",
        "original_score": 40.0,
        "semester": "N-THIRD-YEAR-FIRST-SEMESTER",
        "set": "SET48",
        "resit_attempts": 0,
        "best_score": 40.0,
        "status": "Failed"
      },
      {
        "course_code": "GNS314",
        "original_score": 36.0,
        "semester": "N-THIRD-YEAR-FIRST-SEMESTER",
        "set": "SET48",
        "resit_attempts": 0,
        "best_score": 36.0,
        "status": "Failed"
      },
      {
        "course_code": "GNS315",
        "original_score": 38.0,
        "semester": "N-THIRD-YEAR-FIRST-SEMESTER",
        "set": "SET48",
        "resit_attempts": 0,
        "best_score": 38.0,
        "status": "Failed"
      },
      {
        "course_code": "GNS318",
        "original_score": 0.0,
        "semester": "N-THIRD-YEAR-FIRST-SEMESTER",
        "set": "SET48",
        "resit_attempts": 0,
        "best_score": 0.0,
        "status": "Failed"
      }
    ],
    "semester": "N-THIRD-YEAR-FIRST-SEMESTER",
    "set": "SET48",
    "identified_date": "2025-11-26 01:03:35",
    "total_resit_attempts": 0,
    "status": "Active",
    "probation_status": true
  },
  {
    "exam_number": "7463",
    "name": "ALIU MARIA OCHUWA",
    "failed_courses": [
      {
        "course_code": "GNS311",
        "original_score": 32.0,
        "semester": "N-THIRD-YEAR-FIRST-SEMESTER",
        "set": "SET48",
        "resit_attempts": 0,
        "best_score": 32.0,
        "status": "Failed"
      },
      {
        "course_code": "GNS315",
        "original_score": 47.0,
        "semester": "N-THIRD-YEAR-FIRST-SEMESTER",
        "set": "SET48",
        "resit_attempts": 0,
        "best_score": 47.0,
        "status": "Failed"
      },
      {
        "course_code": "GNS316",
        "original_score": 35.0,
        "semester": "N-THIRD-YEAR-FIRST-SEMESTER",
        "set": "SET48",
        "resit_attempts": 0,
        "best_score": 35.0,
        "status": "Failed"
      },
      {
        "course_code": "GNS318",
        "original_score": 0.0,
        "semester": "N-THIRD-YEAR-FIRST-SEMESTER",
        "set": "SET48",
        "resit_attempts": 0,
        "best_score": 0.0,
        "status": "Failed"
      }
    ],
    "semester": "N-THIRD-YEAR-FIRST-SEMESTER",
    "set": "SET48",
    "identified_date": "2025-11-26 01:03:35",
    "total_resit_attempts": 0,
    "status": "Active",
    "probation_status": false
  },
  {
    "exam_number": "7467",
    "name": "AMADI JULIET OBIANUJUNWA",
    "failed_courses": [
      {
        "course_code": "GNS316",
        "original_score": 48.0,
        "semester": "N-THIRD-YEAR-FIRST-SEMESTER",
        "set": "SET48",
        "resit_attempts": 0,
        "best_score": 48.0,
        "status": "Failed"
      },
      {
        "course_code": "GNS318",
        "original_score": 0.0,
        "semester": "N-THIRD-YEAR-FIRST-SEMESTER",
        "set": "SET48",
        "resit_attempts": 0,
        "best_score": 0.0,
        "status": "Failed"
      }
    ],
    "semester": "N-THIRD-YEAR-FIRST-SEMESTER",
    "set": "SET48",
    "identified_date": "2025-11-26 01:03:35",
    "total_resit_attempts": 0,
    "status": "Active",
    "probation_status": false
  },
  {
    "exam_number": "7472",
    "name": "ANTHONY OBADIAH",
    "failed_courses": [
      {
        "course_code": "GNS312",
        "original_score": 46.0,
        "semester": "N-THIRD-YEAR-FIRST-SEMESTER",
        "set": "SET48",
        "resit_attempts": 0,
        "best_score": 46.0,
        "status": "Failed"
      },
      {
        "course_code": "GNS314",
        "original_score": 38.0,
        "semester": "N-THIRD-YEAR-FIRST-SEMESTER",
        "set": "SET48",
        "resit_attempts": 0,
        "best_score": 38.0,
        "status": "Failed"
      },
      {
        "course_code": "GNS318",
        "original_score": 0.0,
        "semester": "N-THIRD-YEAR-FIRST-SEMESTER",
        "set": "SET48",
        "resit_attempts": 0,
        "best_score": 0.0,
        "status": "Failed"
      },
      {
        "course_code": "GNS317",
        "original_score": 32.0,
        "semester": "N-THIRD-YEAR-FIRST-SEMESTER",
        "set": "SET48",
        "resit_attempts": 0,
        "best_score": 32.0,
        "status": "Failed"
      }
    ],
    "semester": "N-THIRD-YEAR-FIRST-SEMESTER",
    "set": "SET48",
    "identified_date": "2025-11-26 01:03:35",
    "total_resit_attempts": 0,
    "status": "Active",
    "probation_status": false
  },
  {
    "exam_number": "7478",
    "name": "AUGUSTINE  MONICA ENOSI",
    "failed_courses": [
      {
        "course_code": "GNS312",
        "original_score": 30.0,
        "semester": "N-THIRD-YEAR-FIRST-SEMESTER",
        "set": "SET48",
        "resit_attempts": 0,
        "best_score": 30.0,
        "status": "Failed"
      },
      {
        "course_code": "GNS313",
        "original_score": 46.0,
        "semester": "N-THIRD-YEAR-FIRST-SEMESTER",
        "set": "SET48",
        "resit_attempts": 0,
        "best_score": 46.0,
        "status": "Failed"
      },
      {
        "course_code": "GNS316",
        "original_score": 25.0,
        "semester": "N-THIRD-YEAR-FIRST-SEMESTER",
        "set": "SET48",
        "resit_attempts": 0,
        "best_score": 25.0,
        "status": "Failed"
      },
      {
        "course_code": "GNS318",
        "original_score": 0.0,
        "semester": "N-THIRD-YEAR-FIRST-SEMESTER",
        "set": "SET48",
        "resit_attempts": 0,
        "best_score": 0.0,
        "status": "Failed"
      }
    ],
    "semester": "N-THIRD-YEAR-FIRST-SEMESTER",
    "set": "SET48",
    "identified_date": "2025-11-26 01:03:35",
    "total_resit_attempts": 0,
    "status": "Active",
    "probation_status": false
  },
  {
    "exam_number": "7479",
    "name": "AWENEBI AYOMIKUN ESTHER",
    "failed_courses": [
      {
        "course_code": "GNS313",
        "original_score": 18.0,
        "semester": "N-THIRD-YEAR-FIRST-SEMESTER",
        "set": "SET48",
        "resit_attempts": 0,
        "best_score": 18.0,
        "status": "Failed"
      },
      {
        "course_code": "GNS315",
        "original_score": 37.0,
        "semester": "N-THIRD-YEAR-FIRST-SEMESTER",
        "set": "SET48",
        "resit_attempts": 0,
        "best_score": 37.0,
        "status": "Failed"
      },
      {
        "course_code": "GNS318",
        "original_score": 0.0,
        "semester": "N-THIRD-YEAR-FIRST-SEMESTER",
        "set": "SET48",
        "resit_attempts": 0,
        "best_score": 0.0,
        "status": "Failed"
      },
      {
        "course_code": "GNS317",
        "original_score": 42.0,
        "semester": "N-THIRD-YEAR-FIRST-SEMESTER",
        "set": "SET48",
        "resit_attempts": 0,
        "best_score": 42.0,
        "status": "Failed"
      }
    ],
    "semester": "N-THIRD-YEAR-FIRST-SEMESTER",
    "set": "SET48",
    "identified_date": "2025-11-26 01:03:35",
    "total_resit_attempts": 0,
    "status": "Active",
    "probation_status": true
  },
  {
    "exam_number": "7483",
    "name": "BALA CHRISTOPHER BLAYA",
    "failed_courses": [
      {
        "course_code": "GNS315",
        "original_score": 40.0,
        "semester": "N-THIRD-YEAR-FIRST-SEMESTER",
        "set": "SET48",
        "resit_attempts": 0,
        "best_score": 40.0,
        "status": "Failed"
      },
      {
        "course_code": "GNS316",
        "original_score": 28.0,
        "semester": "N-THIRD-YEAR-FIRST-SEMESTER",
        "set": "SET48",
        "resit_attempts": 0,
        "best_score": 28.0,
        "status": "Failed"
      },
      {
        "course_code": "GNS318",
        "original_score": 0.0,
        "semester": "N-THIRD-YEAR-FIRST-SEMESTER",
        "set": "SET48",
        "resit_attempts": 0,
        "best_score": 0.0,
        "status": "Failed"
      }
    ],
    "semester": "N-THIRD-YEAR-FIRST-SEMESTER",
    "set": "SET48",
    "identified_date": "2025-11-26 01:03:35",
    "total_resit_attempts": 0,
    "status": "Active",
    "probation_status": false
  },
  {
    "exam_number": "7493",
    "name": "DAVID JAMES",
    "failed_courses": [
      {
        "course_code": "GNS312",
        "original_score": 30.0,
        "semester": "N-THIRD-YEAR-FIRST-SEMESTER",
        "set": "SET48",
        "resit_attempts": 0,
        "best_score": 30.0,
        "status": "Failed"
      },
      {
        "course_code": "GNS316",
        "original_score": 47.0,
        "semester": "N-THIRD-YEAR-FIRST-SEMESTER",
        "set": "SET48",
        "resit_attempts": 0,
        "best_score": 47.0,
        "status": "Failed"
      },
      {
        "course_code": "GNS318",
        "original_score": 0.0,
        "semester": "N-THIRD-YEAR-FIRST-SEMESTER",
        "set": "SET48",
        "resit_attempts": 0,
        "best_score": 0.0,
        "status": "Failed"
      }
    ],
    "semester": "N-THIRD-YEAR-FIRST-SEMESTER",
    "set": "SET48",
    "identified_date": "2025-11-26 01:03:35",
    "total_resit_attempts": 0,
    "status": "Active",
    "probation_status": false
  },
  {
    "exam_number": "7495",
    "name": "DOKIH BLESSING IVREN",
    "failed_courses": [
      {
        "course_code": "GNS311",
        "original_score": 30.0,
        "semester": "N-THIRD-YEAR-FIRST-SEMESTER",
        "set": "SET48",
        "resit_attempts": 0,
        "best_score": 30.0,
        "status": "Failed"
      },
      {
        "course_code": "GNS313",
        "original_score": 26.0,
        "semester": "N-THIRD-YEAR-FIRST-SEMESTER",
        "set": "SET48",
        "resit_attempts": 0,
        "best_score": 26.0,
        "status": "Failed"
      },
      {
        "course_code": "GNS318",
        "original_score": 0.0,
        "semester": "N-THIRD-YEAR-FIRST-SEMESTER",
        "set": "SET48",
        "resit_attempts": 0,
        "best_score": 0.0,
        "status": "Failed"
      }
    ],
    "semester": "N-THIRD-YEAR-FIRST-SEMESTER",
    "set": "SET48",
    "identified_date": "2025-11-26 01:03:35",
    "total_resit_attempts": 0,
    "status": "Active",
    "probation_status": false
  },
  {
    "exam_number": "7497",
    "name": "EBERECHUKWU DIVINE STEPHEN",
    "failed_courses": [
      {
        "course_code": "GNS311",
        "original_score": 46.0,
        "semester": "N-THIRD-YEAR-FIRST-SEMESTER",
        "set": "SET48",
        "resit_attempts": 0,
        "best_score": 46.0,
        "status": "Failed"
      },
      {
        "course_code": "GNS314",
        "original_score": 28.0,
        "semester": "N-THIRD-YEAR-FIRST-SEMESTER",
        "set": "SET48",
        "resit_attempts": 0,
        "best_score": 28.0,
        "status": "Failed"
      },
      {
        "course_code": "GNS315",
        "original_score": 46.0,
        "semester": "N-THIRD-YEAR-FIRST-SEMESTER",
        "set": "SET48",
        "resit_attempts": 0,
        "best_score": 46.0,
        "status": "Failed"
      },
      {
        "course_code": "GNS318",
        "original_score": 0.0,
        "semester": "N-THIRD-YEAR-FIRST-SEMESTER",
        "set": "SET48",
        "resit_attempts": 0,
        "best_score": 0.0,
        "status": "Failed"
      }
    ],
    "semester": "N-THIRD-YEAR-FIRST-SEMESTER",
    "set": "SET48",
    "identified_date": "2025-11-26 01:03:35",
    "total_resit_attempts": 0,
    "status": "Active",
    "probation_status": false
  },
  {
    "exam_number": "7500",
    "name": "ELOCHUKWU PROMISE ONYINYECHI",
    "failed_courses": [
      {
        "course_code": "GNS313",
        "original_score": 24.0,
        "semester": "N-THIRD-YEAR-FIRST-SEMESTER",
        "set": "SET48",
        "resit_attempts": 0,
        "best_score": 24.0,
        "status": "Failed"
      },
      {
        "course_code": "GNS318",
        "original_score": 0.0,
        "semester": "N-THIRD-YEAR-FIRST-SEMESTER",
        "set": "SET48",
        "resit_attempts": 0,
        "best_score": 0.0,
        "status": "Failed"
      }
    ],
    "semester": "N-THIRD-YEAR-FIRST-SEMESTER",
    "set": "SET48",
    "identified_date": "2025-11-26 01:03:35",
    "total_resit_attempts": 0,
    "status": "Active",
    "probation_status": false
  },
  {
    "exam_number": "7504",
    "name": "EMEKA  FAVOUR CHISOM",
    "failed_courses": [
      {
        "course_code": "GNS312",
        "original_score": 38.0,
        "semester": "N-THIRD-YEAR-FIRST-SEMESTER",
        "set": "SET48",
        "resit_attempts": 0,
        "best_score": 38.0,
        "status": "Failed"
      },
      {
        "course_code": "GNS313",
        "original_score": 44.0,
        "semester": "N-THIRD-YEAR-FIRST-SEMESTER",
        "set": "SET48",
        "resit_attempts": 0,
        "best_score": 44.0,
        "status": "Failed"
      },
      {
        "course_code": "GNS315",
        "original_score": 42.0,
        "semester": "N-THIRD-YEAR-FIRST-SEMESTER",
        "set": "SET48",
        "resit_attempts": 0,
        "best_score": 42.0,
        "status": "Failed"
      },
      {
        "course_code": "GNS316",
        "original_score": 29.0,
        "semester": "N-THIRD-YEAR-FIRST-SEMESTER",
        "set": "SET48",
        "resit_attempts": 0,
        "best_score": 29.0,
        "status": "Failed"
      },
      {
        "course_code": "GNS318",
        "original_score": 0.0,
        "semester": "N-THIRD-YEAR-FIRST-SEMESTER",
        "set": "SET48",
        "resit_attempts": 0,
        "best_score": 0.0,
        "status": "Failed"
      }
    ],
    "semester": "N-THIRD-YEAR-FIRST-SEMESTER",
    "set": "SET48",
    "identified_date": "2025-11-26 01:03:35",
    "total_resit_attempts": 0,
    "status": "Active",
    "probation_status": true
  },
  {
    "exam_number": "7507",
    "name": "ESIKE  CHINENYE STEPHANIE",
    "failed_courses": [
      {
        "course_code": "GNS311",
        "original_score": 47.0,
        "semester": "N-THIRD-YEAR-FIRST-SEMESTER",
        "set": "SET48",
        "resit_attempts": 0,
        "best_score": 47.0,
        "status": "Failed"
      },
      {
        "course_code": "GNS313",
        "original_score": 38.0,
        "semester": "N-THIRD-YEAR-FIRST-SEMESTER",
        "set": "SET48",
        "resit_attempts": 0,
        "best_score": 38.0,
        "status": "Failed"
      },
      {
        "course_code": "GNS315",
        "original_score": 48.0,
        "semester": "N-THIRD-YEAR-FIRST-SEMESTER",
        "set": "SET48",
        "resit_attempts": 0,
        "best_score": 48.0,
        "status": "Failed"
      },
      {
        "course_code": "GNS318",
        "original_score": 0.0,
        "semester": "N-THIRD-YEAR-FIRST-SEMESTER",
        "set": "SET48",
        "resit_attempts": 0,
        "best_score": 0.0,
        "status": "Failed"
      }
    ],
    "semester": "N-THIRD-YEAR-FIRST-SEMESTER",
    "set": "SET48",
    "identified_date": "2025-11-26 01:03:35",
    "total_resit_attempts": 0,
    "status": "Active",
    "probation_status": false
  },
  {
    "exam_number": "7512",
    "name": "GEORGE  JOSEPH GEORGE",
    "failed_courses": [
      {
        "course_code": "GNS312",
        "original_score": 23.0,
        "semester": "N-THIRD-YEAR-FIRST-SEMESTER",
        "set": "SET48",
        "resit_attempts": 0,
        "best_score": 23.0,
        "status": "Failed"
      },
      {
        "course_code": "GNS315",
        "original_score": 34.0,
        "semester": "N-THIRD-YEAR-FIRST-SEMESTER",
        "set": "SET48",
        "resit_attempts": 0,
        "best_score": 34.0,
        "status": "Failed"
      },
      {
        "course_code": "GNS316",
        "original_score": 49.0,
        "semester": "N-THIRD-YEAR-FIRST-SEMESTER",
        "set": "SET48",
        "resit_attempts": 0,
        "best_score": 49.0,
        "status": "Failed"
      },
      {
        "course_code": "GNS318",
        "original_score": 0.0,
        "semester": "N-THIRD-YEAR-FIRST-SEMESTER",
        "set": "SET48",
        "resit_attempts": 0,
        "best_score": 0.0,
        "status": "Failed"
      }
    ],
    "semester": "N-THIRD-YEAR-FIRST-SEMESTER",
    "set": "SET48",
    "identified_date": "2025-11-26 01:03:35",
    "total_resit_attempts": 0,
    "status": "Active",
    "probation_status": false
  },
  {
    "exam_number": "7514",
    "name": "HARUNA  PRINCESS ALHERI",
    "failed_courses": [
      {
        "course_code": "GNS314",
        "original_score": 38.0,
        "semester": "N-THIRD-YEAR-FIRST-SEMESTER",
        "set": "SET48",
        "resit_attempts": 0,
        "best_score": 38.0,
        "status": "Failed"
      },
      {
        "course_code": "GNS316",
        "original_score": 30.0,
        "semester": "N-THIRD-YEAR-FIRST-SEMESTER",
        "set": "SET48",
        "resit_attempts": 0,
        "best_score": 30.0,
        "status": "Failed"
      },
      {
        "course_code": "GNS318",
        "original_score": 0.0,
        "semester": "N-THIRD-YEAR-FIRST-SEMESTER",
        "set": "SET48",
        "resit_attempts": 0,
        "best_score": 0.0,
        "status": "Failed"
      }
    ],
    "semester": "N-THIRD-YEAR-FIRST-SEMESTER",
    "set": "SET48",
    "identified_date": "2025-11-26 01:03:35",
    "total_resit_attempts": 0,
    "status": "Active",
    "probation_status": false
  },
  {
    "exam_number": "7515",
    "name": "HARUNA  HAFSAT UMAR",
    "failed_courses": [
      {
        "course_code": "GNS311",
        "original_score": 37.0,
        "semester": "N-THIRD-YEAR-FIRST-SEMESTER",
        "set": "SET48",
        "resit_attempts": 0,
        "best_score": 37.0,
        "status": "Failed"
      },
      {
        "course_code": "GNS312",
        "original_score": 36.0,
        "semester": "N-THIRD-YEAR-FIRST-SEMESTER",
        "set": "SET48",
        "resit_attempts": 0,
        "best_score": 36.0,
        "status": "Failed"
      },
      {
        "course_code": "GNS313",
        "original_score": 46.0,
        "semester": "N-THIRD-YEAR-FIRST-SEMESTER",
        "set": "SET48",
        "resit_attempts": 0,
        "best_score": 46.0,
        "status": "Failed"
      },
      {
        "course_code": "GNS318",
        "original_score": 0.0,
        "semester": "N-THIRD-YEAR-FIRST-SEMESTER",
        "set": "SET48",
        "resit_attempts": 0,
        "best_score": 0.0,
        "status": "Failed"
      }
    ],
    "semester": "N-THIRD-YEAR-FIRST-SEMESTER",
    "set": "SET48",
    "identified_date": "2025-11-26 01:03:35",
    "total_resit_attempts": 0,
    "status": "Active",
    "probation_status": false
  },
  {
    "exam_number": "7523",
    "name": "IKWUEZE SANDRA CHINAZA",
    "failed_courses": [
      {
        "course_code": "GNS312",
        "original_score": 40.0,
        "semester": "N-THIRD-YEAR-FIRST-SEMESTER",
        "set": "SET48",
        "resit_attempts": 0,
        "best_score": 40.0,
        "status": "Failed"
      },
      {
        "course_code": "GNS314",
        "original_score": 48.0,
        "semester": "N-THIRD-YEAR-FIRST-SEMESTER",
        "set": "SET48",
        "resit_attempts": 0,
        "best_score": 48.0,
        "status": "Failed"
      },
      {
        "course_code": "GNS318",
        "original_score": 0.0,
        "semester": "N-THIRD-YEAR-FIRST-SEMESTER",
        "set": "SET48",
        "resit_attempts": 0,
        "best_score": 0.0,
        "status": "Failed"
      },
      {
        "course_code": "GNS317",
        "original_score": 33.0,
        "semester": "N-THIRD-YEAR-FIRST-SEMESTER",
        "set": "SET48",
        "resit_attempts": 0,
        "best_score": 33.0,
        "status": "Failed"
      }
    ],
    "semester": "N-THIRD-YEAR-FIRST-SEMESTER",
    "set": "SET48",
    "identified_date": "2025-11-26 01:03:35",
    "total_resit_attempts": 0,
    "status": "Active",
    "probation_status": false
  },
  {
    "exam_number": "7543",
    "name": "LAWAL GLORY IFEOLUWA",
    "failed_courses": [
      {
        "course_code": "GNS314",
        "original_score": 40.0,
        "semester": "N-THIRD-YEAR-FIRST-SEMESTER",
        "set": "SET48",
        "resit_attempts": 0,
        "best_score": 40.0,
        "status": "Failed"
      },
      {
        "course_code": "GNS315",
        "original_score": 38.0,
        "semester": "N-THIRD-YEAR-FIRST-SEMESTER",
        "set": "SET48",
        "resit_attempts": 0,
        "best_score": 38.0,
        "status": "Failed"
      },
      {
        "course_code": "GNS318",
        "original_score": 0.0,
        "semester": "N-THIRD-YEAR-FIRST-SEMESTER",
        "set": "SET48",
        "resit_attempts": 0,
        "best_score": 0.0,
        "status": "Failed"
      }
    ],
    "semester": "N-THIRD-YEAR-FIRST-SEMESTER",
    "set": "SET48",
    "identified_date": "2025-11-26 01:03:35",
    "total_resit_attempts": 0,
    "status": "Active",
    "probation_status": false
  },
  {
    "exam_number": "7544",
    "name": "LAWRENCE  ESTHER AMARACHI",
    "failed_courses": [
      {
        "course_code": "GNS313",
        "original_score": 22.0,
        "semester": "N-THIRD-YEAR-FIRST-SEMESTER",
        "set": "SET48",
        "resit_attempts": 0,
        "best_score": 22.0,
        "status": "Failed"
      },
      {
        "course_code": "GNS314",
        "original_score": 42.0,
        "semester": "N-THIRD-YEAR-FIRST-SEMESTER",
        "set": "SET48",
        "resit_attempts": 0,
        "best_score": 42.0,
        "status": "Failed"
      },
      {
        "course_code": "GNS316",
        "original_score": 47.0,
        "semester": "N-THIRD-YEAR-FIRST-SEMESTER",
        "set": "SET48",
        "resit_attempts": 0,
        "best_score": 47.0,
        "status": "Failed"
      },
      {
        "course_code": "GNS318",
        "original_score": 0.0,
        "semester": "N-THIRD-YEAR-FIRST-SEMESTER",
        "set": "SET48",
        "resit_attempts": 0,
        "best_score": 0.0,
        "status": "Failed"
      }
    ],
    "semester": "N-THIRD-YEAR-FIRST-SEMESTER",
    "set": "SET48",
    "identified_date": "2025-11-26 01:03:35",
    "total_resit_attempts": 0,
    "status": "Active",
    "probation_status": false
  },
  {
    "exam_number": "7549",
    "name": "MAXWELL SHEKWOYA HANNAH",
    "failed_courses": [
      {
        "course_code": "GNS313",
        "original_score": 48.0,
        "semester": "N-THIRD-YEAR-FIRST-SEMESTER",
        "set": "SET48",
        "resit_attempts": 0,
        "best_score": 48.0,
        "status": "Failed"
      },
      {
        "course_code": "GNS316",
        "original_score": 44.0,
        "semester": "N-THIRD-YEAR-FIRST-SEMESTER",
        "set": "SET48",
        "resit_attempts": 0,
        "best_score": 44.0,
        "status": "Failed"
      },
      {
        "course_code": "GNS318",
        "original_score": 0.0,
        "semester": "N-THIRD-YEAR-FIRST-SEMESTER",
        "set": "SET48",
        "resit_attempts": 0,
        "best_score": 0.0,
        "status": "Failed"
      }
    ],
    "semester": "N-THIRD-YEAR-FIRST-SEMESTER",
    "set": "SET48",
    "identified_date": "2025-11-26 01:03:35",
    "total_resit_attempts": 0,
    "status": "Active",
    "probation_status": false
  },
  {
    "exam_number": "7550",
    "name": "MBUI GIFT  ODUM",
    "failed_courses": [
      {
        "course_code": "GNS312",
        "original_score": 22.0,
        "semester": "N-THIRD-YEAR-FIRST-SEMESTER",
        "set": "SET48",
        "resit_attempts": 0,
        "best_score": 22.0,
        "status": "Failed"
      },
      {
        "course_code": "GNS314",
        "original_score": 38.0,
        "semester": "N-THIRD-YEAR-FIRST-SEMESTER",
        "set": "SET48",
        "resit_attempts": 0,
        "best_score": 38.0,
        "status": "Failed"
      },
      {
        "course_code": "GNS318",
        "original_score": 0.0,
        "semester": "N-THIRD-YEAR-FIRST-SEMESTER",
        "set": "SET48",
        "resit_attempts": 0,
        "best_score": 0.0,
        "status": "Failed"
      },
      {
        "course_code": "GNS317",
        "original_score": 40.0,
        "semester": "N-THIRD-YEAR-FIRST-SEMESTER",
        "set": "SET48",
        "resit_attempts": 0,
        "best_score": 40.0,
        "status": "Failed"
      }
    ],
    "semester": "N-THIRD-YEAR-FIRST-SEMESTER",
    "set": "SET48",
    "identified_date": "2025-11-26 01:03:35",
    "total_resit_attempts": 0,
    "status": "Active",
    "probation_status": false
  },
  {
    "exam_number": "7551",
    "name": "MENSAH PRAISE CHIOMA",
    "failed_courses": [
      {
        "course_code": "GNS314",
        "original_score": 49.0,
        "semester": "N-THIRD-YEAR-FIRST-SEMESTER",
        "set": "SET48",
        "resit_attempts": 0,
        "best_score": 49.0,
        "status": "Failed"
      },
      {
        "course_code": "GNS315",
        "original_score": 48.0,
        "semester": "N-THIRD-YEAR-FIRST-SEMESTER",
        "set": "SET48",
        "resit_attempts": 0,
        "best_score": 48.0,
        "status": "Failed"
      },
      {
        "course_code": "GNS316",
        "original_score": 30.0,
        "semester": "N-THIRD-YEAR-FIRST-SEMESTER",
        "set": "SET48",
        "resit_attempts": 0,
        "best_score": 30.0,
        "status": "Failed"
      },
      {
        "course_code": "GNS318",
        "original_score": 0.0,
        "semester": "N-THIRD-YEAR-FIRST-SEMESTER",
        "set": "SET48",
        "resit_attempts": 0,
        "best_score": 0.0,
        "status": "Failed"
      }
    ],
    "semester": "N-THIRD-YEAR-FIRST-SEMESTER",
    "set": "SET48",
    "identified_date": "2025-11-26 01:03:35",
    "total_resit_attempts": 0,
    "status": "Active",
    "probation_status": false
  },
  {
    "exam_number": "7553",
    "name": "MICHAEL  OGHENEKOME FAVOUR",
    "failed_courses": [
      {
        "course_code": "GNS313",
        "original_score": 31.0,
        "semester": "N-THIRD-YEAR-FIRST-SEMESTER",
        "set": "SET48",
        "resit_attempts": 0,
        "best_score": 31.0,
        "status": "Failed"
      },
      {
        "course_code": "GNS315",
        "original_score": 31.0,
        "semester": "N-THIRD-YEAR-FIRST-SEMESTER",
        "set": "SET48",
        "resit_attempts": 0,
        "best_score": 31.0,
        "status": "Failed"
      },
      {
        "course_code": "GNS316",
        "original_score": 48.0,
        "semester": "N-THIRD-YEAR-FIRST-SEMESTER",
        "set": "SET48",
        "resit_attempts": 0,
        "best_score": 48.0,
        "status": "Failed"
      },
      {
        "course_code": "GNS318",
        "original_score": 0.0,
        "semester": "N-THIRD-YEAR-FIRST-SEMESTER",
        "set": "SET48",
        "resit_attempts": 0,
        "best_score": 0.0,
        "status": "Failed"
      }
    ],
    "semester": "N-THIRD-YEAR-FIRST-SEMESTER",
    "set": "SET48",
    "identified_date": "2025-11-26 01:03:35",
    "total_resit_attempts": 0,
    "status": "Active",
    "probation_status": false
  },
  {
    "exam_number": "7557",
    "name": "MOLOKWU ONYINYECHUKWU OLIVIA",
    "failed_courses": [
      {
        "course_code": "GNS313",
        "original_score": 23.0,
        "semester": "N-THIRD-YEAR-FIRST-SEMESTER",
        "set": "SET48",
        "resit_attempts": 0,
        "best_score": 23.0,
        "status": "Failed"
      },
      {
        "course_code": "GNS318",
        "original_score": 0.0,
        "semester": "N-THIRD-YEAR-FIRST-SEMESTER",
        "set": "SET48",
        "resit_attempts": 0,
        "best_score": 0.0,
        "status": "Failed"
      },
      {
        "course_code": "GNS317",
        "original_score": 42.0,
        "semester": "N-THIRD-YEAR-FIRST-SEMESTER",
        "set": "SET48",
        "resit_attempts": 0,
        "best_score": 42.0,
        "status": "Failed"
      }
    ],
    "semester": "N-THIRD-YEAR-FIRST-SEMESTER",
    "set": "SET48",
    "identified_date": "2025-11-26 01:03:35",
    "total_resit_attempts": 0,
    "status": "Active",
    "probation_status": false
  },
  {
    "exam_number": "7560",
    "name": "MOSES ESTHER SATI",
    "failed_courses": [
      {
        "course_code": "GNS312",
        "original_score": 42.0,
        "semester": "N-THIRD-YEAR-FIRST-SEMESTER",
        "set": "SET48",
        "resit_attempts": 0,
        "best_score": 42.0,
        "status": "Failed"
      },
      {
        "course_code": "GNS316",
        "original_score": 22.0,
        "semester": "N-THIRD-YEAR-FIRST-SEMESTER",
        "set": "SET48",
        "resit_attempts": 0,
        "best_score": 22.0,
        "status": "Failed"
      },
      {
        "course_code": "GNS318",
        "original_score": 0.0,
        "semester": "N-THIRD-YEAR-FIRST-SEMESTER",
        "set": "SET48",
        "resit_attempts": 0,
        "best_score": 0.0,
        "status": "Failed"
      },
      {
        "course_code": "GNS317",
        "original_score": 44.0,
        "semester": "N-THIRD-YEAR-FIRST-SEMESTER",
        "set": "SET48",
        "resit_attempts": 0,
        "best_score": 44.0,
        "status": "Failed"
      }
    ],
    "semester": "N-THIRD-YEAR-FIRST-SEMESTER",
    "set": "SET48",
    "identified_date": "2025-11-26 01:03:35",
    "total_resit_attempts": 0,
    "status": "Active",
    "probation_status": false
  },
  {
    "exam_number": "7565",
    "name": "MUHAMMAD DAWUD LAKPA",
    "failed_courses": [
      {
        "course_code": "GNS314",
        "original_score": 28.0,
        "semester": "N-THIRD-YEAR-FIRST-SEMESTER",
        "set": "SET48",
        "resit_attempts": 0,
        "best_score": 28.0,
        "status": "Failed"
      },
      {
        "course_code": "GNS315",
        "original_score": 47.0,
        "semester": "N-THIRD-YEAR-FIRST-SEMESTER",
        "set": "SET48",
        "resit_attempts": 0,
        "best_score": 47.0,
        "status": "Failed"
      },
      {
        "course_code": "GNS318",
        "original_score": 0.0,
        "semester": "N-THIRD-YEAR-FIRST-SEMESTER",
        "set": "SET48",
        "resit_attempts": 0,
        "best_score": 0.0,
        "status": "Failed"
      },
      {
        "course_code": "GNS317",
        "original_score": 36.0,
        "semester": "N-THIRD-YEAR-FIRST-SEMESTER",
        "set": "SET48",
        "resit_attempts": 0,
        "best_score": 36.0,
        "status": "Failed"
      }
    ],
    "semester": "N-THIRD-YEAR-FIRST-SEMESTER",
    "set": "SET48",
    "identified_date": "2025-11-26 01:03:35",
    "total_resit_attempts": 0,
    "status": "Active",
    "probation_status": false
  },
  {
    "exam_number": "7570",
    "name": "MUSA  GIDEON HAI",
    "failed_courses": [
      {
        "course_code": "GNS313",
        "original_score": 47.0,
        "semester": "N-THIRD-YEAR-FIRST-SEMESTER",
        "set": "SET48",
        "resit_attempts": 0,
        "best_score": 47.0,
        "status": "Failed"
      },
      {
        "course_code": "GNS314",
        "original_score": 22.0,
        "semester": "N-THIRD-YEAR-FIRST-SEMESTER",
        "set": "SET48",
        "resit_attempts": 0,
        "best_score": 22.0,
        "status": "Failed"
      },
      {
        "course_code": "GNS318",
        "original_score": 0.0,
        "semester": "N-THIRD-YEAR-FIRST-SEMESTER",
        "set": "SET48",
        "resit_attempts": 0,
        "best_score": 0.0,
        "status": "Failed"
      }
    ],
    "semester": "N-THIRD-YEAR-FIRST-SEMESTER",
    "set": "SET48",
    "identified_date": "2025-11-26 01:03:35",
    "total_resit_attempts": 0,
    "status": "Active",
    "probation_status": false
  },
  {
    "exam_number": "7579",
    "name": "ODEAHAN ITOHAN ABIGAIL",
    "failed_courses": [
      {
        "course_code": "GNS315",
        "original_score": 42.0,
        "semester": "N-THIRD-YEAR-FIRST-SEMESTER",
        "set": "SET48",
        "resit_attempts": 0,
        "best_score": 42.0,
        "status": "Failed"
      },
      {
        "course_code": "GNS318",
        "original_score": 0.0,
        "semester": "N-THIRD-YEAR-FIRST-SEMESTER",
        "set": "SET48",
        "resit_attempts": 0,
        "best_score": 0.0,
        "status": "Failed"
      },
      {
        "course_code": "GNS317",
        "original_score": 26.0,
        "semester": "N-THIRD-YEAR-FIRST-SEMESTER",
        "set": "SET48",
        "resit_attempts": 0,
        "best_score": 26.0,
        "status": "Failed"
      }
    ],
    "semester": "N-THIRD-YEAR-FIRST-SEMESTER",
    "set": "SET48",
    "identified_date": "2025-11-26 01:03:35",
    "total_resit_attempts": 0,
    "status": "Active",
    "probation_status": false
  },
  {
    "exam_number": "7581",
    "name": "OKAM BELIEVE  ONENO",
    "failed_courses": [
      {
        "course_code": "GNS311",
        "original_score": 42.0,
        "semester": "N-THIRD-YEAR-FIRST-SEMESTER",
        "set": "SET48",
        "resit_attempts": 0,
        "best_score": 42.0,
        "status": "Failed"
      },
      {
        "course_code": "GNS312",
        "original_score": 26.0,
        "semester": "N-THIRD-YEAR-FIRST-SEMESTER",
        "set": "SET48",
        "resit_attempts": 0,
        "best_score": 26.0,
        "status": "Failed"
      },
      {
        "course_code": "GNS315",
        "original_score": 36.0,
        "semester": "N-THIRD-YEAR-FIRST-SEMESTER",
        "set": "SET48",
        "resit_attempts": 0,
        "best_score": 36.0,
        "status": "Failed"
      },
      {
        "course_code": "GNS318",
        "original_score": 0.0,
        "semester": "N-THIRD-YEAR-FIRST-SEMESTER",
        "set": "SET48",
        "resit_attempts": 0,
        "best_score": 0.0,
        "status": "Failed"
      }
    ],
    "semester": "N-THIRD-YEAR-FIRST-SEMESTER",
    "set": "SET48",
    "identified_date": "2025-11-26 01:03:35",
    "total_resit_attempts": 0,
    "status": "Active",
    "probation_status": false
  },
  {
    "exam_number": "7585",
    "name": "OLUWADAMILARE BLESSING RUTH",
    "failed_courses": [
      {
        "course_code": "GNS315",
        "original_score": 36.0,
        "semester": "N-THIRD-YEAR-FIRST-SEMESTER",
        "set": "SET48",
        "resit_attempts": 0,
        "best_score": 36.0,
        "status": "Failed"
      },
      {
        "course_code": "GNS316",
        "original_score": 48.0,
        "semester": "N-THIRD-YEAR-FIRST-SEMESTER",
        "set": "SET48",
        "resit_attempts": 0,
        "best_score": 48.0,
        "status": "Failed"
      },
      {
        "course_code": "GNS318",
        "original_score": 0.0,
        "semester": "N-THIRD-YEAR-FIRST-SEMESTER",
        "set": "SET48",
        "resit_attempts": 0,
        "best_score": 0.0,
        "status": "Failed"
      },
      {
        "course_code": "GNS317",
        "original_score": 42.0,
        "semester": "N-THIRD-YEAR-FIRST-SEMESTER",
        "set": "SET48",
        "resit_attempts": 0,
        "best_score": 42.0,
        "status": "Failed"
      }
    ],
    "semester": "N-THIRD-YEAR-FIRST-SEMESTER",
    "set": "SET48",
    "identified_date": "2025-11-26 01:03:35",
    "total_resit_attempts": 0,
    "status": "Active",
    "probation_status": false
  },
  {
    "exam_number": "7587",
    "name": "OMOERA PRISCILLA ONEYI",
    "failed_courses": [
      {
        "course_code": "GNS313",
        "original_score": 46.0,
        "semester": "N-THIRD-YEAR-FIRST-SEMESTER",
        "set": "SET48",
        "resit_attempts": 0,
        "best_score": 46.0,
        "status": "Failed"
      },
      {
        "course_code": "GNS316",
        "original_score": 22.0,
        "semester": "N-THIRD-YEAR-FIRST-SEMESTER",
        "set": "SET48",
        "resit_attempts": 0,
        "best_score": 22.0,
        "status": "Failed"
      },
      {
        "course_code": "GNS318",
        "original_score": 0.0,
        "semester": "N-THIRD-YEAR-FIRST-SEMESTER",
        "set": "SET48",
        "resit_attempts": 0,
        "best_score": 0.0,
        "status": "Failed"
      },
      {
        "course_code": "GNS317",
        "original_score": 2.0,
        "semester": "N-THIRD-YEAR-FIRST-SEMESTER",
        "set": "SET48",
        "resit_attempts": 0,
        "best_score": 2.0,
        "status": "Failed"
      }
    ],
    "semester": "N-THIRD-YEAR-FIRST-SEMESTER",
    "set": "SET48",
    "identified_date": "2025-11-26 01:03:35",
    "total_resit_attempts": 0,
    "status": "Active",
    "probation_status": false
  },
  {
    "exam_number": "7594",
    "name": "OTTAH PRECIOUS HILARY",
    "failed_courses": [
      {
        "course_code": "GNS311",
        "original_score": 34.0,
        "semester": "N-THIRD-YEAR-FIRST-SEMESTER",
        "set": "SET48",
        "resit_attempts": 0,
        "best_score": 34.0,
        "status": "Failed"
      },
      {
        "course_code": "GNS313",
        "original_score": 20.0,
        "semester": "N-THIRD-YEAR-FIRST-SEMESTER",
        "set": "SET48",
        "resit_attempts": 0,
        "best_score": 20.0,
        "status": "Failed"
      },
      {
        "course_code": "GNS316",
        "original_score": 44.0,
        "semester": "N-THIRD-YEAR-FIRST-SEMESTER",
        "set": "SET48",
        "resit_attempts": 0,
        "best_score": 44.0,
        "status": "Failed"
      },
      {
        "course_code": "GNS318",
        "original_score": 0.0,
        "semester": "N-THIRD-YEAR-FIRST-SEMESTER",
        "set": "SET48",
        "resit_attempts": 0,
        "best_score": 0.0,
        "status": "Failed"
      }
    ],
    "semester": "N-THIRD-YEAR-FIRST-SEMESTER",
    "set": "SET48",
    "identified_date": "2025-11-26 01:03:35",
    "total_resit_attempts": 0,
    "status": "Active",
    "probation_status": false
  },
  {
    "exam_number": "7607",
    "name": "SANUSI MABEL",
    "failed_courses": [
      {
        "course_code": "GNS313",
        "original_score": 48.0,
        "semester": "N-THIRD-YEAR-FIRST-SEMESTER",
        "set": "SET48",
        "resit_attempts": 0,
        "best_score": 48.0,
        "status": "Failed"
      },
      {
        "course_code": "GNS318",
        "original_score": 0.0,
        "semester": "N-THIRD-YEAR-FIRST-SEMESTER",
        "set": "SET48",
        "resit_attempts": 0,
        "best_score": 0.0,
        "status": "Failed"
      }
    ],
    "semester": "N-THIRD-YEAR-FIRST-SEMESTER",
    "set": "SET48",
    "identified_date": "2025-11-26 01:03:35",
    "total_resit_attempts": 0,
    "status": "Active",
    "probation_status": false
  },
  {
    "exam_number": "7613",
    "name": "SOLOMON  SHEDRACH ANYUDO",
    "failed_courses": [
      {
        "course_code": "GNS318",
        "original_score": 0.0,
        "semester": "N-THIRD-YEAR-FIRST-SEMESTER",
        "set": "SET48",
        "resit_attempts": 0,
        "best_score": 0.0,
        "status": "Failed"
      }
    ],
    "semester": "N-THIRD-YEAR-FIRST-SEMESTER",
    "set": "SET48",
    "identified_date": "2025-11-26 01:03:35",
    "total_resit_attempts": 0,
    "status": "Active",
    "probation_status": false
  },
  {
    "exam_number": "7617",
    "name": "TAIWO HOPE",
    "failed_courses": [
      {
        "course_code": "GNS312",
        "original_score": 26.0,
        "semester": "N-THIRD-YEAR-FIRST-SEMESTER",
        "set": "SET48",
        "resit_attempts": 0,
        "best_score": 26.0,
        "status": "Failed"
      },
      {
        "course_code": "GNS313",
        "original_score": 35.0,
        "semester": "N-THIRD-YEAR-FIRST-SEMESTER",
        "set": "SET48",
        "resit_attempts": 0,
        "best_score": 35.0,
        "status": "Failed"
      },
      {
        "course_code": "GNS314",
        "original_score": 36.0,
        "semester": "N-THIRD-YEAR-FIRST-SEMESTER",
        "set": "SET48",
        "resit_attempts": 0,
        "best_score": 36.0,
        "status": "Failed"
      },
      {
        "course_code": "GNS315",
        "original_score": 42.0,
        "semester": "N-THIRD-YEAR-FIRST-SEMESTER",
        "set": "SET48",
        "resit_attempts": 0,
        "best_score": 42.0,
        "status": "Failed"
      },
      {
        "course_code": "GNS318",
        "original_score": 0.0,
        "semester": "N-THIRD-YEAR-FIRST-SEMESTER",
        "set": "SET48",
        "resit_attempts": 0,
        "best_score": 0.0,
        "status": "Failed"
      }
    ],
    "semester": "N-THIRD-YEAR-FIRST-SEMESTER",
    "set": "SET48",
    "identified_date": "2025-11-26 01:03:35",
    "total_resit_attempts": 0,
    "status": "Active",
    "probation_status": true
  },
  {
    "exam_number": "7619",
    "name": "TUKUR COMFORT",
    "failed_courses": [
      {
        "course_code": "GNS311",
        "original_score": 26.0,
        "semester": "N-THIRD-YEAR-FIRST-SEMESTER",
        "set": "SET48",
        "resit_attempts": 0,
        "best_score": 26.0,
        "status": "Failed"
      },
      {
        "course_code": "GNS314",
        "original_score": 24.0,
        "semester": "N-THIRD-YEAR-FIRST-SEMESTER",
        "set": "SET48",
        "resit_attempts": 0,
        "best_score": 24.0,
        "status": "Failed"
      },
      {
        "course_code": "GNS318",
        "original_score": 0.0,
        "semester": "N-THIRD-YEAR-FIRST-SEMESTER",
        "set": "SET48",
        "resit_attempts": 0,
        "best_score": 0.0,
        "status": "Failed"
      }
    ],
    "semester": "N-THIRD-YEAR-FIRST-SEMESTER",
    "set": "SET48",
    "identified_date": "2025-11-26 01:03:35",
    "total_resit_attempts": 0,
    "status": "Active",
    "probation_status": false
  },
  {
    "exam_number": "7620",
    "name": "UDEH SHULAMMITE AMARANNA",
    "failed_courses": [
      {
        "course_code": "GNS311",
        "original_score": 44.0,
        "semester": "N-THIRD-YEAR-FIRST-SEMESTER",
        "set": "SET48",
        "resit_attempts": 0,
        "best_score": 44.0,
        "status": "Failed"
      },
      {
        "course_code": "GNS313",
        "original_score": 24.0,
        "semester": "N-THIRD-YEAR-FIRST-SEMESTER",
        "set": "SET48",
        "resit_attempts": 0,
        "best_score": 24.0,
        "status": "Failed"
      },
      {
        "course_code": "GNS318",
        "original_score": 0.0,
        "semester": "N-THIRD-YEAR-FIRST-SEMESTER",
        "set": "SET48",
        "resit_attempts": 0,
        "best_score": 0.0,
        "status": "Failed"
      }
    ],
    "semester": "N-THIRD-YEAR-FIRST-SEMESTER",
    "set": "SET48",
    "identified_date": "2025-11-26 01:03:35",
    "total_resit_attempts": 0,
    "status": "Active",
    "probation_status": false
  },
  {
    "exam_number": "7626",
    "name": "UNUABOR PHILIP OSEIWE",
    "failed_courses": [
      {
        "course_code": "GNS311",
        "original_score": 41.0,
        "semester": "N-THIRD-YEAR-FIRST-SEMESTER",
        "set": "SET48",
        "resit_attempts": 0,
        "best_score": 41.0,
        "status": "Failed"
      },
      {
        "course_code": "GNS312",
        "original_score": 31.0,
        "semester": "N-THIRD-YEAR-FIRST-SEMESTER",
        "set": "SET48",
        "resit_attempts": 0,
        "best_score": 31.0,
        "status": "Failed"
      },
      {
        "course_code": "GNS313",
        "original_score": 47.0,
        "semester": "N-THIRD-YEAR-FIRST-SEMESTER",
        "set": "SET48",
        "resit_attempts": 0,
        "best_score": 47.0,
        "status": "Failed"
      },
      {
        "course_code": "GNS316",
        "original_score": 40.0,
        "semester": "N-THIRD-YEAR-FIRST-SEMESTER",
        "set": "SET48",
        "resit_attempts": 0,
        "best_score": 40.0,
        "status": "Failed"
      },
      {
        "course_code": "GNS318",
        "original_score": 0.0,
        "semester": "N-THIRD-YEAR-FIRST-SEMESTER",
        "set": "SET48",
        "resit_attempts": 0,
        "best_score": 0.0,
        "status": "Failed"
      }
    ],
    "semester": "N-THIRD-YEAR-FIRST-SEMESTER",
    "set": "SET48",
    "identified_date": "2025-11-26 01:03:35",
    "total_resit_attempts": 0,
    "status": "Active",
    "probation_status": false
  },
  {
    "exam_number": "7633",
    "name": "YAKUBU AMEER HASSAN",
    "failed_courses": [
      {
        "course_code": "GNS315",
        "original_score": 48.0,
        "semester": "N-THIRD-YEAR-FIRST-SEMESTER",
        "set": "SET48",
        "resit_attempts": 0,
        "best_score": 48.0,
        "status": "Failed"
      },
      {
        "course_code": "GNS318",
        "original_score": 0.0,
        "semester": "N-THIRD-YEAR-FIRST-SEMESTER",
        "set": "SET48",
        "resit_attempts": 0,
        "best_score": 0.0,
        "status": "Failed"
      },
      {
        "course_code": "GNS317",
        "original_score": 48.0,
        "semester": "N-THIRD-YEAR-FIRST-SEMESTER",
        "set": "SET48",
        "resit_attempts": 0,
        "best_score": 48.0,
        "status": "Failed"
      }
    ],
    "semester": "N-THIRD-YEAR-FIRST-SEMESTER",
    "set": "SET48",
    "identified_date": "2025-11-26 01:03:35",
    "total_resit_attempts": 0,
    "status": "Active",
    "probation_status": false
  },
  {
    "exam_number": "7634",
    "name": "YAKUBU AKUMISHI PATIENCE",
    "failed_courses": [
      {
        "course_code": "GNS313",
        "original_score": 28.0,
        "semester": "N-THIRD-YEAR-FIRST-SEMESTER",
        "set": "SET48",
        "resit_attempts": 0,
        "best_score": 28.0,
        "status": "Failed"
      },
      {
        "course_code": "GNS316",
        "original_score": 16.0,
        "semester": "N-THIRD-YEAR-FIRST-SEMESTER",
        "set": "SET48",
        "resit_attempts": 0,
        "best_score": 16.0,
        "status": "Failed"
      },
      {
        "course_code": "GNS318",
        "original_score": 0.0,
        "semester": "N-THIRD-YEAR-FIRST-SEMESTER",
        "set": "SET48",
        "resit_attempts": 0,
        "best_score": 0.0,
        "status": "Failed"
      }
    ],
    "semester": "N-THIRD-YEAR-FIRST-SEMESTER",
    "set": "SET48",
    "identified_date": "2025-11-26 01:03:35",
    "total_resit_attempts": 0,
    "status": "Active",
    "probation_status": false
  },
  {
    "exam_number": "7635",
    "name": "YAKUBU HALIMA SADIYA",
    "failed_courses": [
      {
        "course_code": "GNS312",
        "original_score": 40.0,
        "semester": "N-THIRD-YEAR-FIRST-SEMESTER",
        "set": "SET48",
        "resit_attempts": 0,
        "best_score": 40.0,
        "status": "Failed"
      },
      {
        "course_code": "GNS314",
        "original_score": 45.0,
        "semester": "N-THIRD-YEAR-FIRST-SEMESTER",
        "set": "SET48",
        "resit_attempts": 0,
        "best_score": 45.0,
        "status": "Failed"
      },
      {
        "course_code": "GNS318",
        "original_score": 0.0,
        "semester": "N-THIRD-YEAR-FIRST-SEMESTER",
        "set": "SET48",
        "resit_attempts": 0,
        "best_score": 0.0,
        "status": "Failed"
      }
    ],
    "semester": "N-THIRD-YEAR-FIRST-SEMESTER",
    "set": "SET48",
    "identified_date": "2025-11-26 01:03:35",
    "total_resit_attempts": 0,
    "status": "Active",
    "probation_status": false
  },
  {
    "exam_number": "7639",
    "name": "ZAEED  HABIBA IZE",
    "failed_courses": [
      {
        "course_code": "GNS312",
        "original_score": 26.0,
        "semester": "N-THIRD-YEAR-FIRST-SEMESTER",
        "set": "SET48",
        "resit_attempts": 0,
        "best_score": 26.0,
        "status": "Failed"
      },
      {
        "course_code": "GNS313",
        "original_score": 47.0,
        "semester": "N-THIRD-YEAR-FIRST-SEMESTER",
        "set": "SET48",
        "resit_attempts": 0,
        "best_score": 47.0,
        "status": "Failed"
      },
      {
        "course_code": "GNS314",
        "original_score": 34.0,
        "semester": "N-THIRD-YEAR-FIRST-SEMESTER",
        "set": "SET48",
        "resit_attempts": 0,
        "best_score": 34.0,
        "status": "Failed"
      },
      {
        "course_code": "GNS316",
        "original_score": 46.0,
        "semester": "N-THIRD-YEAR-FIRST-SEMESTER",
        "set": "SET48",
        "resit_attempts": 0,
        "best_score": 46.0,
        "status": "Failed"
      },
      {
        "course_code": "GNS318",
        "original_score": 0.0,
        "semester": "N-THIRD-YEAR-FIRST-SEMESTER",
        "set": "SET48",
        "resit_attempts": 0,
        "best_score": 0.0,
        "status": "Failed"
      }
    ],
    "semester": "N-THIRD-YEAR-FIRST-SEMESTER",
    "set": "SET48",
    "identified_date": "2025-11-26 01:03:35",
    "total_resit_attempts": 0,
    "status": "Active",
    "probation_status": false
  }
]