BN CARRYOVER RESULT REPORT,,,,,
FCT COLLEGE OF NURSING SCIENCES,,,,,
BN Set: SET47,,,,,
BN Semester: N-FIRST-YEAR-FIRST-SEMESTER,,,,,
,,,,,
BN STUDENT INFORMATION,,,,,
Exam Number:,7448,,,,
Name:,ADEGBEMILE OLUWANIFEMI O.,,,,
,,,,,
BN PREVIOUS GPAs,,,,,
,,,,,
BN CURRENT ACADEMIC RECORD,,,,,
Current GPA:,3.91,,,,
Current CGPA:,3.91,,,,
,,,,,
BN RESIT COURSES,,,,,
Course Code,Course Title,Credit Unit,Original Score,Resit Score,Status
GNS111,Anatomy & Physiology I,4.0,48.0,70.0,PASSED
GNS113,Introduction to Nursing Informatics,2.0,28.0,54.0,PASSED
GST114,Microbiology,2.0,44.0,74.0,PASSED
GST115,Social and Behavioral Science,2.0,27.0,58.0,PASSED
