BN CARRYOVER RESULT REPORT,,,,,
FCT COLLEGE OF NURSING SCIENCES,,,,,
BN Set: SET47,,,,,
BN Semester: N-FIRST-YEAR-FIRST-SEMESTER,,,,,
,,,,,
BN STUDENT INFORMATION,,,,,
Exam Number:,7523,,,,
Name:,IKWUEZE SANDRA CHINAZA,,,,
,,,,,
BN PREVIOUS GPAs,,,,,
,,,,,
BN CURRENT ACADEMIC RECORD,,,,,
Current GPA:,4.36,,,,
Current CGPA:,4.36,,,,
,,,,,
BN RESIT COURSES,,,,,
Course Code,Course Title,Credit Unit,Original Score,Resit Score,Status
GNS112,Foundation of Nursing I,4.0,41.0,77.0,PASSED
GNS113,Introduction to Nursing Informatics,2.0,22.0,73.0,PASSED
GNS114,Nutrition,2.0,28.0,63.0,PASSED
GST115,Social and Behavioral Science,2.0,38.0,77.0,PASSED
