BN CARRYOVER RESULT REPORT,,,,,
FCT COLLEGE OF NURSING SCIENCES,,,,,
BN Set: SET47,,,,,
BN Semester: N-FIRST-YEAR-FIRST-SEMESTER,,,,,
,,,,,
BN STUDENT INFORMATION,,,,,
Exam Number:,7499,,,,
Name:,EHIABHI QUEEN,,,,
,,,,,
BN PREVIOUS GPAs,,,,,
,,,,,
BN CURRENT ACADEMIC RECORD,,,,,
Current GPA:,4.27,,,,
Current CGPA:,4.27,,,,
,,,,,
BN RESIT COURSES,,,,,
Course Code,Course Title,Credit Unit,Original Score,Resit Score,Status
GNS111,Anatomy & Physiology I,4.0,37.0,60.0,PASSED
GNS112,Foundation of Nursing I,4.0,26.0,74.0,PASSED
GST111,Use of English,2.0,48.0,80.0,PASSED
