BN CARRYOVER RESULT REPORT,,,,,
FCT COLLEGE OF NURSING SCIENCES,,,,,
BN Set: SET47,,,,,
BN Semester: N-FIRST-YEAR-FIRST-SEMESTER,,,,,
,,,,,
BN STUDENT INFORMATION,,,,,
Exam Number:,7457,,,,
Name:,AJEH MARTHA SYLVERA,,,,
,,,,,
BN PREVIOUS GPAs,,,,,
,,,,,
BN CURRENT ACADEMIC RECORD,,,,,
Current GPA:,4.36,,,,
Current CGPA:,4.36,,,,
,,,,,
BN RESIT COURSES,,,,,
Course Code,Course Title,Credit Unit,Original Score,Resit Score,Status
GNS114,Nutrition,2.0,42.0,63.0,PASSED
GST111,Use of English,2.0,41.0,77.0,PASSED
GST112,Applied Physics,2.0,27.0,74.0,PASSED
