BN CARRYOVER RESULT REPORT,,,,,
FCT COLLEGE OF NURSING SCIENCES,,,,,
BN Set: SET47,,,,,
BN Semester: N-FIRST-YEAR-FIRST-SEMESTER,,,,,
,,,,,
BN STUDENT INFORMATION,,,,,
Exam Number:,7463,,,,
Name:,ALIU MARIA OCHUWA,,,,
,,,,,
BN PREVIOUS GPAs,,,,,
,,,,,
BN CURRENT ACADEMIC RECORD,,,,,
Current GPA:,3.45,,,,
Current CGPA:,3.45,,,,
,,,,,
BN RESIT COURSES,,,,,
Course Code,Course Title,Credit Unit,Original Score,Resit Score,Status
GST111,Use of English,2.0,44.0,50.0,PASSED
GST112,Applied Physics,2.0,42.0,69.0,PASSED
GST114,Microbiology,2.0,36.0,77.0,PASSED
GST115,Social and Behavioral Science,2.0,38.0,52.0,PASSED
