BN CARRYOVER RESULT REPORT,,,,,
FCT COLLEGE OF NURSING SCIENCES,,,,,
BN Set: SET47,,,,,
BN Semester: N-FIRST-YEAR-FIRST-SEMESTER,,,,,
,,,,,
BN STUDENT INFORMATION,,,,,
Exam Number:,7585,,,,
Name:,OLUWADAMILARE BLESSING RUTH,,,,
,,,,,
BN PREVIOUS GPAs,,,,,
,,,,,
BN CURRENT ACADEMIC RECORD,,,,,
Current GPA:,4.0,,,,
Current CGPA:,4.0,,,,
,,,,,
BN RESIT COURSES,,,,,
Course Code,Course Title,Credit Unit,Original Score,Resit Score,Status
GNS111,Anatomy & Physiology I,4.0,32.0,77.0,PASSED
GNS113,Introduction to Nursing Informatics,2.0,32.0,62.0,PASSED
GST113,Applied Chemistry,2.0,41.0,73.0,PASSED
GST114,Microbiology,2.0,16.0,68.0,PASSED
