BN CARRYOVER RESULT REPORT,,,,,
FCT COLLEGE OF NURSING SCIENCES,,,,,
BN Set: SET47,,,,,
BN Semester: N-FIRST-YEAR-FIRST-SEMESTER,,,,,
,,,,,
BN STUDENT INFORMATION,,,,,
Exam Number:,7493,,,,
Name:,DAVID JAMES,,,,
,,,,,
BN PREVIOUS GPAs,,,,,
,,,,,
BN CURRENT ACADEMIC RECORD,,,,,
Current GPA:,4.0,,,,
Current CGPA:,4.0,,,,
,,,,,
BN RESIT COURSES,,,,,
Course Code,Course Title,Credit Unit,Original Score,Resit Score,Status
GNS111,Anatomy & Physiology I,4.0,40.0,77.0,PASSED
GNS114,Nutrition,2.0,36.0,76.0,PASSED
GST111,Use of English,2.0,26.0,77.0,PASSED
GST113,Applied Chemistry,2.0,40.0,62.0,PASSED
GST115,Social and Behavioral Science,2.0,34.0,67.0,PASSED
