BN CARRYOVER RESULT REPORT,,,,,
FCT COLLEGE OF NURSING SCIENCES,,,,,
BN Set: SET47,,,,,
BN Semester: N-FIRST-YEAR-FIRST-SEMESTER,,,,,
,,,,,
BN STUDENT INFORMATION,,,,,
Exam Number:,7443,,,,
Name:,ABUBAKAR  NABILA,,,,
,,,,,
BN PREVIOUS GPAs,,,,,
,,,,,
BN CURRENT ACADEMIC RECORD,,,,,
Current GPA:,4.18,,,,
Current CGPA:,4.18,,,,
,,,,,
BN RESIT COURSES,,,,,
Course Code,Course Title,Credit Unit,Original Score,Resit Score,Status
GNS111,Anatomy & Physiology I,4.0,19.0,64.0,PASSED
GNS113,Introduction to Nursing Informatics,2.0,34.0,77.0,PASSED
GST111,Use of English,2.0,33.0,57.0,PASSED
GST113,Applied Chemistry,2.0,32.0,64.0,PASSED
GST115,Social and Behavioral Science,2.0,28.0,54.0,PASSED
