BN CARRYOVER RESULT REPORT,,,,,
FCT COLLEGE OF NURSING SCIENCES,,,,,
BN Set: SET47,,,,,
BN Semester: N-FIRST-YEAR-FIRST-SEMESTER,,,,,
,,,,,
BN STUDENT INFORMATION,,,,,
Exam Number:,7617,,,,
Name:,TAIWO HOPE,,,,
,,,,,
BN PREVIOUS GPAs,,,,,
,,,,,
BN CURRENT ACADEMIC RECORD,,,,,
Current GPA:,3.91,,,,
Current CGPA:,3.91,,,,
,,,,,
BN RESIT COURSES,,,,,
Course Code,Course Title,Credit Unit,Original Score,Resit Score,Status
GNS112,Foundation of Nursing I,4.0,28.0,50.0,PASSED
GNS114,Nutrition,2.0,46.0,58.0,PASSED
GST111,Use of English,2.0,46.0,71.0,PASSED
GST112,Applied Physics,2.0,30.0,68.0,PASSED
GST114,Microbiology,2.0,31.0,64.0,PASSED
