BN CARRYOVER RESULT REPORT,,,,,
FCT COLLEGE OF NURSING SCIENCES,,,,,
BN Set: SET47,,,,,
BN Semester: N-FIRST-YEAR-FIRST-SEMESTER,,,,,
,,,,,
BN STUDENT INFORMATION,,,,,
Exam Number:,7439,,,,
Name:,ABDULSALAM  HAUWA UMMI,,,,
,,,,,
BN PREVIOUS GPAs,,,,,
,,,,,
BN CURRENT ACADEMIC RECORD,,,,,
Current GPA:,3.82,,,,
Current CGPA:,3.82,,,,
,,,,,
BN RESIT COURSES,,,,,
Course Code,Course Title,Credit Unit,Original Score,Resit Score,Status
GNS113,Introduction to Nursing Informatics,2.0,40.0,55.0,PASSED
GST111,Use of English,2.0,26.0,53.0,PASSED
GST112,Applied Physics,2.0,42.0,54.0,PASSED
GST114,Microbiology,2.0,38.0,72.0,PASSED
GST115,Social and Behavioral Science,2.0,40.0,67.0,PASSED
