BN CARRYOVER RESULT REPORT,,,,,
FCT COLLEGE OF NURSING SCIENCES,,,,,
BN Set: SET47,,,,,
BN Semester: N-FIRST-YEAR-FIRST-SEMESTER,,,,,
,,,,,
BN STUDENT INFORMATION,,,,,
Exam Number:,7492,,,,
Name:,DAVID JIKHIRIT FAITH,,,,
,,,,,
BN PREVIOUS GPAs,,,,,
,,,,,
BN CURRENT ACADEMIC RECORD,,,,,
Current GPA:,4.55,,,,
Current CGPA:,4.55,,,,
,,,,,
BN RESIT COURSES,,,,,
Course Code,Course Title,Credit Unit,Original Score,Resit Score,Status
GNS112,Foundation of Nursing I,4.0,28.0,76.0,PASSED
GNS113,Introduction to Nursing Informatics,2.0,32.0,75.0,PASSED
GST112,Applied Physics,2.0,6.0,65.0,PASSED
GST115,Social and Behavioral Science,2.0,25.0,79.0,PASSED
