BN CARRYOVER RESULT REPORT,,,,,
FCT COLLEGE OF NURSING SCIENCES,,,,,
BN Set: SET47,,,,,
BN Semester: N-FIRST-YEAR-FIRST-SEMESTER,,,,,
,,,,,
BN STUDENT INFORMATION,,,,,
Exam Number:,7483,,,,
Name:,BALA CHRISTOPHER BLAYA,,,,
,,,,,
BN PREVIOUS GPAs,,,,,
,,,,,
BN CURRENT ACADEMIC RECORD,,,,,
Current GPA:,4.36,,,,
Current CGPA:,4.36,,,,
,,,,,
BN RESIT COURSES,,,,,
Course Code,Course Title,Credit Unit,Original Score,Resit Score,Status
GNS111,Anatomy & Physiology I,4.0,39.0,75.0,PASSED
GNS112,Foundation of Nursing I,4.0,38.0,62.0,PASSED
GST113,Applied Chemistry,2.0,44.0,79.0,PASSED
GST115,Social and Behavioral Science,2.0,41.0,80.0,PASSED
