BN CARRYOVER RESULT REPORT,,,,,
FCT COLLEGE OF NURSING SCIENCES,,,,,
BN Set: SET47,,,,,
BN Semester: N-FIRST-YEAR-FIRST-SEMESTER,,,,,
,,,,,
BN STUDENT INFORMATION,,,,,
Exam Number:,7593,,,,
Name:,OSIPITAN ESTHER ARIBIYO,,,,
,,,,,
BN PREVIOUS GPAs,,,,,
,,,,,
BN CURRENT ACADEMIC RECORD,,,,,
Current GPA:,3.91,,,,
Current CGPA:,3.91,,,,
,,,,,
BN RESIT COURSES,,,,,
Course Code,Course Title,Credit Unit,Original Score,Resit Score,Status
GNS111,Anatomy & Physiology I,4.0,35.0,59.0,PASSED
GST111,Use of English,2.0,18.0,69.0,PASSED
GST112,Applied Physics,2.0,48.0,51.0,PASSED
GST113,Applied Chemistry,2.0,15.0,53.0,PASSED
GST114,Microbiology,2.0,36.0,64.0,PASSED
