BN CARRYOVER RESULT REPORT,,,,,
FCT COLLEGE OF NURSING SCIENCES,,,,,
BN Set: SET47,,,,,
BN Semester: N-FIRST-YEAR-FIRST-SEMESTER,,,,,
,,,,,
BN STUDENT INFORMATION,,,,,
Exam Number:,7533,,,,
Name:,JAMES  ELIJAH,,,,
,,,,,
BN PREVIOUS GPAs,,,,,
,,,,,
BN CURRENT ACADEMIC RECORD,,,,,
Current GPA:,4.09,,,,
Current CGPA:,4.09,,,,
,,,,,
BN RESIT COURSES,,,,,
Course Code,Course Title,Credit Unit,Original Score,Resit Score,Status
GNS111,Anatomy & Physiology I,4.0,42.0,80.0,PASSED
GNS113,Introduction to Nursing Informatics,2.0,32.0,62.0,PASSED
GNS114,Nutrition,2.0,30.0,67.0,PASSED
GST111,Use of English,2.0,42.0,50.0,PASSED
