BN CARRYOVER RESULT REPORT,,,,,
FCT COLLEGE OF NURSING SCIENCES,,,,,
BN Set: SET47,,,,,
BN Semester: N-FIRST-YEAR-FIRST-SEMESTER,,,,,
,,,,,
BN STUDENT INFORMATION,,,,,
Exam Number:,7558,,,,
Name:,MORGAN MARY SOKOGA,,,,
,,,,,
BN PREVIOUS GPAs,,,,,
,,,,,
BN CURRENT ACADEMIC RECORD,,,,,
Current GPA:,3.82,,,,
Current CGPA:,3.82,,,,
,,,,,
BN RESIT COURSES,,,,,
Course Code,Course Title,Credit Unit,Original Score,Resit Score,Status
GNS112,Foundation of Nursing I,4.0,42.0,64.0,PASSED
GNS113,Introduction to Nursing Informatics,2.0,36.0,54.0,PASSED
GST111,Use of English,2.0,40.0,72.0,PASSED
GST113,Applied Chemistry,2.0,48.0,61.0,PASSED
GST115,Social and Behavioral Science,2.0,30.0,60.0,PASSED
