BN CARRYOVER RESULT REPORT,,,,,
FCT COLLEGE OF NURSING SCIENCES,,,,,
BN Set: SET47,,,,,
BN Semester: N-FIRST-YEAR-FIRST-SEMESTER,,,,,
,,,,,
BN STUDENT INFORMATION,,,,,
Exam Number:,7613,,,,
Name:,SOLOMON  SHEDRACH ANYUDO,,,,
,,,,,
BN PREVIOUS GPAs,,,,,
,,,,,
BN CURRENT ACADEMIC RECORD,,,,,
Current GPA:,4.45,,,,
Current CGPA:,4.45,,,,
,,,,,
BN RESIT COURSES,,,,,
Course Code,Course Title,Credit Unit,Original Score,Resit Score,Status
GNS113,Introduction to Nursing Informatics,2.0,49.0,72.0,PASSED
GNS114,Nutrition,2.0,40.0,55.0,PASSED
GST111,Use of English,2.0,22.0,56.0,PASSED
GST113,Applied Chemistry,2.0,35.0,78.0,PASSED
GST114,Microbiology,2.0,36.0,70.0,PASSED
GST115,Social and Behavioral Science,2.0,48.0,70.0,PASSED
