BN CARRYOVER RESULT REPORT,,,,,
FCT COLLEGE OF NURSING SCIENCES,,,,,
BN Set: SET47,,,,,
BN Semester: N-FIRST-YEAR-FIRST-SEMESTER,,,,,
,,,,,
BN STUDENT INFORMATION,,,,,
Exam Number:,7542,,,,
Name:,LAWAL ANAS,,,,
,,,,,
BN PREVIOUS GPAs,,,,,
,,,,,
BN CURRENT ACADEMIC RECORD,,,,,
Current GPA:,4.0,,,,
Current CGPA:,4.0,,,,
,,,,,
BN RESIT COURSES,,,,,
Course Code,Course Title,Credit Unit,Original Score,Resit Score,Status
GNS113,Introduction to Nursing Informatics,2.0,34.0,62.0,PASSED
GNS114,Nutrition,2.0,31.0,60.0,PASSED
GST112,Applied Physics,2.0,34.0,79.0,PASSED
GST113,Applied Chemistry,2.0,47.0,65.0,PASSED
GST114,Microbiology,2.0,22.0,79.0,PASSED
GST115,Social and Behavioral Science,2.0,34.0,59.0,PASSED
