BN CARRYOVER RESULT REPORT,,,,,
FCT COLLEGE OF NURSING SCIENCES,,,,,
BN Set: SET47,,,,,
BN Semester: N-FIRST-YEAR-FIRST-SEMESTER,,,,,
,,,,,
BN STUDENT INFORMATION,,,,,
Exam Number:,7635,,,,
Name:,YAKUBU HALIMA SADIYA,,,,
,,,,,
BN PREVIOUS GPAs,,,,,
,,,,,
BN CURRENT ACADEMIC RECORD,,,,,
Current GPA:,3.45,,,,
Current CGPA:,3.45,,,,
,,,,,
BN RESIT COURSES,,,,,
Course Code,Course Title,Credit Unit,Original Score,Resit Score,Status
GNS112,Foundation of Nursing I,4.0,24.0,58.0,PASSED
GNS113,Introduction to Nursing Informatics,2.0,34.0,78.0,PASSED
GST111,Use of English,2.0,36.0,50.0,PASSED
GST113,Applied Chemistry,2.0,39.0,52.0,PASSED
GST115,Social and Behavioral Science,2.0,46.0,68.0,PASSED
