BN CARRYOVER RESULT REPORT,,,,,
FCT COLLEGE OF NURSING SCIENCES,,,,,
BN Set: SET47,,,,,
BN Semester: N-FIRST-YEAR-FIRST-SEMESTER,,,,,
,,,,,
BN STUDENT INFORMATION,,,,,
Exam Number:,7507,,,,
Name:,ESIKE  CHINENYE STEPHANIE,,,,
,,,,,
BN PREVIOUS GPAs,,,,,
,,,,,
BN CURRENT ACADEMIC RECORD,,,,,
Current GPA:,3.82,,,,
Current CGPA:,3.82,,,,
,,,,,
BN RESIT COURSES,,,,,
Course Code,Course Title,Credit Unit,Original Score,Resit Score,Status
GST111,Use of English,2.0,37.0,58.0,PASSED
GST112,Applied Physics,2.0,45.0,62.0,PASSED
GST114,Microbiology,2.0,38.0,66.0,PASSED
GST115,Social and Behavioral Science,2.0,43.0,68.0,PASSED
