BN CARRYOVER RESULT REPORT,,,,,
FCT COLLEGE OF NURSING SCIENCES,,,,,
BN Set: SET47,,,,,
BN Semester: N-FIRST-YEAR-FIRST-SEMESTER,,,,,
,,,,,
BN STUDENT INFORMATION,,,,,
Exam Number:,7462,,,,
Name:,ALIU MARTHA ODUFA,,,,
,,,,,
BN PREVIOUS GPAs,,,,,
,,,,,
BN CURRENT ACADEMIC RECORD,,,,,
Current GPA:,4.0,,,,
Current CGPA:,4.0,,,,
,,,,,
BN RESIT COURSES,,,,,
Course Code,Course Title,Credit Unit,Original Score,Resit Score,Status
GNS111,Anatomy & Physiology I,4.0,31.0,71.0,PASSED
GNS113,Introduction to Nursing Informatics,2.0,15.0,78.0,PASSED
GNS114,Nutrition,2.0,44.0,65.0,PASSED
GST114,Microbiology,2.0,20.0,64.0,PASSED
GST115,Social and Behavioral Science,2.0,44.0,52.0,PASSED
