BN CARRYOVER RESULT REPORT,,,,,
FCT COLLEGE OF NURSING SCIENCES,,,,,
BN Set: SET47,,,,,
BN Semester: N-FIRST-YEAR-FIRST-SEMESTER,,,,,
,,,,,
BN STUDENT INFORMATION,,,,,
Exam Number:,7570,,,,
Name:,MUSA  GIDEON HAI,,,,
,,,,,
BN PREVIOUS GPAs,,,,,
,,,,,
BN CURRENT ACADEMIC RECORD,,,,,
Current GPA:,4.27,,,,
Current CGPA:,4.27,,,,
,,,,,
BN RESIT COURSES,,,,,
Course Code,Course Title,Credit Unit,Original Score,Resit Score,Status
GNS113,Introduction to Nursing Informatics,2.0,14.0,68.0,PASSED
GNS114,Nutrition,2.0,44.0,80.0,PASSED
GST112,Applied Physics,2.0,22.0,57.0,PASSED
GST113,Applied Chemistry,2.0,22.0,76.0,PASSED
GST114,Microbiology,2.0,42.0,78.0,PASSED
