BN CARRYOVER RESULT REPORT,,,,,
FCT COLLEGE OF NURSING SCIENCES,,,,,
BN Set: SET47,,,,,
BN Semester: N-FIRST-YEAR-FIRST-SEMESTER,,,,,
,,,,,
BN STUDENT INFORMATION,,,,,
Exam Number:,7618,,,,
Name:,THEOPHILUS BUKOLA CHRYSOPRASE,,,,
,,,,,
BN PREVIOUS GPAs,,,,,
,,,,,
BN CURRENT ACADEMIC RECORD,,,,,
Current GPA:,3.82,,,,
Current CGPA:,3.82,,,,
,,,,,
BN RESIT COURSES,,,,,
Course Code,Course Title,Credit Unit,Original Score,Resit Score,Status
GNS114,Nutrition,2.0,48.0,71.0,PASSED
GST111,Use of English,2.0,30.0,70.0,PASSED
GST114,Microbiology,2.0,20.0,64.0,PASSED
