BN CARRYOVER RESULT REPORT,,,,,
FCT COLLEGE OF NURSING SCIENCES,,,,,
BN Set: SET47,,,,,
BN Semester: N-FIRST-YEAR-FIRST-SEMESTER,,,,,
,,,,,
BN STUDENT INFORMATION,,,,,
Exam Number:,7472,,,,
Name:,ANTHONY OBADIAH,,,,
,,,,,
BN PREVIOUS GPAs,,,,,
,,,,,
BN CURRENT ACADEMIC RECORD,,,,,
Current GPA:,4.0,,,,
Current CGPA:,4.0,,,,
,,,,,
BN RESIT COURSES,,,,,
Course Code,Course Title,Credit Unit,Original Score,Resit Score,Status
GNS113,Introduction to Nursing Informatics,2.0,40.0,51.0,PASSED
GST111,Use of English,2.0,19.0,72.0,PASSED
GST113,Applied Chemistry,2.0,48.0,53.0,PASSED
GST114,Microbiology,2.0,43.0,77.0,PASSED
GST115,Social and Behavioral Science,2.0,34.0,64.0,PASSED
