BN CARRYOVER RESULT REPORT,,,,,
FCT COLLEGE OF NURSING SCIENCES,,,,,
BN Set: SET47,,,,,
BN Semester: N-FIRST-YEAR-FIRST-SEMESTER,,,,,
,,,,,
BN STUDENT INFORMATION,,,,,
Exam Number:,7581,,,,
Name:,OKAM BELIEVE  ONENO,,,,
,,,,,
BN PREVIOUS GPAs,,,,,
,,,,,
BN CURRENT ACADEMIC RECORD,,,,,
Current GPA:,4.64,,,,
Current CGPA:,4.64,,,,
,,,,,
BN RESIT COURSES,,,,,
Course Code,Course Title,Credit Unit,Original Score,Resit Score,Status
GNS113,Introduction to Nursing Informatics,2.0,35.0,79.0,PASSED
GNS114,Nutrition,2.0,41.0,75.0,PASSED
GST111,Use of English,2.0,36.0,77.0,PASSED
GST112,Applied Physics,2.0,48.0,68.0,PASSED
GST114,Microbiology,2.0,14.0,64.0,PASSED
