BN CARRYOVER RESULT REPORT,,,,,
FCT COLLEGE OF NURSING SCIENCES,,,,,
BN Set: SET47,,,,,
BN Semester: N-FIRST-YEAR-FIRST-SEMESTER,,,,,
,,,,,
BN STUDENT INFORMATION,,,,,
Exam Number:,7551,,,,
Name:,MENSAH PRAISE CHIOMA,,,,
,,,,,
BN PREVIOUS GPAs,,,,,
,,,,,
BN CURRENT ACADEMIC RECORD,,,,,
Current GPA:,4.27,,,,
Current CGPA:,4.27,,,,
,,,,,
BN RESIT COURSES,,,,,
Course Code,Course Title,Credit Unit,Original Score,Resit Score,Status
GNS112,Foundation of Nursing I,4.0,8.0,73.0,PASSED
GST112,Applied Physics,2.0,49.0,67.0,PASSED
GST113,Applied Chemistry,2.0,41.0,67.0,PASSED
GST114,Microbiology,2.0,28.0,67.0,PASSED
GST115,Social and Behavioral Science,2.0,40.0,79.0,PASSED
