BN CARRYOVER RESULT REPORT,,,,,
FCT COLLEGE OF NURSING SCIENCES,,,,,
BN Set: SET47,,,,,
BN Semester: N-FIRST-YEAR-FIRST-SEMESTER,,,,,
,,,,,
BN STUDENT INFORMATION,,,,,
Exam Number:,7495,,,,
Name:,DOKIH BLESSING IVREN,,,,
,,,,,
BN PREVIOUS GPAs,,,,,
,,,,,
BN CURRENT ACADEMIC RECORD,,,,,
Current GPA:,3.82,,,,
Current CGPA:,3.82,,,,
,,,,,
BN RESIT COURSES,,,,,
Course Code,Course Title,Credit Unit,Original Score,Resit Score,Status
GNS112,Foundation of Nursing I,4.0,49.0,69.0,PASSED
GNS113,Introduction to Nursing Informatics,2.0,30.0,53.0,PASSED
GST111,Use of English,2.0,26.0,62.0,PASSED
GST112,Applied Physics,2.0,42.0,75.0,PASSED
