BN CARRYOVER RESULT REPORT,,,,,
FCT COLLEGE OF NURSING SCIENCES,,,,,
BN Set: SET47,,,,,
BN Semester: N-FIRST-YEAR-FIRST-SEMESTER,,,,,
,,,,,
BN STUDENT INFORMATION,,,,,
Exam Number:,7612,,,,
Name:,SHUAIBU MUSTAPHA IBRAHIM,,,,
,,,,,
BN PREVIOUS GPAs,,,,,
,,,,,
BN CURRENT ACADEMIC RECORD,,,,,
Current GPA:,3.55,,,,
Current CGPA:,3.55,,,,
,,,,,
BN RESIT COURSES,,,,,
Course Code,Course Title,Credit Unit,Original Score,Resit Score,Status
GNS114,Nutrition,2.0,28.0,59.0,PASSED
GST111,Use of English,2.0,33.0,58.0,PASSED
GST112,Applied Physics,2.0,25.0,64.0,PASSED
GST113,Applied Chemistry,2.0,40.0,67.0,PASSED
GST114,Microbiology,2.0,46.0,54.0,PASSED
GST115,Social and Behavioral Science,2.0,22.0,57.0,PASSED
