BN CARRYOVER RESULT REPORT,,,,,
FCT COLLEGE OF NURSING SCIENCES,,,,,
BN Set: SET47,,,,,
BN Semester: N-FIRST-YEAR-FIRST-SEMESTER,,,,,
,,,,,
BN STUDENT INFORMATION,,,,,
Exam Number:,7626,,,,
Name:,UNUABOR PHILIP OSEIWE,,,,
,,,,,
BN PREVIOUS GPAs,,,,,
,,,,,
BN CURRENT ACADEMIC RECORD,,,,,
Current GPA:,3.91,,,,
Current CGPA:,3.91,,,,
,,,,,
BN RESIT COURSES,,,,,
Course Code,Course Title,Credit Unit,Original Score,Resit Score,Status
GNS113,Introduction to Nursing Informatics,2.0,14.0,59.0,PASSED
GST111,Use of English,2.0,22.0,56.0,PASSED
GST112,Applied Physics,2.0,40.0,66.0,PASSED
GST115,Social and Behavioral Science,2.0,22.0,61.0,PASSED
