BN CARRYOVER RESULT REPORT,,,,,
FCT COLLEGE OF NURSING SCIENCES,,,,,
BN Set: SET47,,,,,
BN Semester: N-FIRST-YEAR-FIRST-SEMESTER,,,,,
,,,,,
BN STUDENT INFORMATION,,,,,
Exam Number:,7515,,,,
Name:,HARUNA  HAFSAT UMAR,,,,
,,,,,
BN PREVIOUS GPAs,,,,,
,,,,,
BN CURRENT ACADEMIC RECORD,,,,,
Current GPA:,4.09,,,,
Current CGPA:,4.09,,,,
,,,,,
BN RESIT COURSES,,,,,
Course Code,Course Title,Credit Unit,Original Score,Resit Score,Status
GNS112,Foundation of Nursing I,4.0,34.0,79.0,PASSED
GNS113,Introduction to Nursing Informatics,2.0,27.0,67.0,PASSED
GST111,Use of English,2.0,46.0,59.0,PASSED
