BN CARRYOVER RESULT REPORT,,,,,
FCT COLLEGE OF NURSING SCIENCES,,,,,
BN Set: SET47,,,,,
BN Semester: N-FIRST-YEAR-FIRST-SEMESTER,,,,,
,,,,,
BN STUDENT INFORMATION,,,,,
Exam Number:,7502,,,,
Name:,EMMANUEL MARY CORNELIUS,,,,
,,,,,
BN PREVIOUS GPAs,,,,,
,,,,,
BN CURRENT ACADEMIC RECORD,,,,,
Current GPA:,3.73,,,,
Current CGPA:,3.73,,,,
,,,,,
BN RESIT COURSES,,,,,
Course Code,Course Title,Credit Unit,Original Score,Resit Score,Status
GNS111,Anatomy & Physiology I,4.0,37.0,59.0,PASSED
GNS113,Introduction to Nursing Informatics,2.0,22.0,69.0,PASSED
GNS114,Nutrition,2.0,48.0,71.0,PASSED
GST111,Use of English,2.0,34.0,70.0,PASSED
