BN CARRYOVER RESULT REPORT,,,,,
FCT COLLEGE OF NURSING SCIENCES,,,,,
BN Set: SET47,,,,,
BN Semester: N-FIRST-YEAR-FIRST-SEMESTER,,,,,
,,,,,
BN STUDENT INFORMATION,,,,,
Exam Number:,7553,,,,
Name:,MICHAEL  OGHENEKOME FAVOUR,,,,
,,,,,
BN PREVIOUS GPAs,,,,,
,,,,,
BN CURRENT ACADEMIC RECORD,,,,,
Current GPA:,3.55,,,,
Current CGPA:,3.55,,,,
,,,,,
BN RESIT COURSES,,,,,
Course Code,Course Title,Credit Unit,Original Score,Resit Score,Status
GNS113,Introduction to Nursing Informatics,2.0,44.0,58.0,PASSED
GST112,Applied Physics,2.0,48.0,52.0,PASSED
GST113,Applied Chemistry,2.0,30.0,80.0,PASSED
GST114,Microbiology,2.0,43.0,50.0,PASSED
GST115,Social and Behavioral Science,2.0,30.0,59.0,PASSED
