BN CARRYOVER RESULT REPORT,,,,,
FCT COLLEGE OF NURSING SCIENCES,,,,,
BN Set: SET47,,,,,
BN Semester: N-FIRST-YEAR-FIRST-SEMESTER,,,,,
,,,,,
BN STUDENT INFORMATION,,,,,
Exam Number:,7461,,,,
Name:,ALHASSAN  FATIMA,,,,
,,,,,
BN PREVIOUS GPAs,,,,,
,,,,,
BN CURRENT ACADEMIC RECORD,,,,,
Current GPA:,4.09,,,,
Current CGPA:,4.09,,,,
,,,,,
BN RESIT COURSES,,,,,
Course Code,Course Title,Credit Unit,Original Score,Resit Score,Status
GNS114,Nutrition,2.0,35.0,66.0,PASSED
GST111,Use of English,2.0,20.0,71.0,PASSED
GST112,Applied Physics,2.0,44.0,71.0,PASSED
GST113,Applied Chemistry,2.0,44.0,60.0,PASSED
GST115,Social and Behavioral Science,2.0,16.0,51.0,PASSED
