BN CARRYOVER RESULT REPORT,,,,,
FCT COLLEGE OF NURSING SCIENCES,,,,,
BN Set: SET47,,,,,
BN Semester: N-FIRST-YEAR-FIRST-SEMESTER,,,,,
,,,,,
BN STUDENT INFORMATION,,,,,
Exam Number:,7557,,,,
Name:,MOLOKWU ONYINYECHUKWU OLIVIA,,,,
,,,,,
BN PREVIOUS GPAs,,,,,
,,,,,
BN CURRENT ACADEMIC RECORD,,,,,
Current GPA:,3.45,,,,
Current CGPA:,3.45,,,,
,,,,,
BN RESIT COURSES,,,,,
Course Code,Course Title,Credit Unit,Original Score,Resit Score,Status
GNS113,Introduction to Nursing Informatics,2.0,30.0,54.0,PASSED
GNS114,Nutrition,2.0,38.0,57.0,PASSED
GST114,Microbiology,2.0,45.0,69.0,PASSED
GST115,Social and Behavioral Science,2.0,13.0,55.0,PASSED
