BN CARRYOVER RESULT REPORT,,,,,
FCT COLLEGE OF NURSING SCIENCES,,,,,
BN Set: SET47,,,,,
BN Semester: N-FIRST-YEAR-FIRST-SEMESTER,,,,,
,,,,,
BN STUDENT INFORMATION,,,,,
Exam Number:,7530,,,,
Name:,ISMAIL RUKAYAT,,,,
,,,,,
BN PREVIOUS GPAs,,,,,
,,,,,
BN CURRENT ACADEMIC RECORD,,,,,
Current GPA:,4.0,,,,
Current CGPA:,4.0,,,,
,,,,,
BN RESIT COURSES,,,,,
Course Code,Course Title,Credit Unit,Original Score,Resit Score,Status
GNS112,Foundation of Nursing I,4.0,40.0,59.0,PASSED
GNS113,Introduction to Nursing Informatics,2.0,22.0,70.0,PASSED
GNS114,Nutrition,2.0,44.0,64.0,PASSED
GST112,Applied Physics,2.0,24.0,73.0,PASSED
GST113,Applied Chemistry,2.0,40.0,76.0,PASSED
