BN CARRYOVER RESULT REPORT,,,,,
FCT COLLEGE OF NURSING SCIENCES,,,,,
BN Set: SET47,,,,,
BN Semester: N-FIRST-YEAR-FIRST-SEMESTER,,,,,
,,,,,
BN STUDENT INFORMATION,,,,,
Exam Number:,7590,,,,
Name:,ONAKOYA TAIWO FOLAKEMI,,,,
,,,,,
BN PREVIOUS GPAs,,,,,
,,,,,
BN CURRENT ACADEMIC RECORD,,,,,
Current GPA:,3.73,,,,
Current CGPA:,3.73,,,,
,,,,,
BN RESIT COURSES,,,,,
Course Code,Course Title,Credit Unit,Original Score,Resit Score,Status
GNS111,Anatomy & Physiology I,4.0,37.0,57.0,PASSED
GNS114,Nutrition,2.0,28.0,66.0,PASSED
GST112,Applied Physics,2.0,35.0,60.0,PASSED
GST113,Applied Chemistry,2.0,48.0,69.0,PASSED
GST115,Social and Behavioral Science,2.0,44.0,67.0,PASSED
