BN CARRYOVER RESULT REPORT,,,,,
FCT COLLEGE OF NURSING SCIENCES,,,,,
BN Set: SET47,,,,,
BN Semester: N-FIRST-YEAR-FIRST-SEMESTER,,,,,
,,,,,
BN STUDENT INFORMATION,,,,,
Exam Number:,7514,,,,
Name:,HARUNA  PRINCESS ALHERI,,,,
,,,,,
BN PREVIOUS GPAs,,,,,
,,,,,
BN CURRENT ACADEMIC RECORD,,,,,
Current GPA:,4.09,,,,
Current CGPA:,4.09,,,,
,,,,,
BN RESIT COURSES,,,,,
Course Code,Course Title,Credit Unit,Original Score,Resit Score,Status
GNS112,Foundation of Nursing I,4.0,46.0,65.0,PASSED
GNS114,Nutrition,2.0,32.0,67.0,PASSED
GST111,Use of English,2.0,48.0,51.0,PASSED
GST112,Applied Physics,2.0,40.0,52.0,PASSED
GST113,Applied Chemistry,2.0,24.0,80.0,PASSED
