BN CARRYOVER RESULT REPORT,,,,,
FCT COLLEGE OF NURSING SCIENCES,,,,,
BN Set: SET47,,,,,
BN Semester: N-FIRST-YEAR-FIRST-SEMESTER,,,,,
,,,,,
BN STUDENT INFORMATION,,,,,
Exam Number:,7543,,,,
Name:,LAWAL GLORY IFEOLUWA,,,,
,,,,,
BN PREVIOUS GPAs,,,,,
,,,,,
BN CURRENT ACADEMIC RECORD,,,,,
Current GPA:,3.82,,,,
Current CGPA:,3.82,,,,
,,,,,
BN RESIT COURSES,,,,,
Course Code,Course Title,Credit Unit,Original Score,Resit Score,Status
GNS111,Anatomy & Physiology I,4.0,27.0,61.0,PASSED
GNS114,Nutrition,2.0,40.0,64.0,PASSED
GST111,Use of English,2.0,46.0,54.0,PASSED
GST114,Microbiology,2.0,45.0,80.0,PASSED
GST115,Social and Behavioral Science,2.0,37.0,74.0,PASSED
