BN CARRYOVER RESULT REPORT,,,,,
FCT COLLEGE OF NURSING SCIENCES,,,,,
BN Set: SET47,,,,,
BN Semester: N-FIRST-YEAR-FIRST-SEMESTER,,,,,
,,,,,
BN STUDENT INFORMATION,,,,,
Exam Number:,7560,,,,
Name:,MOSES ESTHER SATI,,,,
,,,,,
BN PREVIOUS GPAs,,,,,
,,,,,
BN CURRENT ACADEMIC RECORD,,,,,
Current GPA:,4.0,,,,
Current CGPA:,4.0,,,,
,,,,,
BN RESIT COURSES,,,,,
Course Code,Course Title,Credit Unit,Original Score,Resit Score,Status
GNS112,Foundation of Nursing I,4.0,22.0,74.0,PASSED
GST111,Use of English,2.0,33.0,57.0,PASSED
GST114,Microbiology,2.0,38.0,71.0,PASSED
GST115,Social and Behavioral Science,2.0,40.0,63.0,PASSED
