BN CARRYOVER RESULT REPORT,,,,,
FCT COLLEGE OF NURSING SCIENCES,,,,,
BN Set: SET47,,,,,
BN Semester: N-FIRST-YEAR-FIRST-SEMESTER,,,,,
,,,,,
BN STUDENT INFORMATION,,,,,
Exam Number:,7440,,,,
Name:,ABDULSALAM  ZULIEHAT,,,,
,,,,,
BN PREVIOUS GPAs,,,,,
,,,,,
BN CURRENT ACADEMIC RECORD,,,,,
Current GPA:,3.73,,,,
Current CGPA:,3.73,,,,
,,,,,
BN RESIT COURSES,,,,,
Course Code,Course Title,Credit Unit,Original Score,Resit Score,Status
GST113,Applied Chemistry,2.0,36.0,54.0,PASSED
GST114,Microbiology,2.0,22.0,59.0,PASSED
GST115,Social and Behavioral Science,2.0,45.0,74.0,PASSED
