BN CARRYOVER RESULT REPORT,,,,,
FCT COLLEGE OF NURSING SCIENCES,,,,,
BN Set: SET47,,,,,
BN Semester: N-FIRST-YEAR-FIRST-SEMESTER,,,,,
,,,,,
BN STUDENT INFORMATION,,,,,
Exam Number:,7550,,,,
Name:,MBUI GIFT  ODUM,,,,
,,,,,
BN PREVIOUS GPAs,,,,,
,,,,,
BN CURRENT ACADEMIC RECORD,,,,,
Current GPA:,4.18,,,,
Current CGPA:,4.18,,,,
,,,,,
BN RESIT COURSES,,,,,
Course Code,Course Title,Credit Unit,Original Score,Resit Score,Status
GNS112,Foundation of Nursing I,4.0,28.0,79.0,PASSED
GST111,Use of English,2.0,34.0,79.0,PASSED
GST114,Microbiology,2.0,20.0,79.0,PASSED
