BN CARRYOVER RESULT REPORT,,,,,
FCT COLLEGE OF NURSING SCIENCES,,,,,
BN Set: SET47,,,,,
BN Semester: N-FIRST-YEAR-FIRST-SEMESTER,,,,,
,,,,,
BN STUDENT INFORMATION,,,,,
Exam Number:,7434,,,,
Name:,ABDULKADIR MARYAM IKPEMOSIME,,,,
,,,,,
BN PREVIOUS GPAs,,,,,
,,,,,
BN CURRENT ACADEMIC RECORD,,,,,
Current GPA:,3.73,,,,
Current CGPA:,3.73,,,,
,,,,,
BN RESIT COURSES,,,,,
Course Code,Course Title,Credit Unit,Original Score,Resit Score,Status
GNS111,Anatomy & Physiology I,4.0,32.0,54.0,PASSED
GNS114,Nutrition,2.0,44.0,68.0,PASSED
GST113,Applied Chemistry,2.0,18.0,53.0,PASSED
