[
  {
    "exam_number": "7579",
    "name": "ODEAHAN ITOHAN ABIGAIL",
    "failed_courses": [
      {
        "course_code": "GNS321",
        "original_score": 44.0,
        "semester": "N-THIRD-YEAR-SECOND-SEMESTER",
        "set": "SET48",
        "resit_attempts": 0,
        "best_score": 44.0,
        "status": "Failed"
      },
      {
        "course_code": "GNS323",
        "original_score": 22.0,
        "semester": "N-THIRD-YEAR-SECOND-SEMESTER",
        "set": "SET48",
        "resit_attempts": 0,
        "best_score": 22.0,
        "status": "Failed"
      }
    ],
    "semester": "N-THIRD-YEAR-SECOND-SEMESTER",
    "set": "SET48",
    "identified_date": "2025-11-05 16:36:18",
    "total_resit_attempts": 0,
    "status": "Active"
  }
]