[
  {
    "exam_number": "FCTCONS/ND23/110",
    "name": "DENNIS EMMANUEL OLOCHE",
    "failed_courses": [
      {
        "course_code": "NUR223",
        "original_score": 44.0,
        "semester": "ND-SECOND-YEAR-SECOND-SEMESTER",
        "set": "ND-2024",
        "resit_attempts": 0,
        "best_score": 44.0,
        "status": "Failed"
      },
      {
        "course_code": "Total Registered CU",
        "original_score": 33.0,
        "semester": "ND-SECOND-YEAR-SECOND-SEMESTER",
        "set": "ND-2024",
        "resit_attempts": 0,
        "best_score": 33.0,
        "status": "Failed"
      },
      {
        "course_code": "PREVIOUS CGPA",
        "original_score": 2.14,
        "semester": "ND-SECOND-YEAR-SECOND-SEMESTER",
        "set": "ND-2024",
        "resit_attempts": 0,
        "best_score": 2.14,
        "status": "Failed"
      },
      {
        "course_code": "CURRENT CGPA",
        "original_score": 2.17,
        "semester": "ND-SECOND-YEAR-SECOND-SEMESTER",
        "set": "ND-2024",
        "resit_attempts": 0,
        "best_score": 2.17,
        "status": "Failed"
      }
    ],
    "semester": "ND-SECOND-YEAR-SECOND-SEMESTER",
    "set": "ND-2024",
    "identified_date": "2025-12-20 18:38:24",
    "total_resit_attempts": 0,
    "status": "Active",
    "probation_status": false
  },
  {
    "exam_number": "FCTCONS/ND23/114",
    "name": "YAKUBU PRISCILLA ASHEZIE",
    "failed_courses": [
      {
        "course_code": "NUR224",
        "original_score": 46.0,
        "semester": "ND-SECOND-YEAR-SECOND-SEMESTER",
        "set": "ND-2024",
        "resit_attempts": 0,
        "best_score": 46.0,
        "status": "Failed"
      },
      {
        "course_code": "Total Registered CU",
        "original_score": 29.0,
        "semester": "ND-SECOND-YEAR-SECOND-SEMESTER",
        "set": "ND-2024",
        "resit_attempts": 0,
        "best_score": 29.0,
        "status": "Failed"
      },
      {
        "course_code": "PREVIOUS CGPA",
        "original_score": 2.06,
        "semester": "ND-SECOND-YEAR-SECOND-SEMESTER",
        "set": "ND-2024",
        "resit_attempts": 0,
        "best_score": 2.06,
        "status": "Failed"
      },
      {
        "course_code": "CURRENT CGPA",
        "original_score": 2.13,
        "semester": "ND-SECOND-YEAR-SECOND-SEMESTER",
        "set": "ND-2024",
        "resit_attempts": 0,
        "best_score": 2.13,
        "status": "Failed"
      }
    ],
    "semester": "ND-SECOND-YEAR-SECOND-SEMESTER",
    "set": "ND-2024",
    "identified_date": "2025-12-20 18:38:24",
    "total_resit_attempts": 0,
    "status": "Active",
    "probation_status": false
  },
  {
    "exam_number": "FCTCONS/ND23/117",
    "name": "SYLVESTER FLO+D19URISH",
    "failed_courses": [
      {
        "course_code": "NUR224",
        "original_score": 46.0,
        "semester": "ND-SECOND-YEAR-SECOND-SEMESTER",
        "set": "ND-2024",
        "resit_attempts": 0,
        "best_score": 46.0,
        "status": "Failed"
      },
      {
        "course_code": "Total Registered CU",
        "original_score": 33.0,
        "semester": "ND-SECOND-YEAR-SECOND-SEMESTER",
        "set": "ND-2024",
        "resit_attempts": 0,
        "best_score": 33.0,
        "status": "Failed"
      },
      {
        "course_code": "PREVIOUS CGPA",
        "original_score": 2.42,
        "semester": "ND-SECOND-YEAR-SECOND-SEMESTER",
        "set": "ND-2024",
        "resit_attempts": 0,
        "best_score": 2.42,
        "status": "Failed"
      },
      {
        "course_code": "CURRENT CGPA",
        "original_score": 2.49,
        "semester": "ND-SECOND-YEAR-SECOND-SEMESTER",
        "set": "ND-2024",
        "resit_attempts": 0,
        "best_score": 2.49,
        "status": "Failed"
      }
    ],
    "semester": "ND-SECOND-YEAR-SECOND-SEMESTER",
    "set": "ND-2024",
    "identified_date": "2025-12-20 18:38:24",
    "total_resit_attempts": 0,
    "status": "Active",
    "probation_status": false
  },
  {
    "exam_number": "FCTCONS/ND23/124",
    "name": "UMAR FARUK ZAINAB",
    "failed_courses": [
      {
        "course_code": "NUR224",
        "original_score": 46.0,
        "semester": "ND-SECOND-YEAR-SECOND-SEMESTER",
        "set": "ND-2024",
        "resit_attempts": 0,
        "best_score": 46.0,
        "status": "Failed"
      },
      {
        "course_code": "Total Registered CU",
        "original_score": 31.0,
        "semester": "ND-SECOND-YEAR-SECOND-SEMESTER",
        "set": "ND-2024",
        "resit_attempts": 0,
        "best_score": 31.0,
        "status": "Failed"
      },
      {
        "course_code": "PREVIOUS CGPA",
        "original_score": 2.36,
        "semester": "ND-SECOND-YEAR-SECOND-SEMESTER",
        "set": "ND-2024",
        "resit_attempts": 0,
        "best_score": 2.36,
        "status": "Failed"
      },
      {
        "course_code": "CURRENT CGPA",
        "original_score": 2.51,
        "semester": "ND-SECOND-YEAR-SECOND-SEMESTER",
        "set": "ND-2024",
        "resit_attempts": 0,
        "best_score": 2.51,
        "status": "Failed"
      }
    ],
    "semester": "ND-SECOND-YEAR-SECOND-SEMESTER",
    "set": "ND-2024",
    "identified_date": "2025-12-20 18:38:24",
    "total_resit_attempts": 0,
    "status": "Active",
    "probation_status": false
  }
]