EXAMS NUMBER,NAME,COURSE CODE,ORIGINAL SCORE,SEMESTER,SET,RESIT ATTEMPTS,BEST SCORE,STATUS,IDENTIFIED DATE,OVERALL_STATUS
7463,ALIU MARIA OCHUWA,GNS311,32.0,N-THIRD-YEAR-FIRST-SEMESTER,SET47,0,32.0,Failed,2025-11-01 03:35:54,Active
7463,ALIU MARIA OCHUWA,GNS315,47.0,N-THIRD-YEAR-FIRST-SEMESTER,SET47,0,47.0,Failed,2025-11-01 03:35:54,Active
7463,ALIU MARIA OCHUWA,GNS316,35.0,N-THIRD-YEAR-FIRST-SEMESTER,SET47,0,35.0,Failed,2025-11-01 03:35:54,Active
7463,ALIU MARIA OCHUWA,GST311,34.0,N-THIRD-YEAR-FIRST-SEMESTER,SET47,0,34.0,Failed,2025-11-01 03:35:54,Active
