EXAMS NUMBER,NAME,COURSE CODE,ORIGINAL SCORE,SEMESTER,SET,RESIT ATTEMPTS,BEST SCORE,STATUS,IDENTIFIED DATE,OVERALL_STATUS
7545,LUKA JENNIFER,GNS121,19.0,N-FIRST-YEAR-SECOND-SEMESTER,SET47,0,19.0,Failed,2025-11-01 03:35:51,Active
7545,LUKA JENNIFER,GNS124,42.0,N-FIRST-YEAR-SECOND-SEMESTER,SET47,0,42.0,Failed,2025-11-01 03:35:51,Active
7545,LUKA JENNIFER,GNS125,46.0,N-FIRST-YEAR-SECOND-SEMESTER,SET47,0,46.0,Failed,2025-11-01 03:35:51,Active
7545,LUKA JENNIFER,GNS127,42.0,N-FIRST-YEAR-SECOND-SEMESTER,SET47,0,42.0,Failed,2025-11-01 03:35:51,Active
7545,LUKA JENNIFER,GNS128,39.0,N-FIRST-YEAR-SECOND-SEMESTER,SET47,0,39.0,Failed,2025-11-01 03:35:51,Active
