EXAMS NUMBER,NAME,COURSE CODE,ORIGINAL SCORE,SEMESTER,SET,RESIT ATTEMPTS,BEST SCORE,STATUS,IDENTIFIED DATE,OVERALL_STATUS
7605,SAMSON ERNEST ALLU,GNS123,44.0,N-FIRST-YEAR-SECOND-SEMESTER,SET47,0,44.0,Failed,2025-11-01 03:35:51,Active
7605,SAMSON ERNEST ALLU,GNS126,46.0,N-FIRST-YEAR-SECOND-SEMESTER,SET47,0,46.0,Failed,2025-11-01 03:35:51,Active
7605,SAMSON ERNEST ALLU,GNS127,48.0,N-FIRST-YEAR-SECOND-SEMESTER,SET47,0,48.0,Failed,2025-11-01 03:35:51,Active
7605,SAMSON ERNEST ALLU,GNS128,47.0,N-FIRST-YEAR-SECOND-SEMESTER,SET47,0,47.0,Failed,2025-11-01 03:35:51,Active
