EXAMS NUMBER,NAME,COURSE CODE,ORIGINAL SCORE,SEMESTER,SET,RESIT ATTEMPTS,BEST SCORE,STATUS,IDENTIFIED DATE,OVERALL_STATUS
7544,LAWRENCE  ESTHER AMARACHI,GNS122,49.0,N-FIRST-YEAR-SECOND-SEMESTER,SET47,0,49.0,Failed,2025-11-01 03:35:51,Active
7544,LAWRENCE  ESTHER AMARACHI,GNS123,26.0,N-FIRST-YEAR-SECOND-SEMESTER,SET47,0,26.0,Failed,2025-11-01 03:35:51,Active
7544,LAWRENCE  ESTHER AMARACHI,GNS124,40.0,N-FIRST-YEAR-SECOND-SEMESTER,SET47,0,40.0,Failed,2025-11-01 03:35:51,Active
7544,LAWRENCE  ESTHER AMARACHI,GNS127,23.0,N-FIRST-YEAR-SECOND-SEMESTER,SET47,0,23.0,Failed,2025-11-01 03:35:51,Active
