EXAMS NUMBER,NAME,COURSE CODE,ORIGINAL SCORE,SEMESTER,SET,RESIT ATTEMPTS,BEST SCORE,STATUS,IDENTIFIED DATE,OVERALL_STATUS
7626,UNUABOR PHILIP OSEIWE,GNS124,36.0,N-FIRST-YEAR-SECOND-SEMESTER,SET47,0,36.0,Failed,2025-11-01 03:35:51,Active
7626,UNUABOR PHILIP OSEIWE,GNS126,41.0,N-FIRST-YEAR-SECOND-SEMESTER,SET47,0,41.0,Failed,2025-11-01 03:35:51,Active
7626,UNUABOR PHILIP OSEIWE,GNS127,46.0,N-FIRST-YEAR-SECOND-SEMESTER,SET47,0,46.0,Failed,2025-11-01 03:35:51,Active
7626,UNUABOR PHILIP OSEIWE,GNS128,28.0,N-FIRST-YEAR-SECOND-SEMESTER,SET47,0,28.0,Failed,2025-11-01 03:35:51,Active
