EXAMS NUMBER,NAME,COURSE CODE,ORIGINAL SCORE,SEMESTER,SET,RESIT ATTEMPTS,BEST SCORE,STATUS,IDENTIFIED DATE,OVERALL_STATUS
7557,MOLOKWU ONYINYECHUKWU OLIVIA,GNS121,31.0,N-FIRST-YEAR-SECOND-SEMESTER,SET47,0,31.0,Failed,2025-11-01 03:35:51,Active
7557,MOLOKWU ONYINYECHUKWU OLIVIA,GNS123,45.0,N-FIRST-YEAR-SECOND-SEMESTER,SET47,0,45.0,Failed,2025-11-01 03:35:51,Active
7557,MOLOKWU ONYINYECHUKWU OLIVIA,GNS124,20.0,N-FIRST-YEAR-SECOND-SEMESTER,SET47,0,20.0,Failed,2025-11-01 03:35:51,Active
7557,MOLOKWU ONYINYECHUKWU OLIVIA,GNS125,43.0,N-FIRST-YEAR-SECOND-SEMESTER,SET47,0,43.0,Failed,2025-11-01 03:35:51,Active
