EXAMS NUMBER,NAME,COURSE CODE,ORIGINAL SCORE,SEMESTER,SET,RESIT ATTEMPTS,BEST SCORE,STATUS,IDENTIFIED DATE,OVERALL_STATUS
7497,EBERECHUKWU DIVINE STEPHEN,GNS121,28.0,N-FIRST-YEAR-SECOND-SEMESTER,SET47,0,28.0,Failed,2025-11-01 03:35:51,Active
7497,EBERECHUKWU DIVINE STEPHEN,GNS125,36.0,N-FIRST-YEAR-SECOND-SEMESTER,SET47,0,36.0,Failed,2025-11-01 03:35:51,Active
7497,EBERECHUKWU DIVINE STEPHEN,GNS126,36.0,N-FIRST-YEAR-SECOND-SEMESTER,SET47,0,36.0,Failed,2025-11-01 03:35:51,Active
7497,EBERECHUKWU DIVINE STEPHEN,GNS128,22.0,N-FIRST-YEAR-SECOND-SEMESTER,SET47,0,22.0,Failed,2025-11-01 03:35:51,Active
