EXAMS NUMBER,NAME,COURSE CODE,ORIGINAL SCORE,SEMESTER,SET,RESIT ATTEMPTS,BEST SCORE,STATUS,IDENTIFIED DATE,OVERALL_STATUS
7498,EDWARD ISAAC DANJUMA,GNS122,33.0,N-FIRST-YEAR-SECOND-SEMESTER,SET47,0,33.0,Failed,2025-11-01 03:35:51,Active
7498,EDWARD ISAAC DANJUMA,GNS123,49.0,N-FIRST-YEAR-SECOND-SEMESTER,SET47,0,49.0,Failed,2025-11-01 03:35:51,Active
7498,EDWARD ISAAC DANJUMA,GNS124,47.0,N-FIRST-YEAR-SECOND-SEMESTER,SET47,0,47.0,Failed,2025-11-01 03:35:51,Active
7498,EDWARD ISAAC DANJUMA,GNS125,24.0,N-FIRST-YEAR-SECOND-SEMESTER,SET47,0,24.0,Failed,2025-11-01 03:35:51,Active
7498,EDWARD ISAAC DANJUMA,GNS126,39.0,N-FIRST-YEAR-SECOND-SEMESTER,SET47,0,39.0,Failed,2025-11-01 03:35:51,Active
7498,EDWARD ISAAC DANJUMA,GNS127,5.0,N-FIRST-YEAR-SECOND-SEMESTER,SET47,0,5.0,Failed,2025-11-01 03:35:51,Active
7498,EDWARD ISAAC DANJUMA,GNS128,48.0,N-FIRST-YEAR-SECOND-SEMESTER,SET47,0,48.0,Failed,2025-11-01 03:35:51,Active
