EXAMS NUMBER,NAME,COURSE CODE,ORIGINAL SCORE,SEMESTER,SET,RESIT ATTEMPTS,BEST SCORE,STATUS,IDENTIFIED DATE,OVERALL_STATUS
7562,MOYOSORE JUMOKE DOLAPO-GRACE,GNS121,40.0,N-FIRST-YEAR-SECOND-SEMESTER,SET47,0,40.0,Failed,2025-11-01 03:35:51,Active
7562,MOYOSORE JUMOKE DOLAPO-GRACE,GNS123,26.0,N-FIRST-YEAR-SECOND-SEMESTER,SET47,0,26.0,Failed,2025-11-01 03:35:51,Active
7562,MOYOSORE JUMOKE DOLAPO-GRACE,GNS124,36.0,N-FIRST-YEAR-SECOND-SEMESTER,SET47,0,36.0,Failed,2025-11-01 03:35:51,Active
7562,MOYOSORE JUMOKE DOLAPO-GRACE,GNS125,16.0,N-FIRST-YEAR-SECOND-SEMESTER,SET47,0,16.0,Failed,2025-11-01 03:35:51,Active
7562,MOYOSORE JUMOKE DOLAPO-GRACE,GNS126,48.0,N-FIRST-YEAR-SECOND-SEMESTER,SET47,0,48.0,Failed,2025-11-01 03:35:51,Active
