EXAMS NUMBER,NAME,COURSE CODE,ORIGINAL SCORE,SEMESTER,SET,RESIT ATTEMPTS,BEST SCORE,STATUS,IDENTIFIED DATE,OVERALL_STATUS
7482,BABAJIDE DEBORAH GBEMISOLA,GNS123,27.0,N-FIRST-YEAR-SECOND-SEMESTER,SET47,0,27.0,Failed,2025-11-01 03:35:51,Active
7482,BABAJIDE DEBORAH GBEMISOLA,GNS125,42.0,N-FIRST-YEAR-SECOND-SEMESTER,SET47,0,42.0,Failed,2025-11-01 03:35:51,Active
7482,BABAJIDE DEBORAH GBEMISOLA,GNS127,41.0,N-FIRST-YEAR-SECOND-SEMESTER,SET47,0,41.0,Failed,2025-11-01 03:35:51,Active
7482,BABAJIDE DEBORAH GBEMISOLA,GNS128,46.0,N-FIRST-YEAR-SECOND-SEMESTER,SET47,0,46.0,Failed,2025-11-01 03:35:51,Active
