EXAMS NUMBER,NAME,COURSE CODE,ORIGINAL SCORE,SEMESTER,SET,RESIT ATTEMPTS,BEST SCORE,STATUS,IDENTIFIED DATE,OVERALL_STATUS
7456,AHMED-RUFAI ASMAU,GNS122,18.0,N-FIRST-YEAR-SECOND-SEMESTER,SET47,0,18.0,Failed,2025-11-01 03:35:51,Active
7456,AHMED-RUFAI ASMAU,GNS124,36.0,N-FIRST-YEAR-SECOND-SEMESTER,SET47,0,36.0,Failed,2025-11-01 03:35:51,Active
7456,AHMED-RUFAI ASMAU,GNS125,46.0,N-FIRST-YEAR-SECOND-SEMESTER,SET47,0,46.0,Failed,2025-11-01 03:35:51,Active
7456,AHMED-RUFAI ASMAU,GNS126,18.0,N-FIRST-YEAR-SECOND-SEMESTER,SET47,0,18.0,Failed,2025-11-01 03:35:51,Active
7456,AHMED-RUFAI ASMAU,GNS127,49.0,N-FIRST-YEAR-SECOND-SEMESTER,SET47,0,49.0,Failed,2025-11-01 03:35:51,Active
7456,AHMED-RUFAI ASMAU,GNS128,18.0,N-FIRST-YEAR-SECOND-SEMESTER,SET47,0,18.0,Failed,2025-11-01 03:35:51,Active
