EXAMS NUMBER,NAME,COURSE CODE,ORIGINAL SCORE,SEMESTER,SET,RESIT ATTEMPTS,BEST SCORE,STATUS,IDENTIFIED DATE,OVERALL_STATUS
7515,HARUNA  HAFSAT UMAR,GNS122,38.0,N-FIRST-YEAR-SECOND-SEMESTER,SET47,0,38.0,Failed,2025-11-01 03:35:51,Active
7515,HARUNA  HAFSAT UMAR,GNS123,16.0,N-FIRST-YEAR-SECOND-SEMESTER,SET47,0,16.0,Failed,2025-11-01 03:35:51,Active
7515,HARUNA  HAFSAT UMAR,GNS125,44.0,N-FIRST-YEAR-SECOND-SEMESTER,SET47,0,44.0,Failed,2025-11-01 03:35:51,Active
7515,HARUNA  HAFSAT UMAR,GNS127,48.0,N-FIRST-YEAR-SECOND-SEMESTER,SET47,0,48.0,Failed,2025-11-01 03:35:51,Active
7515,HARUNA  HAFSAT UMAR,GNS128,48.0,N-FIRST-YEAR-SECOND-SEMESTER,SET47,0,48.0,Failed,2025-11-01 03:35:51,Active
