EXAMS NUMBER,NAME,COURSE CODE,ORIGINAL SCORE,SEMESTER,SET,RESIT ATTEMPTS,BEST SCORE,STATUS,IDENTIFIED DATE,OVERALL_STATUS
7599,PETER ISHAKU,GNS121,45.0,N-FIRST-YEAR-SECOND-SEMESTER,SET47,0,45.0,Failed,2025-11-01 03:35:51,Active
7599,PETER ISHAKU,GNS122,49.0,N-FIRST-YEAR-SECOND-SEMESTER,SET47,0,49.0,Failed,2025-11-01 03:35:51,Active
7599,PETER ISHAKU,GNS124,18.0,N-FIRST-YEAR-SECOND-SEMESTER,SET47,0,18.0,Failed,2025-11-01 03:35:51,Active
7599,PETER ISHAKU,GNS125,46.0,N-FIRST-YEAR-SECOND-SEMESTER,SET47,0,46.0,Failed,2025-11-01 03:35:51,Active
7599,PETER ISHAKU,GNS126,9.0,N-FIRST-YEAR-SECOND-SEMESTER,SET47,0,9.0,Failed,2025-11-01 03:35:51,Active
