EXAMS NUMBER,NAME,COURSE CODE,ORIGINAL SCORE,SEMESTER,SET,RESIT ATTEMPTS,BEST SCORE,STATUS,IDENTIFIED DATE,OVERALL_STATUS
7451,ADO AMATULLAH,GNS121,39.0,N-FIRST-YEAR-SECOND-SEMESTER,SET47,0,39.0,Failed,2025-11-01 03:35:51,Active
7451,ADO AMATULLAH,GNS123,36.0,N-FIRST-YEAR-SECOND-SEMESTER,SET47,0,36.0,Failed,2025-11-01 03:35:51,Active
7451,ADO AMATULLAH,GNS124,6.0,N-FIRST-YEAR-SECOND-SEMESTER,SET47,0,6.0,Failed,2025-11-01 03:35:51,Active
7451,ADO AMATULLAH,GNS126,38.0,N-FIRST-YEAR-SECOND-SEMESTER,SET47,0,38.0,Failed,2025-11-01 03:35:51,Active
7451,ADO AMATULLAH,GNS127,34.0,N-FIRST-YEAR-SECOND-SEMESTER,SET47,0,34.0,Failed,2025-11-01 03:35:51,Active
