EXAMS NUMBER,NAME,COURSE CODE,ORIGINAL SCORE,SEMESTER,SET,RESIT ATTEMPTS,BEST SCORE,STATUS,IDENTIFIED DATE,OVERALL_STATUS
7580,OGBE  INNOCENT OCHE,GNS121,14.0,N-FIRST-YEAR-SECOND-SEMESTER,SET47,0,14.0,Failed,2025-11-01 03:35:51,Active
7580,OGBE  INNOCENT OCHE,GNS125,31.0,N-FIRST-YEAR-SECOND-SEMESTER,SET47,0,31.0,Failed,2025-11-01 03:35:51,Active
7580,OGBE  INNOCENT OCHE,GNS126,24.0,N-FIRST-YEAR-SECOND-SEMESTER,SET47,0,24.0,Failed,2025-11-01 03:35:51,Active
7580,OGBE  INNOCENT OCHE,GNS127,28.0,N-FIRST-YEAR-SECOND-SEMESTER,SET47,0,28.0,Failed,2025-11-01 03:35:51,Active
7580,OGBE  INNOCENT OCHE,GNS128,42.0,N-FIRST-YEAR-SECOND-SEMESTER,SET47,0,42.0,Failed,2025-11-01 03:35:51,Active
