EXAMS NUMBER,NAME,COURSE CODE,ORIGINAL SCORE,SEMESTER,SET,RESIT ATTEMPTS,BEST SCORE,STATUS,IDENTIFIED DATE,OVERALL_STATUS
7434,ABDULKADIR MARYAM IKPEMOSIME,GNS121,49.0,N-FIRST-YEAR-SECOND-SEMESTER,SET47,0,49.0,Failed,2025-11-01 03:35:51,Active
7434,ABDULKADIR MARYAM IKPEMOSIME,GNS124,14.0,N-FIRST-YEAR-SECOND-SEMESTER,SET47,0,14.0,Failed,2025-11-01 03:35:51,Active
7434,ABDULKADIR MARYAM IKPEMOSIME,GNS125,38.0,N-FIRST-YEAR-SECOND-SEMESTER,SET47,0,38.0,Failed,2025-11-01 03:35:51,Active
7434,ABDULKADIR MARYAM IKPEMOSIME,GNS126,46.0,N-FIRST-YEAR-SECOND-SEMESTER,SET47,0,46.0,Failed,2025-11-01 03:35:51,Active
