EXAMS NUMBER,NAME,COURSE CODE,ORIGINAL SCORE,SEMESTER,SET,RESIT ATTEMPTS,BEST SCORE,STATUS,IDENTIFIED DATE,OVERALL_STATUS
7538,JOSEPHAT RUTH CHIDERA,GNS121,24.0,N-FIRST-YEAR-SECOND-SEMESTER,SET47,0,24.0,Failed,2025-11-01 03:35:51,Active
7538,JOSEPHAT RUTH CHIDERA,GNS123,25.0,N-FIRST-YEAR-SECOND-SEMESTER,SET47,0,25.0,Failed,2025-11-01 03:35:51,Active
7538,JOSEPHAT RUTH CHIDERA,GNS124,22.0,N-FIRST-YEAR-SECOND-SEMESTER,SET47,0,22.0,Failed,2025-11-01 03:35:51,Active
7538,JOSEPHAT RUTH CHIDERA,GNS125,47.0,N-FIRST-YEAR-SECOND-SEMESTER,SET47,0,47.0,Failed,2025-11-01 03:35:51,Active
7538,JOSEPHAT RUTH CHIDERA,GNS127,18.0,N-FIRST-YEAR-SECOND-SEMESTER,SET47,0,18.0,Failed,2025-11-01 03:35:51,Active
