EXAMS NUMBER,NAME,COURSE CODE,ORIGINAL SCORE,SEMESTER,SET,RESIT ATTEMPTS,BEST SCORE,STATUS,IDENTIFIED DATE,OVERALL_STATUS
7550,MBUI GIFT  ODUM,GNS121,40.0,N-FIRST-YEAR-SECOND-SEMESTER,SET47,0,40.0,Failed,2025-11-01 03:35:51,Active
7550,MBUI GIFT  ODUM,GNS122,38.0,N-FIRST-YEAR-SECOND-SEMESTER,SET47,0,38.0,Failed,2025-11-01 03:35:51,Active
7550,MBUI GIFT  ODUM,GNS123,36.0,N-FIRST-YEAR-SECOND-SEMESTER,SET47,0,36.0,Failed,2025-11-01 03:35:51,Active
7550,MBUI GIFT  ODUM,GNS124,19.0,N-FIRST-YEAR-SECOND-SEMESTER,SET47,0,19.0,Failed,2025-11-01 03:35:51,Active
7550,MBUI GIFT  ODUM,GNS126,14.0,N-FIRST-YEAR-SECOND-SEMESTER,SET47,0,14.0,Failed,2025-11-01 03:35:51,Active
