EXAMS NUMBER,NAME,COURSE CODE,ORIGINAL SCORE,SEMESTER,SET,RESIT ATTEMPTS,BEST SCORE,STATUS,IDENTIFIED DATE,OVERALL_STATUS
7478,AUGUSTINE  MONICA ENOSI,GNS122,44.0,N-FIRST-YEAR-SECOND-SEMESTER,SET47,0,44.0,Failed,2025-11-01 03:35:51,Active
7478,AUGUSTINE  MONICA ENOSI,GNS123,45.0,N-FIRST-YEAR-SECOND-SEMESTER,SET47,0,45.0,Failed,2025-11-01 03:35:51,Active
7478,AUGUSTINE  MONICA ENOSI,GNS125,40.0,N-FIRST-YEAR-SECOND-SEMESTER,SET47,0,40.0,Failed,2025-11-01 03:35:51,Active
7478,AUGUSTINE  MONICA ENOSI,GNS126,38.0,N-FIRST-YEAR-SECOND-SEMESTER,SET47,0,38.0,Failed,2025-11-01 03:35:51,Active
7478,AUGUSTINE  MONICA ENOSI,GNS127,27.0,N-FIRST-YEAR-SECOND-SEMESTER,SET47,0,27.0,Failed,2025-11-01 03:35:51,Active
7478,AUGUSTINE  MONICA ENOSI,GNS128,40.0,N-FIRST-YEAR-SECOND-SEMESTER,SET47,0,40.0,Failed,2025-11-01 03:35:51,Active
