EXAMS NUMBER,NAME,COURSE CODE,ORIGINAL SCORE,SEMESTER,SET,RESIT ATTEMPTS,BEST SCORE,STATUS,IDENTIFIED DATE,OVERALL_STATUS
7457,AJEH MARTHA SYLVERA,GNS121,44.0,N-FIRST-YEAR-SECOND-SEMESTER,SET47,0,44.0,Failed,2025-11-01 03:35:51,Active
7457,AJEH MARTHA SYLVERA,GNS122,45.0,N-FIRST-YEAR-SECOND-SEMESTER,SET47,0,45.0,Failed,2025-11-01 03:35:51,Active
7457,AJEH MARTHA SYLVERA,GNS123,34.0,N-FIRST-YEAR-SECOND-SEMESTER,SET47,0,34.0,Failed,2025-11-01 03:35:51,Active
7457,AJEH MARTHA SYLVERA,GNS125,21.0,N-FIRST-YEAR-SECOND-SEMESTER,SET47,0,21.0,Failed,2025-11-01 03:35:51,Active
7457,AJEH MARTHA SYLVERA,GNS128,36.0,N-FIRST-YEAR-SECOND-SEMESTER,SET47,0,36.0,Failed,2025-11-01 03:35:51,Active
