[
  {
    "exam_number": "7443",
    "name": "Abubakar  Nabila",
    "failed_courses": [
      {
        "course_code": "GNS317",
        "original_score": 48.0,
        "semester": "N-THIRD-YEAR-FIRST-SEMESTER",
        "set": "SET47",
        "resit_attempts": 0,
        "best_score": 48.0,
        "status": "Failed"
      }
    ],
    "semester": "N-THIRD-YEAR-FIRST-SEMESTER",
    "set": "SET47",
    "identified_date": "2025-11-26 01:06:16",
    "total_resit_attempts": 0,
    "status": "Active",
    "probation_status": false
  },
  {
    "exam_number": "7596",
    "name": "Ozongwu Chinazaekpere Grace",
    "failed_courses": [
      {
        "course_code": "GNS317",
        "original_score": 47.0,
        "semester": "N-THIRD-YEAR-FIRST-SEMESTER",
        "set": "SET47",
        "resit_attempts": 0,
        "best_score": 47.0,
        "status": "Failed"
      }
    ],
    "semester": "N-THIRD-YEAR-FIRST-SEMESTER",
    "set": "SET47",
    "identified_date": "2025-11-26 01:06:16",
    "total_resit_attempts": 0,
    "status": "Active",
    "probation_status": false
  },
  {
    "exam_number": "7618",
    "name": "Theophilus Bukola Chrysoprase",
    "failed_courses": [
      {
        "course_code": "GNS317",
        "original_score": 49.0,
        "semester": "N-THIRD-YEAR-FIRST-SEMESTER",
        "set": "SET47",
        "resit_attempts": 0,
        "best_score": 49.0,
        "status": "Failed"
      }
    ],
    "semester": "N-THIRD-YEAR-FIRST-SEMESTER",
    "set": "SET47",
    "identified_date": "2025-11-26 01:06:16",
    "total_resit_attempts": 0,
    "status": "Active",
    "probation_status": false
  },
  {
    "exam_number": "7620",
    "name": "Udeh Shulammite Amaranna",
    "failed_courses": [
      {
        "course_code": "GNS317",
        "original_score": 48.0,
        "semester": "N-THIRD-YEAR-FIRST-SEMESTER",
        "set": "SET47",
        "resit_attempts": 0,
        "best_score": 48.0,
        "status": "Failed"
      }
    ],
    "semester": "N-THIRD-YEAR-FIRST-SEMESTER",
    "set": "SET47",
    "identified_date": "2025-11-26 01:06:16",
    "total_resit_attempts": 0,
    "status": "Active",
    "probation_status": false
  }
]