[
  {
    "exam_number": "FCTCONS/ND24/002",
    "name": "UMAR AMINA MAKUN",
    "failed_courses": [
      {
        "course_code": "NUR211",
        "original_score": 44.0,
        "semester": "ND-SECOND-YEAR-FIRST-SEMESTER",
        "set": "ND-2024",
        "resit_attempts": 0,
        "best_score": 44.0,
        "status": "Failed"
      },
      {
        "course_code": "GNS211",
        "original_score": 49.0,
        "semester": "ND-SECOND-YEAR-FIRST-SEMESTER",
        "set": "ND-2024",
        "resit_attempts": 0,
        "best_score": 49.0,
        "status": "Failed"
      }
    ],
    "semester": "ND-SECOND-YEAR-FIRST-SEMESTER",
    "set": "ND-2024",
    "identified_date": "2025-11-01 03:23:03",
    "total_resit_attempts": 0,
    "status": "Active"
  },
  {
    "exam_number": "FCTCONS/ND24/004",
    "name": "ABANG STEPHANIE ADA",
    "failed_courses": [
      {
        "course_code": "NUS211",
        "original_score": 45.0,
        "semester": "ND-SECOND-YEAR-FIRST-SEMESTER",
        "set": "ND-2024",
        "resit_attempts": 0,
        "best_score": 45.0,
        "status": "Failed"
      },
      {
        "course_code": "NUR211",
        "original_score": 44.0,
        "semester": "ND-SECOND-YEAR-FIRST-SEMESTER",
        "set": "ND-2024",
        "resit_attempts": 0,
        "best_score": 44.0,
        "status": "Failed"
      }
    ],
    "semester": "ND-SECOND-YEAR-FIRST-SEMESTER",
    "set": "ND-2024",
    "identified_date": "2025-11-01 03:23:03",
    "total_resit_attempts": 0,
    "status": "Active"
  },
  {
    "exam_number": "FCTCONS/ND24/006",
    "name": "YOHANNA DORATHY TAVINAZA",
    "failed_courses": [
      {
        "course_code": "NUR211",
        "original_score": 45.0,
        "semester": "ND-SECOND-YEAR-FIRST-SEMESTER",
        "set": "ND-2024",
        "resit_attempts": 0,
        "best_score": 45.0,
        "status": "Failed"
      },
      {
        "course_code": "NUR213",
        "original_score": 42.0,
        "semester": "ND-SECOND-YEAR-FIRST-SEMESTER",
        "set": "ND-2024",
        "resit_attempts": 0,
        "best_score": 42.0,
        "status": "Failed"
      }
    ],
    "semester": "ND-SECOND-YEAR-FIRST-SEMESTER",
    "set": "ND-2024",
    "identified_date": "2025-11-01 03:23:03",
    "total_resit_attempts": 0,
    "status": "Active"
  },
  {
    "exam_number": "FCTCONS/ND24/008",
    "name": "OBICHEWE PAUL DAVID",
    "failed_courses": [
      {
        "course_code": "NUR211",
        "original_score": 47.0,
        "semester": "ND-SECOND-YEAR-FIRST-SEMESTER",
        "set": "ND-2024",
        "resit_attempts": 0,
        "best_score": 47.0,
        "status": "Failed"
      },
      {
        "course_code": "NUS213",
        "original_score": 46.0,
        "semester": "ND-SECOND-YEAR-FIRST-SEMESTER",
        "set": "ND-2024",
        "resit_attempts": 0,
        "best_score": 46.0,
        "status": "Failed"
      },
      {
        "course_code": "NUS215",
        "original_score": 46.0,
        "semester": "ND-SECOND-YEAR-FIRST-SEMESTER",
        "set": "ND-2024",
        "resit_attempts": 0,
        "best_score": 46.0,
        "status": "Failed"
      }
    ],
    "semester": "ND-SECOND-YEAR-FIRST-SEMESTER",
    "set": "ND-2024",
    "identified_date": "2025-11-01 03:23:03",
    "total_resit_attempts": 0,
    "status": "Active"
  },
  {
    "exam_number": "FCTCONS/ND24/009",
    "name": "AGADA EMMANUEL ENECHE",
    "failed_courses": [
      {
        "course_code": "NUS214",
        "original_score": 49.0,
        "semester": "ND-SECOND-YEAR-FIRST-SEMESTER",
        "set": "ND-2024",
        "resit_attempts": 0,
        "best_score": 49.0,
        "status": "Failed"
      }
    ],
    "semester": "ND-SECOND-YEAR-FIRST-SEMESTER",
    "set": "ND-2024",
    "identified_date": "2025-11-01 03:23:03",
    "total_resit_attempts": 0,
    "status": "Active"
  },
  {
    "exam_number": "FCTCONS/ND24/014",
    "name": "ALU EDWINA EDUGWU",
    "failed_courses": [
      {
        "course_code": "NUS211",
        "original_score": 46.0,
        "semester": "ND-SECOND-YEAR-FIRST-SEMESTER",
        "set": "ND-2024",
        "resit_attempts": 0,
        "best_score": 46.0,
        "status": "Failed"
      }
    ],
    "semester": "ND-SECOND-YEAR-FIRST-SEMESTER",
    "set": "ND-2024",
    "identified_date": "2025-11-01 03:23:03",
    "total_resit_attempts": 0,
    "status": "Active"
  },
  {
    "exam_number": "FCTCONS/ND24/019",
    "name": "OGAH PRINCESS UWENYI",
    "failed_courses": [
      {
        "course_code": "NUS214",
        "original_score": 44.0,
        "semester": "ND-SECOND-YEAR-FIRST-SEMESTER",
        "set": "ND-2024",
        "resit_attempts": 0,
        "best_score": 44.0,
        "status": "Failed"
      },
      {
        "course_code": "NUR213",
        "original_score": 46.0,
        "semester": "ND-SECOND-YEAR-FIRST-SEMESTER",
        "set": "ND-2024",
        "resit_attempts": 0,
        "best_score": 46.0,
        "status": "Failed"
      }
    ],
    "semester": "ND-SECOND-YEAR-FIRST-SEMESTER",
    "set": "ND-2024",
    "identified_date": "2025-11-01 03:23:03",
    "total_resit_attempts": 0,
    "status": "Active"
  },
  {
    "exam_number": "FCTCONS/ND24/027",
    "name": "BABAJI BENI DENNIS",
    "failed_courses": [
      {
        "course_code": "NUR212",
        "original_score": 36.0,
        "semester": "ND-SECOND-YEAR-FIRST-SEMESTER",
        "set": "ND-2024",
        "resit_attempts": 0,
        "best_score": 36.0,
        "status": "Failed"
      }
    ],
    "semester": "ND-SECOND-YEAR-FIRST-SEMESTER",
    "set": "ND-2024",
    "identified_date": "2025-11-01 03:23:03",
    "total_resit_attempts": 0,
    "status": "Active"
  },
  {
    "exam_number": "FCTCONS/ND24/031",
    "name": "MUHAMMAD NANA AISHA",
    "failed_courses": [
      {
        "course_code": "NUS214",
        "original_score": 45.0,
        "semester": "ND-SECOND-YEAR-FIRST-SEMESTER",
        "set": "ND-2024",
        "resit_attempts": 0,
        "best_score": 45.0,
        "status": "Failed"
      }
    ],
    "semester": "ND-SECOND-YEAR-FIRST-SEMESTER",
    "set": "ND-2024",
    "identified_date": "2025-11-01 03:23:03",
    "total_resit_attempts": 0,
    "status": "Active"
  },
  {
    "exam_number": "FCTCONS/ND24/040",
    "name": "AGBEGE SUZAN",
    "failed_courses": [
      {
        "course_code": "NUR212",
        "original_score": 36.0,
        "semester": "ND-SECOND-YEAR-FIRST-SEMESTER",
        "set": "ND-2024",
        "resit_attempts": 0,
        "best_score": 36.0,
        "status": "Failed"
      }
    ],
    "semester": "ND-SECOND-YEAR-FIRST-SEMESTER",
    "set": "ND-2024",
    "identified_date": "2025-11-01 03:23:03",
    "total_resit_attempts": 0,
    "status": "Active"
  },
  {
    "exam_number": "FCTCONS/ND24/042",
    "name": "ASEBIOMO OLUWAFERANMI JOY",
    "failed_courses": [
      {
        "course_code": "NUR211",
        "original_score": 45.0,
        "semester": "ND-SECOND-YEAR-FIRST-SEMESTER",
        "set": "ND-2024",
        "resit_attempts": 0,
        "best_score": 45.0,
        "status": "Failed"
      },
      {
        "course_code": "NUR212",
        "original_score": 35.0,
        "semester": "ND-SECOND-YEAR-FIRST-SEMESTER",
        "set": "ND-2024",
        "resit_attempts": 0,
        "best_score": 35.0,
        "status": "Failed"
      },
      {
        "course_code": "NUR213",
        "original_score": 40.0,
        "semester": "ND-SECOND-YEAR-FIRST-SEMESTER",
        "set": "ND-2024",
        "resit_attempts": 0,
        "best_score": 40.0,
        "status": "Failed"
      }
    ],
    "semester": "ND-SECOND-YEAR-FIRST-SEMESTER",
    "set": "ND-2024",
    "identified_date": "2025-11-01 03:23:03",
    "total_resit_attempts": 0,
    "status": "Active"
  },
  {
    "exam_number": "FCTCONS/ND24/055",
    "name": "AYODELE JOHN TANTOLUWA",
    "failed_courses": [
      {
        "course_code": "NUS212",
        "original_score": 44.0,
        "semester": "ND-SECOND-YEAR-FIRST-SEMESTER",
        "set": "ND-2024",
        "resit_attempts": 0,
        "best_score": 44.0,
        "status": "Failed"
      },
      {
        "course_code": "NUR211",
        "original_score": 43.0,
        "semester": "ND-SECOND-YEAR-FIRST-SEMESTER",
        "set": "ND-2024",
        "resit_attempts": 0,
        "best_score": 43.0,
        "status": "Failed"
      }
    ],
    "semester": "ND-SECOND-YEAR-FIRST-SEMESTER",
    "set": "ND-2024",
    "identified_date": "2025-11-01 03:23:03",
    "total_resit_attempts": 0,
    "status": "Active"
  },
  {
    "exam_number": "FCTCONS/ND24/056",
    "name": "MAINA SHAMMAH MUSA",
    "failed_courses": [
      {
        "course_code": "NUS212",
        "original_score": 45.0,
        "semester": "ND-SECOND-YEAR-FIRST-SEMESTER",
        "set": "ND-2024",
        "resit_attempts": 0,
        "best_score": 45.0,
        "status": "Failed"
      },
      {
        "course_code": "NUR211",
        "original_score": 48.0,
        "semester": "ND-SECOND-YEAR-FIRST-SEMESTER",
        "set": "ND-2024",
        "resit_attempts": 0,
        "best_score": 48.0,
        "status": "Failed"
      }
    ],
    "semester": "ND-SECOND-YEAR-FIRST-SEMESTER",
    "set": "ND-2024",
    "identified_date": "2025-11-01 03:23:03",
    "total_resit_attempts": 0,
    "status": "Active"
  },
  {
    "exam_number": "FCTCONS/ND24/060",
    "name": "OCHEMEJE EMMANUELLA OMOJO",
    "failed_courses": [
      {
        "course_code": "NUS212",
        "original_score": 44.0,
        "semester": "ND-SECOND-YEAR-FIRST-SEMESTER",
        "set": "ND-2024",
        "resit_attempts": 0,
        "best_score": 44.0,
        "status": "Failed"
      },
      {
        "course_code": "NUS213",
        "original_score": 45.0,
        "semester": "ND-SECOND-YEAR-FIRST-SEMESTER",
        "set": "ND-2024",
        "resit_attempts": 0,
        "best_score": 45.0,
        "status": "Failed"
      }
    ],
    "semester": "ND-SECOND-YEAR-FIRST-SEMESTER",
    "set": "ND-2024",
    "identified_date": "2025-11-01 03:23:03",
    "total_resit_attempts": 0,
    "status": "Active"
  },
  {
    "exam_number": "FCTCONS/ND24/061",
    "name": "EMETA NNEOMA PHILOMENA",
    "failed_courses": [
      {
        "course_code": "NUR213",
        "original_score": 44.0,
        "semester": "ND-SECOND-YEAR-FIRST-SEMESTER",
        "set": "ND-2024",
        "resit_attempts": 0,
        "best_score": 44.0,
        "status": "Failed"
      }
    ],
    "semester": "ND-SECOND-YEAR-FIRST-SEMESTER",
    "set": "ND-2024",
    "identified_date": "2025-11-01 03:23:03",
    "total_resit_attempts": 0,
    "status": "Active"
  },
  {
    "exam_number": "FCTCONS/ND24/062",
    "name": "ABUNIMYE FELICIA AMANUYE",
    "failed_courses": [
      {
        "course_code": "NUS211",
        "original_score": 48.0,
        "semester": "ND-SECOND-YEAR-FIRST-SEMESTER",
        "set": "ND-2024",
        "resit_attempts": 0,
        "best_score": 48.0,
        "status": "Failed"
      }
    ],
    "semester": "ND-SECOND-YEAR-FIRST-SEMESTER",
    "set": "ND-2024",
    "identified_date": "2025-11-01 03:23:03",
    "total_resit_attempts": 0,
    "status": "Active"
  },
  {
    "exam_number": "FCTCONS/ND24/072",
    "name": "DAUDA HOPE AWYETU",
    "failed_courses": [
      {
        "course_code": "NUR211",
        "original_score": 49.0,
        "semester": "ND-SECOND-YEAR-FIRST-SEMESTER",
        "set": "ND-2024",
        "resit_attempts": 0,
        "best_score": 49.0,
        "status": "Failed"
      },
      {
        "course_code": "NUR213",
        "original_score": 48.0,
        "semester": "ND-SECOND-YEAR-FIRST-SEMESTER",
        "set": "ND-2024",
        "resit_attempts": 0,
        "best_score": 48.0,
        "status": "Failed"
      },
      {
        "course_code": "NUS215",
        "original_score": 36.0,
        "semester": "ND-SECOND-YEAR-FIRST-SEMESTER",
        "set": "ND-2024",
        "resit_attempts": 0,
        "best_score": 36.0,
        "status": "Failed"
      }
    ],
    "semester": "ND-SECOND-YEAR-FIRST-SEMESTER",
    "set": "ND-2024",
    "identified_date": "2025-11-01 03:23:03",
    "total_resit_attempts": 0,
    "status": "Active"
  },
  {
    "exam_number": "FCTCONS/ND24/073",
    "name": "ONYEHI PRAISE MAXWELL",
    "failed_courses": [
      {
        "course_code": "NUR212",
        "original_score": 40.0,
        "semester": "ND-SECOND-YEAR-FIRST-SEMESTER",
        "set": "ND-2024",
        "resit_attempts": 0,
        "best_score": 40.0,
        "status": "Failed"
      },
      {
        "course_code": "NUR213",
        "original_score": 39.0,
        "semester": "ND-SECOND-YEAR-FIRST-SEMESTER",
        "set": "ND-2024",
        "resit_attempts": 0,
        "best_score": 39.0,
        "status": "Failed"
      }
    ],
    "semester": "ND-SECOND-YEAR-FIRST-SEMESTER",
    "set": "ND-2024",
    "identified_date": "2025-11-01 03:23:03",
    "total_resit_attempts": 0,
    "status": "Active"
  },
  {
    "exam_number": "FCTCONS/ND24/075",
    "name": "DENEN RUTH DOOSE",
    "failed_courses": [
      {
        "course_code": "NUR212",
        "original_score": 46.0,
        "semester": "ND-SECOND-YEAR-FIRST-SEMESTER",
        "set": "ND-2024",
        "resit_attempts": 0,
        "best_score": 46.0,
        "status": "Failed"
      },
      {
        "course_code": "NUR213",
        "original_score": 49.0,
        "semester": "ND-SECOND-YEAR-FIRST-SEMESTER",
        "set": "ND-2024",
        "resit_attempts": 0,
        "best_score": 49.0,
        "status": "Failed"
      }
    ],
    "semester": "ND-SECOND-YEAR-FIRST-SEMESTER",
    "set": "ND-2024",
    "identified_date": "2025-11-01 03:23:03",
    "total_resit_attempts": 0,
    "status": "Active"
  },
  {
    "exam_number": "FCTCONS/ND24/077",
    "name": "OODOH COMFORT ONYENEFU",
    "failed_courses": [
      {
        "course_code": "NUS215",
        "original_score": 43.0,
        "semester": "ND-SECOND-YEAR-FIRST-SEMESTER",
        "set": "ND-2024",
        "resit_attempts": 0,
        "best_score": 43.0,
        "status": "Failed"
      }
    ],
    "semester": "ND-SECOND-YEAR-FIRST-SEMESTER",
    "set": "ND-2024",
    "identified_date": "2025-11-01 03:23:03",
    "total_resit_attempts": 0,
    "status": "Active"
  },
  {
    "exam_number": "FCTCONS/ND24/086",
    "name": "BARNABAS RITA SIMNOM",
    "failed_courses": [
      {
        "course_code": "NUR211",
        "original_score": 37.0,
        "semester": "ND-SECOND-YEAR-FIRST-SEMESTER",
        "set": "ND-2024",
        "resit_attempts": 0,
        "best_score": 37.0,
        "status": "Failed"
      }
    ],
    "semester": "ND-SECOND-YEAR-FIRST-SEMESTER",
    "set": "ND-2024",
    "identified_date": "2025-11-01 03:23:03",
    "total_resit_attempts": 0,
    "status": "Active"
  },
  {
    "exam_number": "FCTCONS/ND24/088",
    "name": "DUSU FAITH HARUNA",
    "failed_courses": [
      {
        "course_code": "NUS215",
        "original_score": 38.0,
        "semester": "ND-SECOND-YEAR-FIRST-SEMESTER",
        "set": "ND-2024",
        "resit_attempts": 0,
        "best_score": 38.0,
        "status": "Failed"
      }
    ],
    "semester": "ND-SECOND-YEAR-FIRST-SEMESTER",
    "set": "ND-2024",
    "identified_date": "2025-11-01 03:23:03",
    "total_resit_attempts": 0,
    "status": "Active"
  },
  {
    "exam_number": "FCTCONS/ND24/091",
    "name": "DANLADI MERCY",
    "failed_courses": [
      {
        "course_code": "NUR211",
        "original_score": 42.0,
        "semester": "ND-SECOND-YEAR-FIRST-SEMESTER",
        "set": "ND-2024",
        "resit_attempts": 0,
        "best_score": 42.0,
        "status": "Failed"
      },
      {
        "course_code": "NUR212",
        "original_score": 44.0,
        "semester": "ND-SECOND-YEAR-FIRST-SEMESTER",
        "set": "ND-2024",
        "resit_attempts": 0,
        "best_score": 44.0,
        "status": "Failed"
      }
    ],
    "semester": "ND-SECOND-YEAR-FIRST-SEMESTER",
    "set": "ND-2024",
    "identified_date": "2025-11-01 03:23:03",
    "total_resit_attempts": 0,
    "status": "Active"
  },
  {
    "exam_number": "FCTCONS/ND24/092",
    "name": "OKUCHE KOSISOCHUKWU SCHOLARSTICA",
    "failed_courses": [
      {
        "course_code": "NUS213",
        "original_score": 48.0,
        "semester": "ND-SECOND-YEAR-FIRST-SEMESTER",
        "set": "ND-2024",
        "resit_attempts": 0,
        "best_score": 48.0,
        "status": "Failed"
      },
      {
        "course_code": "NUS215",
        "original_score": 46.0,
        "semester": "ND-SECOND-YEAR-FIRST-SEMESTER",
        "set": "ND-2024",
        "resit_attempts": 0,
        "best_score": 46.0,
        "status": "Failed"
      }
    ],
    "semester": "ND-SECOND-YEAR-FIRST-SEMESTER",
    "set": "ND-2024",
    "identified_date": "2025-11-01 03:23:03",
    "total_resit_attempts": 0,
    "status": "Active"
  },
  {
    "exam_number": "FCTCONS/ND24/097",
    "name": "UCHE ULOMA",
    "failed_courses": [
      {
        "course_code": "NUS214",
        "original_score": 48.0,
        "semester": "ND-SECOND-YEAR-FIRST-SEMESTER",
        "set": "ND-2024",
        "resit_attempts": 0,
        "best_score": 48.0,
        "status": "Failed"
      }
    ],
    "semester": "ND-SECOND-YEAR-FIRST-SEMESTER",
    "set": "ND-2024",
    "identified_date": "2025-11-01 03:23:03",
    "total_resit_attempts": 0,
    "status": "Active"
  },
  {
    "exam_number": "FCTCONS/ND24/102",
    "name": "MICHEAL CATHERINE",
    "failed_courses": [
      {
        "course_code": "NUS211",
        "original_score": 45.0,
        "semester": "ND-SECOND-YEAR-FIRST-SEMESTER",
        "set": "ND-2024",
        "resit_attempts": 0,
        "best_score": 45.0,
        "status": "Failed"
      },
      {
        "course_code": "NUS214",
        "original_score": 37.0,
        "semester": "ND-SECOND-YEAR-FIRST-SEMESTER",
        "set": "ND-2024",
        "resit_attempts": 0,
        "best_score": 37.0,
        "status": "Failed"
      }
    ],
    "semester": "ND-SECOND-YEAR-FIRST-SEMESTER",
    "set": "ND-2024",
    "identified_date": "2025-11-01 03:23:03",
    "total_resit_attempts": 0,
    "status": "Active"
  },
  {
    "exam_number": "FCTCONS/ND24/103",
    "name": "WAKILI SHEJIYABA CONFIDENCE",
    "failed_courses": [
      {
        "course_code": "NUR211",
        "original_score": 48.0,
        "semester": "ND-SECOND-YEAR-FIRST-SEMESTER",
        "set": "ND-2024",
        "resit_attempts": 0,
        "best_score": 48.0,
        "status": "Failed"
      },
      {
        "course_code": "NUS213",
        "original_score": 38.0,
        "semester": "ND-SECOND-YEAR-FIRST-SEMESTER",
        "set": "ND-2024",
        "resit_attempts": 0,
        "best_score": 38.0,
        "status": "Failed"
      }
    ],
    "semester": "ND-SECOND-YEAR-FIRST-SEMESTER",
    "set": "ND-2024",
    "identified_date": "2025-11-01 03:23:03",
    "total_resit_attempts": 0,
    "status": "Active"
  },
  {
    "exam_number": "FCTCONS/ND24/110",
    "name": "ABOKO DAVID JUNIOR",
    "failed_courses": [
      {
        "course_code": "NUS211",
        "original_score": 49.0,
        "semester": "ND-SECOND-YEAR-FIRST-SEMESTER",
        "set": "ND-2024",
        "resit_attempts": 0,
        "best_score": 49.0,
        "status": "Failed"
      },
      {
        "course_code": "NUS214",
        "original_score": 42.0,
        "semester": "ND-SECOND-YEAR-FIRST-SEMESTER",
        "set": "ND-2024",
        "resit_attempts": 0,
        "best_score": 42.0,
        "status": "Failed"
      }
    ],
    "semester": "ND-SECOND-YEAR-FIRST-SEMESTER",
    "set": "ND-2024",
    "identified_date": "2025-11-01 03:23:03",
    "total_resit_attempts": 0,
    "status": "Active"
  },
  {
    "exam_number": "FCTCONS/ND24/114",
    "name": "YUSUF BASHIRAT ADEOLA",
    "failed_courses": [
      {
        "course_code": "NUR211",
        "original_score": 39.0,
        "semester": "ND-SECOND-YEAR-FIRST-SEMESTER",
        "set": "ND-2024",
        "resit_attempts": 0,
        "best_score": 39.0,
        "status": "Failed"
      },
      {
        "course_code": "NUR212",
        "original_score": 42.0,
        "semester": "ND-SECOND-YEAR-FIRST-SEMESTER",
        "set": "ND-2024",
        "resit_attempts": 0,
        "best_score": 42.0,
        "status": "Failed"
      },
      {
        "course_code": "NUS214",
        "original_score": 47.0,
        "semester": "ND-SECOND-YEAR-FIRST-SEMESTER",
        "set": "ND-2024",
        "resit_attempts": 0,
        "best_score": 47.0,
        "status": "Failed"
      }
    ],
    "semester": "ND-SECOND-YEAR-FIRST-SEMESTER",
    "set": "ND-2024",
    "identified_date": "2025-11-01 03:23:03",
    "total_resit_attempts": 0,
    "status": "Active"
  },
  {
    "exam_number": "FCTCONS/ND24/119",
    "name": "OGUEJI TREASURE UKAMAKA",
    "failed_courses": [
      {
        "course_code": "NUS213",
        "original_score": 47.0,
        "semester": "ND-SECOND-YEAR-FIRST-SEMESTER",
        "set": "ND-2024",
        "resit_attempts": 0,
        "best_score": 47.0,
        "status": "Failed"
      },
      {
        "course_code": "NUR213",
        "original_score": 44.0,
        "semester": "ND-SECOND-YEAR-FIRST-SEMESTER",
        "set": "ND-2024",
        "resit_attempts": 0,
        "best_score": 44.0,
        "status": "Failed"
      }
    ],
    "semester": "ND-SECOND-YEAR-FIRST-SEMESTER",
    "set": "ND-2024",
    "identified_date": "2025-11-01 03:23:03",
    "total_resit_attempts": 0,
    "status": "Active"
  },
  {
    "exam_number": "FCTCONS/ND24/120",
    "name": "EMMANUEL ZIPPORAH",
    "failed_courses": [
      {
        "course_code": "NUS213",
        "original_score": 49.0,
        "semester": "ND-SECOND-YEAR-FIRST-SEMESTER",
        "set": "ND-2024",
        "resit_attempts": 0,
        "best_score": 49.0,
        "status": "Failed"
      }
    ],
    "semester": "ND-SECOND-YEAR-FIRST-SEMESTER",
    "set": "ND-2024",
    "identified_date": "2025-11-01 03:23:03",
    "total_resit_attempts": 0,
    "status": "Active"
  },
  {
    "exam_number": "FCTCONS/ND24/122",
    "name": "ONYEKWELU CHIAMAKA EUGENIA",
    "failed_courses": [
      {
        "course_code": "NUS212",
        "original_score": 33.0,
        "semester": "ND-SECOND-YEAR-FIRST-SEMESTER",
        "set": "ND-2024",
        "resit_attempts": 0,
        "best_score": 33.0,
        "status": "Failed"
      },
      {
        "course_code": "NUR211",
        "original_score": 46.0,
        "semester": "ND-SECOND-YEAR-FIRST-SEMESTER",
        "set": "ND-2024",
        "resit_attempts": 0,
        "best_score": 46.0,
        "status": "Failed"
      }
    ],
    "semester": "ND-SECOND-YEAR-FIRST-SEMESTER",
    "set": "ND-2024",
    "identified_date": "2025-11-01 03:23:03",
    "total_resit_attempts": 0,
    "status": "Active"
  },
  {
    "exam_number": "FCTCONS/ND24/123",
    "name": "HASSAN SOPHIA AISOSA",
    "failed_courses": [
      {
        "course_code": "NUS214",
        "original_score": 40.0,
        "semester": "ND-SECOND-YEAR-FIRST-SEMESTER",
        "set": "ND-2024",
        "resit_attempts": 0,
        "best_score": 40.0,
        "status": "Failed"
      }
    ],
    "semester": "ND-SECOND-YEAR-FIRST-SEMESTER",
    "set": "ND-2024",
    "identified_date": "2025-11-01 03:23:03",
    "total_resit_attempts": 0,
    "status": "Active"
  },
  {
    "exam_number": "FCTCONS/ND24/124",
    "name": "IGWE GOODNESS CHINEYENWA",
    "failed_courses": [
      {
        "course_code": "NUR212",
        "original_score": 46.0,
        "semester": "ND-SECOND-YEAR-FIRST-SEMESTER",
        "set": "ND-2024",
        "resit_attempts": 0,
        "best_score": 46.0,
        "status": "Failed"
      }
    ],
    "semester": "ND-SECOND-YEAR-FIRST-SEMESTER",
    "set": "ND-2024",
    "identified_date": "2025-11-01 03:23:03",
    "total_resit_attempts": 0,
    "status": "Active"
  },
  {
    "exam_number": "FCTCONS/ND24/128",
    "name": "CHIME KENECHI PAULINE",
    "failed_courses": [
      {
        "course_code": "NUS213",
        "original_score": 47.0,
        "semester": "ND-SECOND-YEAR-FIRST-SEMESTER",
        "set": "ND-2024",
        "resit_attempts": 0,
        "best_score": 47.0,
        "status": "Failed"
      }
    ],
    "semester": "ND-SECOND-YEAR-FIRST-SEMESTER",
    "set": "ND-2024",
    "identified_date": "2025-11-01 03:23:03",
    "total_resit_attempts": 0,
    "status": "Active"
  },
  {
    "exam_number": "FCTCONS/ND24/133",
    "name": "ELEGHASIM DELIGHT CHIDINMA",
    "failed_courses": [
      {
        "course_code": "NUS213",
        "original_score": 47.0,
        "semester": "ND-SECOND-YEAR-FIRST-SEMESTER",
        "set": "ND-2024",
        "resit_attempts": 0,
        "best_score": 47.0,
        "status": "Failed"
      },
      {
        "course_code": "NUR212",
        "original_score": 45.0,
        "semester": "ND-SECOND-YEAR-FIRST-SEMESTER",
        "set": "ND-2024",
        "resit_attempts": 0,
        "best_score": 45.0,
        "status": "Failed"
      }
    ],
    "semester": "ND-SECOND-YEAR-FIRST-SEMESTER",
    "set": "ND-2024",
    "identified_date": "2025-11-01 03:23:03",
    "total_resit_attempts": 0,
    "status": "Active"
  },
  {
    "exam_number": "FCTCONS/ND24/134",
    "name": "NUHU FAVOUR AUDU",
    "failed_courses": [
      {
        "course_code": "NUS214",
        "original_score": 44.0,
        "semester": "ND-SECOND-YEAR-FIRST-SEMESTER",
        "set": "ND-2024",
        "resit_attempts": 0,
        "best_score": 44.0,
        "status": "Failed"
      }
    ],
    "semester": "ND-SECOND-YEAR-FIRST-SEMESTER",
    "set": "ND-2024",
    "identified_date": "2025-11-01 03:23:03",
    "total_resit_attempts": 0,
    "status": "Active"
  },
  {
    "exam_number": "FCTCONS/ND24/135",
    "name": "ABDUL-RAHMAN NABILA ONIZE",
    "failed_courses": [
      {
        "course_code": "NUR213",
        "original_score": 48.0,
        "semester": "ND-SECOND-YEAR-FIRST-SEMESTER",
        "set": "ND-2024",
        "resit_attempts": 0,
        "best_score": 48.0,
        "status": "Failed"
      },
      {
        "course_code": "GNS211",
        "original_score": 47.0,
        "semester": "ND-SECOND-YEAR-FIRST-SEMESTER",
        "set": "ND-2024",
        "resit_attempts": 0,
        "best_score": 47.0,
        "status": "Failed"
      }
    ],
    "semester": "ND-SECOND-YEAR-FIRST-SEMESTER",
    "set": "ND-2024",
    "identified_date": "2025-11-01 03:23:03",
    "total_resit_attempts": 0,
    "status": "Active"
  },
  {
    "exam_number": "FCTCONS/ND24/136",
    "name": "JACOB OJIMA PENIEL",
    "failed_courses": [
      {
        "course_code": "NUR213",
        "original_score": 48.0,
        "semester": "ND-SECOND-YEAR-FIRST-SEMESTER",
        "set": "ND-2024",
        "resit_attempts": 0,
        "best_score": 48.0,
        "status": "Failed"
      }
    ],
    "semester": "ND-SECOND-YEAR-FIRST-SEMESTER",
    "set": "ND-2024",
    "identified_date": "2025-11-01 03:23:03",
    "total_resit_attempts": 0,
    "status": "Active"
  },
  {
    "exam_number": "FCTCONS/ND24/137",
    "name": "ELIZABETH DANIEL",
    "failed_courses": [
      {
        "course_code": "NUS212",
        "original_score": 38.0,
        "semester": "ND-SECOND-YEAR-FIRST-SEMESTER",
        "set": "ND-2024",
        "resit_attempts": 0,
        "best_score": 38.0,
        "status": "Failed"
      },
      {
        "course_code": "NUR211",
        "original_score": 46.0,
        "semester": "ND-SECOND-YEAR-FIRST-SEMESTER",
        "set": "ND-2024",
        "resit_attempts": 0,
        "best_score": 46.0,
        "status": "Failed"
      }
    ],
    "semester": "ND-SECOND-YEAR-FIRST-SEMESTER",
    "set": "ND-2024",
    "identified_date": "2025-11-01 03:23:03",
    "total_resit_attempts": 0,
    "status": "Active"
  }
]