[
  {
    "exam_number": "FCTCONS/ND24/001",
    "name": "DAVID ELISHEBA TENI",
    "failed_courses": [
      {
        "course_code": "NUR221",
        "original_score": 40.0,
        "semester": "ND-SECOND-YEAR-SECOND-SEMESTER",
        "set": "ND-2024",
        "resit_attempts": 0,
        "best_score": 40.0,
        "status": "Failed"
      },
      {
        "course_code": "NUR222",
        "original_score": 40.0,
        "semester": "ND-SECOND-YEAR-SECOND-SEMESTER",
        "set": "ND-2024",
        "resit_attempts": 0,
        "best_score": 40.0,
        "status": "Failed"
      }
    ],
    "semester": "ND-SECOND-YEAR-SECOND-SEMESTER",
    "set": "ND-2024",
    "identified_date": "2025-11-20 14:57:29",
    "total_resit_attempts": 0,
    "status": "Active",
    "probation_status": false
  },
  {
    "exam_number": "FCTCONS/ND24/002",
    "name": "UMAR AMINA MAKUN",
    "failed_courses": [
      {
        "course_code": "NUS221",
        "original_score": 42.0,
        "semester": "ND-SECOND-YEAR-SECOND-SEMESTER",
        "set": "ND-2024",
        "resit_attempts": 0,
        "best_score": 42.0,
        "status": "Failed"
      },
      {
        "course_code": "NUR222",
        "original_score": 49.0,
        "semester": "ND-SECOND-YEAR-SECOND-SEMESTER",
        "set": "ND-2024",
        "resit_attempts": 0,
        "best_score": 49.0,
        "status": "Failed"
      },
      {
        "course_code": "NUR223",
        "original_score": 40.0,
        "semester": "ND-SECOND-YEAR-SECOND-SEMESTER",
        "set": "ND-2024",
        "resit_attempts": 0,
        "best_score": 40.0,
        "status": "Failed"
      }
    ],
    "semester": "ND-SECOND-YEAR-SECOND-SEMESTER",
    "set": "ND-2024",
    "identified_date": "2025-11-20 14:57:29",
    "total_resit_attempts": 0,
    "status": "Active",
    "probation_status": false
  },
  {
    "exam_number": "FCTCONS/ND24/003",
    "name": "UDEMBA DANIELLA CHINENYE",
    "failed_courses": [
      {
        "course_code": "NUS221",
        "original_score": 49.0,
        "semester": "ND-SECOND-YEAR-SECOND-SEMESTER",
        "set": "ND-2024",
        "resit_attempts": 0,
        "best_score": 49.0,
        "status": "Failed"
      }
    ],
    "semester": "ND-SECOND-YEAR-SECOND-SEMESTER",
    "set": "ND-2024",
    "identified_date": "2025-11-20 14:57:29",
    "total_resit_attempts": 0,
    "status": "Active",
    "probation_status": false
  },
  {
    "exam_number": "FCTCONS/ND24/004",
    "name": "ABANG STEPHANIE ADA",
    "failed_courses": [
      {
        "course_code": "NUR225",
        "original_score": 37.0,
        "semester": "ND-SECOND-YEAR-SECOND-SEMESTER",
        "set": "ND-2024",
        "resit_attempts": 0,
        "best_score": 37.0,
        "status": "Failed"
      }
    ],
    "semester": "ND-SECOND-YEAR-SECOND-SEMESTER",
    "set": "ND-2024",
    "identified_date": "2025-11-20 14:57:29",
    "total_resit_attempts": 0,
    "status": "Active",
    "probation_status": false
  },
  {
    "exam_number": "FCTCONS/ND24/005",
    "name": "PAUL CHIMDINDU FAVOUR",
    "failed_courses": [
      {
        "course_code": "NUS221",
        "original_score": 45.0,
        "semester": "ND-SECOND-YEAR-SECOND-SEMESTER",
        "set": "ND-2024",
        "resit_attempts": 0,
        "best_score": 45.0,
        "status": "Failed"
      }
    ],
    "semester": "ND-SECOND-YEAR-SECOND-SEMESTER",
    "set": "ND-2024",
    "identified_date": "2025-11-20 14:57:29",
    "total_resit_attempts": 0,
    "status": "Active",
    "probation_status": false
  },
  {
    "exam_number": "FCTCONS/ND24/006",
    "name": "YOHANNA DORATHY TAVINAZA",
    "failed_courses": [
      {
        "course_code": "NUS222",
        "original_score": 44.0,
        "semester": "ND-SECOND-YEAR-SECOND-SEMESTER",
        "set": "ND-2024",
        "resit_attempts": 0,
        "best_score": 44.0,
        "status": "Failed"
      }
    ],
    "semester": "ND-SECOND-YEAR-SECOND-SEMESTER",
    "set": "ND-2024",
    "identified_date": "2025-11-20 14:57:29",
    "total_resit_attempts": 0,
    "status": "Active",
    "probation_status": false
  },
  {
    "exam_number": "FCTCONS/ND24/007",
    "name": "AYO OLAMIDE PRAISE",
    "failed_courses": [
      {
        "course_code": "EED216",
        "original_score": 42.0,
        "semester": "ND-SECOND-YEAR-SECOND-SEMESTER",
        "set": "ND-2024",
        "resit_attempts": 0,
        "best_score": 42.0,
        "status": "Failed"
      }
    ],
    "semester": "ND-SECOND-YEAR-SECOND-SEMESTER",
    "set": "ND-2024",
    "identified_date": "2025-11-20 14:57:29",
    "total_resit_attempts": 0,
    "status": "Active",
    "probation_status": false
  },
  {
    "exam_number": "FCTCONS/ND24/008",
    "name": "OBICHEWE PAUL DAVID",
    "failed_courses": [
      {
        "course_code": "NUR221",
        "original_score": 42.0,
        "semester": "ND-SECOND-YEAR-SECOND-SEMESTER",
        "set": "ND-2024",
        "resit_attempts": 0,
        "best_score": 42.0,
        "status": "Failed"
      },
      {
        "course_code": "NUR222",
        "original_score": 49.0,
        "semester": "ND-SECOND-YEAR-SECOND-SEMESTER",
        "set": "ND-2024",
        "resit_attempts": 0,
        "best_score": 49.0,
        "status": "Failed"
      }
    ],
    "semester": "ND-SECOND-YEAR-SECOND-SEMESTER",
    "set": "ND-2024",
    "identified_date": "2025-11-20 14:57:29",
    "total_resit_attempts": 0,
    "status": "Active",
    "probation_status": false
  },
  {
    "exam_number": "FCTCONS/ND24/011",
    "name": "IGWE FAVOUR TOCHI",
    "failed_courses": [
      {
        "course_code": "EED216",
        "original_score": 48.0,
        "semester": "ND-SECOND-YEAR-SECOND-SEMESTER",
        "set": "ND-2024",
        "resit_attempts": 0,
        "best_score": 48.0,
        "status": "Failed"
      }
    ],
    "semester": "ND-SECOND-YEAR-SECOND-SEMESTER",
    "set": "ND-2024",
    "identified_date": "2025-11-20 14:57:29",
    "total_resit_attempts": 0,
    "status": "Active",
    "probation_status": false
  },
  {
    "exam_number": "FCTCONS/ND24/014",
    "name": "ALU EDWINA EDUGWU",
    "failed_courses": [
      {
        "course_code": "NUR223",
        "original_score": 48.0,
        "semester": "ND-SECOND-YEAR-SECOND-SEMESTER",
        "set": "ND-2024",
        "resit_attempts": 0,
        "best_score": 48.0,
        "status": "Failed"
      },
      {
        "course_code": "NUR227",
        "original_score": 48.0,
        "semester": "ND-SECOND-YEAR-SECOND-SEMESTER",
        "set": "ND-2024",
        "resit_attempts": 0,
        "best_score": 48.0,
        "status": "Failed"
      }
    ],
    "semester": "ND-SECOND-YEAR-SECOND-SEMESTER",
    "set": "ND-2024",
    "identified_date": "2025-11-20 14:57:29",
    "total_resit_attempts": 0,
    "status": "Active",
    "probation_status": false
  },
  {
    "exam_number": "FCTCONS/ND24/016",
    "name": "UMUNNAKWE CHISOM MICHELLE",
    "failed_courses": [
      {
        "course_code": "NUR224",
        "original_score": 39.0,
        "semester": "ND-SECOND-YEAR-SECOND-SEMESTER",
        "set": "ND-2024",
        "resit_attempts": 0,
        "best_score": 39.0,
        "status": "Failed"
      }
    ],
    "semester": "ND-SECOND-YEAR-SECOND-SEMESTER",
    "set": "ND-2024",
    "identified_date": "2025-11-20 14:57:29",
    "total_resit_attempts": 0,
    "status": "Active",
    "probation_status": false
  },
  {
    "exam_number": "FCTCONS/ND24/017",
    "name": "MOHAMMED SAVIOUR SARAH",
    "failed_courses": [
      {
        "course_code": "NUS221",
        "original_score": 44.0,
        "semester": "ND-SECOND-YEAR-SECOND-SEMESTER",
        "set": "ND-2024",
        "resit_attempts": 0,
        "best_score": 44.0,
        "status": "Failed"
      },
      {
        "course_code": "EED216",
        "original_score": 44.0,
        "semester": "ND-SECOND-YEAR-SECOND-SEMESTER",
        "set": "ND-2024",
        "resit_attempts": 0,
        "best_score": 44.0,
        "status": "Failed"
      }
    ],
    "semester": "ND-SECOND-YEAR-SECOND-SEMESTER",
    "set": "ND-2024",
    "identified_date": "2025-11-20 14:57:29",
    "total_resit_attempts": 0,
    "status": "Active",
    "probation_status": false
  },
  {
    "exam_number": "FCTCONS/ND24/018",
    "name": "IGBASAN PHILBERTA  OLUWASEUN",
    "failed_courses": [
      {
        "course_code": "NUR222",
        "original_score": 48.0,
        "semester": "ND-SECOND-YEAR-SECOND-SEMESTER",
        "set": "ND-2024",
        "resit_attempts": 0,
        "best_score": 48.0,
        "status": "Failed"
      }
    ],
    "semester": "ND-SECOND-YEAR-SECOND-SEMESTER",
    "set": "ND-2024",
    "identified_date": "2025-11-20 14:57:29",
    "total_resit_attempts": 0,
    "status": "Active",
    "probation_status": false
  },
  {
    "exam_number": "FCTCONS/ND24/019",
    "name": "OGAH PRINCESS UWENYI",
    "failed_courses": [
      {
        "course_code": "NUR223",
        "original_score": 48.0,
        "semester": "ND-SECOND-YEAR-SECOND-SEMESTER",
        "set": "ND-2024",
        "resit_attempts": 0,
        "best_score": 48.0,
        "status": "Failed"
      },
      {
        "course_code": "EED216",
        "original_score": 46.0,
        "semester": "ND-SECOND-YEAR-SECOND-SEMESTER",
        "set": "ND-2024",
        "resit_attempts": 0,
        "best_score": 46.0,
        "status": "Failed"
      }
    ],
    "semester": "ND-SECOND-YEAR-SECOND-SEMESTER",
    "set": "ND-2024",
    "identified_date": "2025-11-20 14:57:29",
    "total_resit_attempts": 0,
    "status": "Active",
    "probation_status": false
  },
  {
    "exam_number": "FCTCONS/ND24/022",
    "name": "OPARINDE  RUTH MOTUNRAYO",
    "failed_courses": [
      {
        "course_code": "NUS222",
        "original_score": 47.0,
        "semester": "ND-SECOND-YEAR-SECOND-SEMESTER",
        "set": "ND-2024",
        "resit_attempts": 0,
        "best_score": 47.0,
        "status": "Failed"
      },
      {
        "course_code": "NUR224",
        "original_score": 46.0,
        "semester": "ND-SECOND-YEAR-SECOND-SEMESTER",
        "set": "ND-2024",
        "resit_attempts": 0,
        "best_score": 46.0,
        "status": "Failed"
      }
    ],
    "semester": "ND-SECOND-YEAR-SECOND-SEMESTER",
    "set": "ND-2024",
    "identified_date": "2025-11-20 14:57:29",
    "total_resit_attempts": 0,
    "status": "Active",
    "probation_status": false
  },
  {
    "exam_number": "FCTCONS/ND24/024",
    "name": "SULEIMAN SAMAILA",
    "failed_courses": [
      {
        "course_code": "EED216",
        "original_score": 40.0,
        "semester": "ND-SECOND-YEAR-SECOND-SEMESTER",
        "set": "ND-2024",
        "resit_attempts": 0,
        "best_score": 40.0,
        "status": "Failed"
      }
    ],
    "semester": "ND-SECOND-YEAR-SECOND-SEMESTER",
    "set": "ND-2024",
    "identified_date": "2025-11-20 14:57:29",
    "total_resit_attempts": 0,
    "status": "Active",
    "probation_status": false
  },
  {
    "exam_number": "FCTCONS/ND24/027",
    "name": "BABAJI BENI DENNIS",
    "failed_courses": [
      {
        "course_code": "NUR222",
        "original_score": 46.0,
        "semester": "ND-SECOND-YEAR-SECOND-SEMESTER",
        "set": "ND-2024",
        "resit_attempts": 0,
        "best_score": 46.0,
        "status": "Failed"
      }
    ],
    "semester": "ND-SECOND-YEAR-SECOND-SEMESTER",
    "set": "ND-2024",
    "identified_date": "2025-11-20 14:57:29",
    "total_resit_attempts": 0,
    "status": "Active",
    "probation_status": false
  },
  {
    "exam_number": "FCTCONS/ND24/033",
    "name": "UGWU PRECIOUS CHINENYE",
    "failed_courses": [
      {
        "course_code": "NUR225",
        "original_score": 44.0,
        "semester": "ND-SECOND-YEAR-SECOND-SEMESTER",
        "set": "ND-2024",
        "resit_attempts": 0,
        "best_score": 44.0,
        "status": "Failed"
      }
    ],
    "semester": "ND-SECOND-YEAR-SECOND-SEMESTER",
    "set": "ND-2024",
    "identified_date": "2025-11-20 14:57:29",
    "total_resit_attempts": 0,
    "status": "Active",
    "probation_status": false
  },
  {
    "exam_number": "FCTCONS/ND24/035",
    "name": "AGBOOLA OLATOMIWA",
    "failed_courses": [
      {
        "course_code": "NUS221",
        "original_score": 48.0,
        "semester": "ND-SECOND-YEAR-SECOND-SEMESTER",
        "set": "ND-2024",
        "resit_attempts": 0,
        "best_score": 48.0,
        "status": "Failed"
      }
    ],
    "semester": "ND-SECOND-YEAR-SECOND-SEMESTER",
    "set": "ND-2024",
    "identified_date": "2025-11-20 14:57:29",
    "total_resit_attempts": 0,
    "status": "Active",
    "probation_status": false
  },
  {
    "exam_number": "FCTCONS/ND24/037",
    "name": "TSEGBA KUMAWUESE",
    "failed_courses": [
      {
        "course_code": "NUR225",
        "original_score": 49.0,
        "semester": "ND-SECOND-YEAR-SECOND-SEMESTER",
        "set": "ND-2024",
        "resit_attempts": 0,
        "best_score": 49.0,
        "status": "Failed"
      }
    ],
    "semester": "ND-SECOND-YEAR-SECOND-SEMESTER",
    "set": "ND-2024",
    "identified_date": "2025-11-20 14:57:29",
    "total_resit_attempts": 0,
    "status": "Active",
    "probation_status": false
  },
  {
    "exam_number": "FCTCONS/ND24/038",
    "name": "SANI ADAM ADAMU",
    "failed_courses": [
      {
        "course_code": "NUR223",
        "original_score": 34.0,
        "semester": "ND-SECOND-YEAR-SECOND-SEMESTER",
        "set": "ND-2024",
        "resit_attempts": 0,
        "best_score": 34.0,
        "status": "Failed"
      },
      {
        "course_code": "NUR225",
        "original_score": 42.0,
        "semester": "ND-SECOND-YEAR-SECOND-SEMESTER",
        "set": "ND-2024",
        "resit_attempts": 0,
        "best_score": 42.0,
        "status": "Failed"
      }
    ],
    "semester": "ND-SECOND-YEAR-SECOND-SEMESTER",
    "set": "ND-2024",
    "identified_date": "2025-11-20 14:57:29",
    "total_resit_attempts": 0,
    "status": "Active",
    "probation_status": false
  },
  {
    "exam_number": "FCTCONS/ND24/039",
    "name": "GABRIEL VICTORY EHIGOCHO",
    "failed_courses": [
      {
        "course_code": "EED216",
        "original_score": 46.0,
        "semester": "ND-SECOND-YEAR-SECOND-SEMESTER",
        "set": "ND-2024",
        "resit_attempts": 0,
        "best_score": 46.0,
        "status": "Failed"
      }
    ],
    "semester": "ND-SECOND-YEAR-SECOND-SEMESTER",
    "set": "ND-2024",
    "identified_date": "2025-11-20 14:57:29",
    "total_resit_attempts": 0,
    "status": "Active",
    "probation_status": false
  },
  {
    "exam_number": "FCTCONS/ND24/040",
    "name": "AGBEGE SUZAN",
    "failed_courses": [
      {
        "course_code": "NUR224",
        "original_score": 46.0,
        "semester": "ND-SECOND-YEAR-SECOND-SEMESTER",
        "set": "ND-2024",
        "resit_attempts": 0,
        "best_score": 46.0,
        "status": "Failed"
      }
    ],
    "semester": "ND-SECOND-YEAR-SECOND-SEMESTER",
    "set": "ND-2024",
    "identified_date": "2025-11-20 14:57:29",
    "total_resit_attempts": 0,
    "status": "Active",
    "probation_status": false
  },
  {
    "exam_number": "FCTCONS/ND24/041",
    "name": "IDRIS UMMULKHAIR NDATSU",
    "failed_courses": [
      {
        "course_code": "NUS222",
        "original_score": 49.0,
        "semester": "ND-SECOND-YEAR-SECOND-SEMESTER",
        "set": "ND-2024",
        "resit_attempts": 0,
        "best_score": 49.0,
        "status": "Failed"
      }
    ],
    "semester": "ND-SECOND-YEAR-SECOND-SEMESTER",
    "set": "ND-2024",
    "identified_date": "2025-11-20 14:57:29",
    "total_resit_attempts": 0,
    "status": "Active",
    "probation_status": false
  },
  {
    "exam_number": "FCTCONS/ND24/043",
    "name": "NWOSU NNENNA ESTHER",
    "failed_courses": [
      {
        "course_code": "EED216",
        "original_score": 48.0,
        "semester": "ND-SECOND-YEAR-SECOND-SEMESTER",
        "set": "ND-2024",
        "resit_attempts": 0,
        "best_score": 48.0,
        "status": "Failed"
      }
    ],
    "semester": "ND-SECOND-YEAR-SECOND-SEMESTER",
    "set": "ND-2024",
    "identified_date": "2025-11-20 14:57:29",
    "total_resit_attempts": 0,
    "status": "Active",
    "probation_status": false
  },
  {
    "exam_number": "FCTCONS/ND24/045",
    "name": "AWYETU CHEBAWAZA DEBORAH",
    "failed_courses": [
      {
        "course_code": "EED216",
        "original_score": 45.0,
        "semester": "ND-SECOND-YEAR-SECOND-SEMESTER",
        "set": "ND-2024",
        "resit_attempts": 0,
        "best_score": 45.0,
        "status": "Failed"
      }
    ],
    "semester": "ND-SECOND-YEAR-SECOND-SEMESTER",
    "set": "ND-2024",
    "identified_date": "2025-11-20 14:57:29",
    "total_resit_attempts": 0,
    "status": "Active",
    "probation_status": false
  },
  {
    "exam_number": "FCTCONS/ND24/046",
    "name": "NKEMJIKA DABERECHI LOVETH",
    "failed_courses": [
      {
        "course_code": "NUR225",
        "original_score": 46.0,
        "semester": "ND-SECOND-YEAR-SECOND-SEMESTER",
        "set": "ND-2024",
        "resit_attempts": 0,
        "best_score": 46.0,
        "status": "Failed"
      }
    ],
    "semester": "ND-SECOND-YEAR-SECOND-SEMESTER",
    "set": "ND-2024",
    "identified_date": "2025-11-20 14:57:29",
    "total_resit_attempts": 0,
    "status": "Active",
    "probation_status": false
  },
  {
    "exam_number": "FCTCONS/ND24/048",
    "name": "UTAN PEACE EFFIONG",
    "failed_courses": [
      {
        "course_code": "NUS222",
        "original_score": 48.0,
        "semester": "ND-SECOND-YEAR-SECOND-SEMESTER",
        "set": "ND-2024",
        "resit_attempts": 0,
        "best_score": 48.0,
        "status": "Failed"
      },
      {
        "course_code": "NUR221",
        "original_score": 46.0,
        "semester": "ND-SECOND-YEAR-SECOND-SEMESTER",
        "set": "ND-2024",
        "resit_attempts": 0,
        "best_score": 46.0,
        "status": "Failed"
      }
    ],
    "semester": "ND-SECOND-YEAR-SECOND-SEMESTER",
    "set": "ND-2024",
    "identified_date": "2025-11-20 14:57:29",
    "total_resit_attempts": 0,
    "status": "Active",
    "probation_status": false
  },
  {
    "exam_number": "FCTCONS/ND24/051",
    "name": "NDUBUISI GIFT ONYIYECHI",
    "failed_courses": [
      {
        "course_code": "NUS222",
        "original_score": 46.0,
        "semester": "ND-SECOND-YEAR-SECOND-SEMESTER",
        "set": "ND-2024",
        "resit_attempts": 0,
        "best_score": 46.0,
        "status": "Failed"
      },
      {
        "course_code": "EED216",
        "original_score": 44.0,
        "semester": "ND-SECOND-YEAR-SECOND-SEMESTER",
        "set": "ND-2024",
        "resit_attempts": 0,
        "best_score": 44.0,
        "status": "Failed"
      }
    ],
    "semester": "ND-SECOND-YEAR-SECOND-SEMESTER",
    "set": "ND-2024",
    "identified_date": "2025-11-20 14:57:29",
    "total_resit_attempts": 0,
    "status": "Active",
    "probation_status": false
  },
  {
    "exam_number": "FCTCONS/ND24/053",
    "name": "NWEZE UKAMAKA MABEL",
    "failed_courses": [
      {
        "course_code": "EED216",
        "original_score": 45.0,
        "semester": "ND-SECOND-YEAR-SECOND-SEMESTER",
        "set": "ND-2024",
        "resit_attempts": 0,
        "best_score": 45.0,
        "status": "Failed"
      }
    ],
    "semester": "ND-SECOND-YEAR-SECOND-SEMESTER",
    "set": "ND-2024",
    "identified_date": "2025-11-20 14:57:29",
    "total_resit_attempts": 0,
    "status": "Active",
    "probation_status": false
  },
  {
    "exam_number": "FCTCONS/ND24/054",
    "name": "BINCHAK DIANA RINGNAN",
    "failed_courses": [
      {
        "course_code": "NUR221",
        "original_score": 46.0,
        "semester": "ND-SECOND-YEAR-SECOND-SEMESTER",
        "set": "ND-2024",
        "resit_attempts": 0,
        "best_score": 46.0,
        "status": "Failed"
      }
    ],
    "semester": "ND-SECOND-YEAR-SECOND-SEMESTER",
    "set": "ND-2024",
    "identified_date": "2025-11-20 14:57:29",
    "total_resit_attempts": 0,
    "status": "Active",
    "probation_status": false
  },
  {
    "exam_number": "FCTCONS/ND24/055",
    "name": "AYODELE JOHN TANTOLUWA",
    "failed_courses": [
      {
        "course_code": "EED216",
        "original_score": 49.0,
        "semester": "ND-SECOND-YEAR-SECOND-SEMESTER",
        "set": "ND-2024",
        "resit_attempts": 0,
        "best_score": 49.0,
        "status": "Failed"
      }
    ],
    "semester": "ND-SECOND-YEAR-SECOND-SEMESTER",
    "set": "ND-2024",
    "identified_date": "2025-11-20 14:57:29",
    "total_resit_attempts": 0,
    "status": "Active",
    "probation_status": false
  },
  {
    "exam_number": "FCTCONS/ND24/056",
    "name": "MAINA SHAMMAH MUSA",
    "failed_courses": [
      {
        "course_code": "NUS222",
        "original_score": 34.0,
        "semester": "ND-SECOND-YEAR-SECOND-SEMESTER",
        "set": "ND-2024",
        "resit_attempts": 0,
        "best_score": 34.0,
        "status": "Failed"
      },
      {
        "course_code": "NUR221",
        "original_score": 46.0,
        "semester": "ND-SECOND-YEAR-SECOND-SEMESTER",
        "set": "ND-2024",
        "resit_attempts": 0,
        "best_score": 46.0,
        "status": "Failed"
      }
    ],
    "semester": "ND-SECOND-YEAR-SECOND-SEMESTER",
    "set": "ND-2024",
    "identified_date": "2025-11-20 14:57:29",
    "total_resit_attempts": 0,
    "status": "Active",
    "probation_status": false
  },
  {
    "exam_number": "FCTCONS/ND24/057",
    "name": "JIMOH PRINCESS RAHIMAT",
    "failed_courses": [
      {
        "course_code": "EED216",
        "original_score": 43.0,
        "semester": "ND-SECOND-YEAR-SECOND-SEMESTER",
        "set": "ND-2024",
        "resit_attempts": 0,
        "best_score": 43.0,
        "status": "Failed"
      }
    ],
    "semester": "ND-SECOND-YEAR-SECOND-SEMESTER",
    "set": "ND-2024",
    "identified_date": "2025-11-20 14:57:29",
    "total_resit_attempts": 0,
    "status": "Active",
    "probation_status": false
  },
  {
    "exam_number": "FCTCONS/ND24/059",
    "name": "OBORO MABEL OGHENEMARO",
    "failed_courses": [
      {
        "course_code": "EED216",
        "original_score": 48.0,
        "semester": "ND-SECOND-YEAR-SECOND-SEMESTER",
        "set": "ND-2024",
        "resit_attempts": 0,
        "best_score": 48.0,
        "status": "Failed"
      }
    ],
    "semester": "ND-SECOND-YEAR-SECOND-SEMESTER",
    "set": "ND-2024",
    "identified_date": "2025-11-20 14:57:29",
    "total_resit_attempts": 0,
    "status": "Active",
    "probation_status": false
  },
  {
    "exam_number": "FCTCONS/ND24/061",
    "name": "EMETA NNEOMA PHILOMENA",
    "failed_courses": [
      {
        "course_code": "NUR223",
        "original_score": 41.0,
        "semester": "ND-SECOND-YEAR-SECOND-SEMESTER",
        "set": "ND-2024",
        "resit_attempts": 0,
        "best_score": 41.0,
        "status": "Failed"
      }
    ],
    "semester": "ND-SECOND-YEAR-SECOND-SEMESTER",
    "set": "ND-2024",
    "identified_date": "2025-11-20 14:57:29",
    "total_resit_attempts": 0,
    "status": "Active",
    "probation_status": false
  },
  {
    "exam_number": "FCTCONS/ND24/062",
    "name": "ABUNIMYE FELICIA AMANUYE",
    "failed_courses": [
      {
        "course_code": "NUR223",
        "original_score": 48.0,
        "semester": "ND-SECOND-YEAR-SECOND-SEMESTER",
        "set": "ND-2024",
        "resit_attempts": 0,
        "best_score": 48.0,
        "status": "Failed"
      },
      {
        "course_code": "NUR224",
        "original_score": 44.0,
        "semester": "ND-SECOND-YEAR-SECOND-SEMESTER",
        "set": "ND-2024",
        "resit_attempts": 0,
        "best_score": 44.0,
        "status": "Failed"
      }
    ],
    "semester": "ND-SECOND-YEAR-SECOND-SEMESTER",
    "set": "ND-2024",
    "identified_date": "2025-11-20 14:57:29",
    "total_resit_attempts": 0,
    "status": "Active",
    "probation_status": false
  },
  {
    "exam_number": "FCTCONS/ND24/066",
    "name": "OBADIAH MICAH",
    "failed_courses": [
      {
        "course_code": "NUR223",
        "original_score": 46.0,
        "semester": "ND-SECOND-YEAR-SECOND-SEMESTER",
        "set": "ND-2024",
        "resit_attempts": 0,
        "best_score": 46.0,
        "status": "Failed"
      },
      {
        "course_code": "EED216",
        "original_score": 49.0,
        "semester": "ND-SECOND-YEAR-SECOND-SEMESTER",
        "set": "ND-2024",
        "resit_attempts": 0,
        "best_score": 49.0,
        "status": "Failed"
      }
    ],
    "semester": "ND-SECOND-YEAR-SECOND-SEMESTER",
    "set": "ND-2024",
    "identified_date": "2025-11-20 14:57:29",
    "total_resit_attempts": 0,
    "status": "Active",
    "probation_status": false
  },
  {
    "exam_number": "FCTCONS/ND24/067",
    "name": "ADEGOKE MARVELLOUS ARAMIDE",
    "failed_courses": [
      {
        "course_code": "NUS221",
        "original_score": 46.0,
        "semester": "ND-SECOND-YEAR-SECOND-SEMESTER",
        "set": "ND-2024",
        "resit_attempts": 0,
        "best_score": 46.0,
        "status": "Failed"
      }
    ],
    "semester": "ND-SECOND-YEAR-SECOND-SEMESTER",
    "set": "ND-2024",
    "identified_date": "2025-11-20 14:57:29",
    "total_resit_attempts": 0,
    "status": "Active",
    "probation_status": false
  },
  {
    "exam_number": "FCTCONS/ND24/068",
    "name": "CHIKEZE MIRIAM OLUEBUBE",
    "failed_courses": [
      {
        "course_code": "EED216",
        "original_score": 46.0,
        "semester": "ND-SECOND-YEAR-SECOND-SEMESTER",
        "set": "ND-2024",
        "resit_attempts": 0,
        "best_score": 46.0,
        "status": "Failed"
      },
      {
        "course_code": "NUR225",
        "original_score": 48.0,
        "semester": "ND-SECOND-YEAR-SECOND-SEMESTER",
        "set": "ND-2024",
        "resit_attempts": 0,
        "best_score": 48.0,
        "status": "Failed"
      }
    ],
    "semester": "ND-SECOND-YEAR-SECOND-SEMESTER",
    "set": "ND-2024",
    "identified_date": "2025-11-20 14:57:29",
    "total_resit_attempts": 0,
    "status": "Active",
    "probation_status": false
  },
  {
    "exam_number": "FCTCONS/ND24/069",
    "name": "STEPHEN PRECIOUS BALA",
    "failed_courses": [
      {
        "course_code": "NUR221",
        "original_score": 46.0,
        "semester": "ND-SECOND-YEAR-SECOND-SEMESTER",
        "set": "ND-2024",
        "resit_attempts": 0,
        "best_score": 46.0,
        "status": "Failed"
      },
      {
        "course_code": "NUR225",
        "original_score": 49.0,
        "semester": "ND-SECOND-YEAR-SECOND-SEMESTER",
        "set": "ND-2024",
        "resit_attempts": 0,
        "best_score": 49.0,
        "status": "Failed"
      }
    ],
    "semester": "ND-SECOND-YEAR-SECOND-SEMESTER",
    "set": "ND-2024",
    "identified_date": "2025-11-20 14:57:29",
    "total_resit_attempts": 0,
    "status": "Active",
    "probation_status": false
  },
  {
    "exam_number": "FCTCONS/ND24/071",
    "name": "BOYI OJONUBA FRIDAY",
    "failed_courses": [
      {
        "course_code": "NUR225",
        "original_score": 44.0,
        "semester": "ND-SECOND-YEAR-SECOND-SEMESTER",
        "set": "ND-2024",
        "resit_attempts": 0,
        "best_score": 44.0,
        "status": "Failed"
      }
    ],
    "semester": "ND-SECOND-YEAR-SECOND-SEMESTER",
    "set": "ND-2024",
    "identified_date": "2025-11-20 14:57:29",
    "total_resit_attempts": 0,
    "status": "Active",
    "probation_status": false
  },
  {
    "exam_number": "FCTCONS/ND24/072",
    "name": "DAUDA HOPE AWYETU",
    "failed_courses": [
      {
        "course_code": "NUS221",
        "original_score": 47.0,
        "semester": "ND-SECOND-YEAR-SECOND-SEMESTER",
        "set": "ND-2024",
        "resit_attempts": 0,
        "best_score": 47.0,
        "status": "Failed"
      }
    ],
    "semester": "ND-SECOND-YEAR-SECOND-SEMESTER",
    "set": "ND-2024",
    "identified_date": "2025-11-20 14:57:29",
    "total_resit_attempts": 0,
    "status": "Active",
    "probation_status": false
  },
  {
    "exam_number": "FCTCONS/ND24/074",
    "name": "ILIYA QUEEN",
    "failed_courses": [
      {
        "course_code": "EED216",
        "original_score": 36.0,
        "semester": "ND-SECOND-YEAR-SECOND-SEMESTER",
        "set": "ND-2024",
        "resit_attempts": 0,
        "best_score": 36.0,
        "status": "Failed"
      }
    ],
    "semester": "ND-SECOND-YEAR-SECOND-SEMESTER",
    "set": "ND-2024",
    "identified_date": "2025-11-20 14:57:29",
    "total_resit_attempts": 0,
    "status": "Active",
    "probation_status": false
  },
  {
    "exam_number": "FCTCONS/ND24/075",
    "name": "DENEN RUTH DOOSE",
    "failed_courses": [
      {
        "course_code": "NUR224",
        "original_score": 49.0,
        "semester": "ND-SECOND-YEAR-SECOND-SEMESTER",
        "set": "ND-2024",
        "resit_attempts": 0,
        "best_score": 49.0,
        "status": "Failed"
      }
    ],
    "semester": "ND-SECOND-YEAR-SECOND-SEMESTER",
    "set": "ND-2024",
    "identified_date": "2025-11-20 14:57:29",
    "total_resit_attempts": 0,
    "status": "Active",
    "probation_status": false
  },
  {
    "exam_number": "FCTCONS/ND24/076",
    "name": "OCHOLI TREASURE EGUYE",
    "failed_courses": [
      {
        "course_code": "NUS222",
        "original_score": 46.0,
        "semester": "ND-SECOND-YEAR-SECOND-SEMESTER",
        "set": "ND-2024",
        "resit_attempts": 0,
        "best_score": 46.0,
        "status": "Failed"
      }
    ],
    "semester": "ND-SECOND-YEAR-SECOND-SEMESTER",
    "set": "ND-2024",
    "identified_date": "2025-11-20 14:57:29",
    "total_resit_attempts": 0,
    "status": "Active",
    "probation_status": false
  },
  {
    "exam_number": "FCTCONS/ND24/077",
    "name": "OODOH COMFORT ONYENEFU",
    "failed_courses": [
      {
        "course_code": "NUS221",
        "original_score": 48.0,
        "semester": "ND-SECOND-YEAR-SECOND-SEMESTER",
        "set": "ND-2024",
        "resit_attempts": 0,
        "best_score": 48.0,
        "status": "Failed"
      },
      {
        "course_code": "NUR222",
        "original_score": 42.0,
        "semester": "ND-SECOND-YEAR-SECOND-SEMESTER",
        "set": "ND-2024",
        "resit_attempts": 0,
        "best_score": 42.0,
        "status": "Failed"
      },
      {
        "course_code": "NUR223",
        "original_score": 48.0,
        "semester": "ND-SECOND-YEAR-SECOND-SEMESTER",
        "set": "ND-2024",
        "resit_attempts": 0,
        "best_score": 48.0,
        "status": "Failed"
      }
    ],
    "semester": "ND-SECOND-YEAR-SECOND-SEMESTER",
    "set": "ND-2024",
    "identified_date": "2025-11-20 14:57:29",
    "total_resit_attempts": 0,
    "status": "Active",
    "probation_status": false
  },
  {
    "exam_number": "FCTCONS/ND24/078",
    "name": "CHIKWELU PRECIOUS",
    "failed_courses": [
      {
        "course_code": "NUR222",
        "original_score": 43.0,
        "semester": "ND-SECOND-YEAR-SECOND-SEMESTER",
        "set": "ND-2024",
        "resit_attempts": 0,
        "best_score": 43.0,
        "status": "Failed"
      }
    ],
    "semester": "ND-SECOND-YEAR-SECOND-SEMESTER",
    "set": "ND-2024",
    "identified_date": "2025-11-20 14:57:29",
    "total_resit_attempts": 0,
    "status": "Active",
    "probation_status": false
  },
  {
    "exam_number": "FCTCONS/ND24/082",
    "name": "SADUS DYARA UMARU",
    "failed_courses": [
      {
        "course_code": "NUS222",
        "original_score": 46.0,
        "semester": "ND-SECOND-YEAR-SECOND-SEMESTER",
        "set": "ND-2024",
        "resit_attempts": 0,
        "best_score": 46.0,
        "status": "Failed"
      },
      {
        "course_code": "NUR227",
        "original_score": 48.0,
        "semester": "ND-SECOND-YEAR-SECOND-SEMESTER",
        "set": "ND-2024",
        "resit_attempts": 0,
        "best_score": 48.0,
        "status": "Failed"
      }
    ],
    "semester": "ND-SECOND-YEAR-SECOND-SEMESTER",
    "set": "ND-2024",
    "identified_date": "2025-11-20 14:57:29",
    "total_resit_attempts": 0,
    "status": "Active",
    "probation_status": false
  },
  {
    "exam_number": "FCTCONS/ND24/083",
    "name": "AYENI JEMIMAH RHODA",
    "failed_courses": [
      {
        "course_code": "NUS222",
        "original_score": 43.0,
        "semester": "ND-SECOND-YEAR-SECOND-SEMESTER",
        "set": "ND-2024",
        "resit_attempts": 0,
        "best_score": 43.0,
        "status": "Failed"
      },
      {
        "course_code": "NUR222",
        "original_score": 36.0,
        "semester": "ND-SECOND-YEAR-SECOND-SEMESTER",
        "set": "ND-2024",
        "resit_attempts": 0,
        "best_score": 36.0,
        "status": "Failed"
      },
      {
        "course_code": "EED216",
        "original_score": 43.0,
        "semester": "ND-SECOND-YEAR-SECOND-SEMESTER",
        "set": "ND-2024",
        "resit_attempts": 0,
        "best_score": 43.0,
        "status": "Failed"
      }
    ],
    "semester": "ND-SECOND-YEAR-SECOND-SEMESTER",
    "set": "ND-2024",
    "identified_date": "2025-11-20 14:57:29",
    "total_resit_attempts": 0,
    "status": "Active",
    "probation_status": false
  },
  {
    "exam_number": "FCTCONS/ND24/084",
    "name": "EMMANUEL VICTORIA",
    "failed_courses": [
      {
        "course_code": "NUS221",
        "original_score": 48.0,
        "semester": "ND-SECOND-YEAR-SECOND-SEMESTER",
        "set": "ND-2024",
        "resit_attempts": 0,
        "best_score": 48.0,
        "status": "Failed"
      },
      {
        "course_code": "NUR222",
        "original_score": 48.0,
        "semester": "ND-SECOND-YEAR-SECOND-SEMESTER",
        "set": "ND-2024",
        "resit_attempts": 0,
        "best_score": 48.0,
        "status": "Failed"
      }
    ],
    "semester": "ND-SECOND-YEAR-SECOND-SEMESTER",
    "set": "ND-2024",
    "identified_date": "2025-11-20 14:57:29",
    "total_resit_attempts": 0,
    "status": "Active",
    "probation_status": false
  },
  {
    "exam_number": "FCTCONS/ND24/085",
    "name": "EMMANUEL HELEN",
    "failed_courses": [
      {
        "course_code": "NUS221",
        "original_score": 49.0,
        "semester": "ND-SECOND-YEAR-SECOND-SEMESTER",
        "set": "ND-2024",
        "resit_attempts": 0,
        "best_score": 49.0,
        "status": "Failed"
      },
      {
        "course_code": "NUR223",
        "original_score": 40.0,
        "semester": "ND-SECOND-YEAR-SECOND-SEMESTER",
        "set": "ND-2024",
        "resit_attempts": 0,
        "best_score": 40.0,
        "status": "Failed"
      },
      {
        "course_code": "NUR224",
        "original_score": 44.0,
        "semester": "ND-SECOND-YEAR-SECOND-SEMESTER",
        "set": "ND-2024",
        "resit_attempts": 0,
        "best_score": 44.0,
        "status": "Failed"
      }
    ],
    "semester": "ND-SECOND-YEAR-SECOND-SEMESTER",
    "set": "ND-2024",
    "identified_date": "2025-11-20 14:57:29",
    "total_resit_attempts": 0,
    "status": "Active",
    "probation_status": false
  },
  {
    "exam_number": "FCTCONS/ND24/086",
    "name": "BARNABAS RITA SIMNOM",
    "failed_courses": [
      {
        "course_code": "NUS221",
        "original_score": 44.0,
        "semester": "ND-SECOND-YEAR-SECOND-SEMESTER",
        "set": "ND-2024",
        "resit_attempts": 0,
        "best_score": 44.0,
        "status": "Failed"
      }
    ],
    "semester": "ND-SECOND-YEAR-SECOND-SEMESTER",
    "set": "ND-2024",
    "identified_date": "2025-11-20 14:57:29",
    "total_resit_attempts": 0,
    "status": "Active",
    "probation_status": false
  },
  {
    "exam_number": "FCTCONS/ND24/087",
    "name": "AYODELE MUMEENAT DADA",
    "failed_courses": [
      {
        "course_code": "NUR225",
        "original_score": 46.0,
        "semester": "ND-SECOND-YEAR-SECOND-SEMESTER",
        "set": "ND-2024",
        "resit_attempts": 0,
        "best_score": 46.0,
        "status": "Failed"
      }
    ],
    "semester": "ND-SECOND-YEAR-SECOND-SEMESTER",
    "set": "ND-2024",
    "identified_date": "2025-11-20 14:57:29",
    "total_resit_attempts": 0,
    "status": "Active",
    "probation_status": false
  },
  {
    "exam_number": "FCTCONS/ND24/090",
    "name": "ANYIDAKWO SHEKWOYEMI GAMBO",
    "failed_courses": [
      {
        "course_code": "NUS222",
        "original_score": 46.0,
        "semester": "ND-SECOND-YEAR-SECOND-SEMESTER",
        "set": "ND-2024",
        "resit_attempts": 0,
        "best_score": 46.0,
        "status": "Failed"
      },
      {
        "course_code": "NUR223",
        "original_score": 38.0,
        "semester": "ND-SECOND-YEAR-SECOND-SEMESTER",
        "set": "ND-2024",
        "resit_attempts": 0,
        "best_score": 38.0,
        "status": "Failed"
      }
    ],
    "semester": "ND-SECOND-YEAR-SECOND-SEMESTER",
    "set": "ND-2024",
    "identified_date": "2025-11-20 14:57:29",
    "total_resit_attempts": 0,
    "status": "Active",
    "probation_status": false
  },
  {
    "exam_number": "FCTCONS/ND24/091",
    "name": "DANLADI MERCY",
    "failed_courses": [
      {
        "course_code": "NUS221",
        "original_score": 41.0,
        "semester": "ND-SECOND-YEAR-SECOND-SEMESTER",
        "set": "ND-2024",
        "resit_attempts": 0,
        "best_score": 41.0,
        "status": "Failed"
      },
      {
        "course_code": "NUS222",
        "original_score": 37.0,
        "semester": "ND-SECOND-YEAR-SECOND-SEMESTER",
        "set": "ND-2024",
        "resit_attempts": 0,
        "best_score": 37.0,
        "status": "Failed"
      },
      {
        "course_code": "NUR223",
        "original_score": 41.0,
        "semester": "ND-SECOND-YEAR-SECOND-SEMESTER",
        "set": "ND-2024",
        "resit_attempts": 0,
        "best_score": 41.0,
        "status": "Failed"
      }
    ],
    "semester": "ND-SECOND-YEAR-SECOND-SEMESTER",
    "set": "ND-2024",
    "identified_date": "2025-11-20 14:57:29",
    "total_resit_attempts": 0,
    "status": "Active",
    "probation_status": false
  },
  {
    "exam_number": "FCTCONS/ND24/093",
    "name": "AMEH PRAISE CHRISTIANA",
    "failed_courses": [
      {
        "course_code": "NUS222",
        "original_score": 40.0,
        "semester": "ND-SECOND-YEAR-SECOND-SEMESTER",
        "set": "ND-2024",
        "resit_attempts": 0,
        "best_score": 40.0,
        "status": "Failed"
      }
    ],
    "semester": "ND-SECOND-YEAR-SECOND-SEMESTER",
    "set": "ND-2024",
    "identified_date": "2025-11-20 14:57:29",
    "total_resit_attempts": 0,
    "status": "Active",
    "probation_status": false
  },
  {
    "exam_number": "FCTCONS/ND24/094",
    "name": "AWAJE DORCAS ASABE",
    "failed_courses": [
      {
        "course_code": "NUR225",
        "original_score": 42.0,
        "semester": "ND-SECOND-YEAR-SECOND-SEMESTER",
        "set": "ND-2024",
        "resit_attempts": 0,
        "best_score": 42.0,
        "status": "Failed"
      }
    ],
    "semester": "ND-SECOND-YEAR-SECOND-SEMESTER",
    "set": "ND-2024",
    "identified_date": "2025-11-20 14:57:29",
    "total_resit_attempts": 0,
    "status": "Active",
    "probation_status": false
  },
  {
    "exam_number": "FCTCONS/ND24/095",
    "name": "AYISA-ATANZE HAPPINESS CINCINSOKO",
    "failed_courses": [
      {
        "course_code": "NUR227",
        "original_score": 42.0,
        "semester": "ND-SECOND-YEAR-SECOND-SEMESTER",
        "set": "ND-2024",
        "resit_attempts": 0,
        "best_score": 42.0,
        "status": "Failed"
      }
    ],
    "semester": "ND-SECOND-YEAR-SECOND-SEMESTER",
    "set": "ND-2024",
    "identified_date": "2025-11-20 14:57:29",
    "total_resit_attempts": 0,
    "status": "Active",
    "probation_status": false
  },
  {
    "exam_number": "FCTCONS/ND24/097",
    "name": "UCHE ULOMA",
    "failed_courses": [
      {
        "course_code": "NUR221",
        "original_score": 44.0,
        "semester": "ND-SECOND-YEAR-SECOND-SEMESTER",
        "set": "ND-2024",
        "resit_attempts": 0,
        "best_score": 44.0,
        "status": "Failed"
      }
    ],
    "semester": "ND-SECOND-YEAR-SECOND-SEMESTER",
    "set": "ND-2024",
    "identified_date": "2025-11-20 14:57:29",
    "total_resit_attempts": 0,
    "status": "Active",
    "probation_status": false
  },
  {
    "exam_number": "FCTCONS/ND24/098",
    "name": "SULEIMAN MARYAM HARUNA",
    "failed_courses": [
      {
        "course_code": "NUS221",
        "original_score": 40.0,
        "semester": "ND-SECOND-YEAR-SECOND-SEMESTER",
        "set": "ND-2024",
        "resit_attempts": 0,
        "best_score": 40.0,
        "status": "Failed"
      }
    ],
    "semester": "ND-SECOND-YEAR-SECOND-SEMESTER",
    "set": "ND-2024",
    "identified_date": "2025-11-20 14:57:29",
    "total_resit_attempts": 0,
    "status": "Active",
    "probation_status": false
  },
  {
    "exam_number": "FCTCONS/ND24/099",
    "name": "ABEL BENITA GIDADO",
    "failed_courses": [
      {
        "course_code": "NUS221",
        "original_score": 46.0,
        "semester": "ND-SECOND-YEAR-SECOND-SEMESTER",
        "set": "ND-2024",
        "resit_attempts": 0,
        "best_score": 46.0,
        "status": "Failed"
      },
      {
        "course_code": "NUR222",
        "original_score": 46.0,
        "semester": "ND-SECOND-YEAR-SECOND-SEMESTER",
        "set": "ND-2024",
        "resit_attempts": 0,
        "best_score": 46.0,
        "status": "Failed"
      },
      {
        "course_code": "NUR225",
        "original_score": 44.0,
        "semester": "ND-SECOND-YEAR-SECOND-SEMESTER",
        "set": "ND-2024",
        "resit_attempts": 0,
        "best_score": 44.0,
        "status": "Failed"
      }
    ],
    "semester": "ND-SECOND-YEAR-SECOND-SEMESTER",
    "set": "ND-2024",
    "identified_date": "2025-11-20 14:57:29",
    "total_resit_attempts": 0,
    "status": "Active",
    "probation_status": false
  },
  {
    "exam_number": "FCTCONS/ND24/100",
    "name": "BAMIDELE FAVOUR DUPE",
    "failed_courses": [
      {
        "course_code": "NUR224",
        "original_score": 48.0,
        "semester": "ND-SECOND-YEAR-SECOND-SEMESTER",
        "set": "ND-2024",
        "resit_attempts": 0,
        "best_score": 48.0,
        "status": "Failed"
      },
      {
        "course_code": "EED216",
        "original_score": 45.0,
        "semester": "ND-SECOND-YEAR-SECOND-SEMESTER",
        "set": "ND-2024",
        "resit_attempts": 0,
        "best_score": 45.0,
        "status": "Failed"
      }
    ],
    "semester": "ND-SECOND-YEAR-SECOND-SEMESTER",
    "set": "ND-2024",
    "identified_date": "2025-11-20 14:57:29",
    "total_resit_attempts": 0,
    "status": "Active",
    "probation_status": false
  },
  {
    "exam_number": "FCTCONS/ND24/101",
    "name": "JAMES OMOH PATRICIA",
    "failed_courses": [
      {
        "course_code": "NUR223",
        "original_score": 42.0,
        "semester": "ND-SECOND-YEAR-SECOND-SEMESTER",
        "set": "ND-2024",
        "resit_attempts": 0,
        "best_score": 42.0,
        "status": "Failed"
      }
    ],
    "semester": "ND-SECOND-YEAR-SECOND-SEMESTER",
    "set": "ND-2024",
    "identified_date": "2025-11-20 14:57:29",
    "total_resit_attempts": 0,
    "status": "Active",
    "probation_status": false
  },
  {
    "exam_number": "FCTCONS/ND24/102",
    "name": "MICHEAL CATHERINE",
    "failed_courses": [
      {
        "course_code": "NUS221",
        "original_score": 46.0,
        "semester": "ND-SECOND-YEAR-SECOND-SEMESTER",
        "set": "ND-2024",
        "resit_attempts": 0,
        "best_score": 46.0,
        "status": "Failed"
      },
      {
        "course_code": "NUR227",
        "original_score": 47.0,
        "semester": "ND-SECOND-YEAR-SECOND-SEMESTER",
        "set": "ND-2024",
        "resit_attempts": 0,
        "best_score": 47.0,
        "status": "Failed"
      }
    ],
    "semester": "ND-SECOND-YEAR-SECOND-SEMESTER",
    "set": "ND-2024",
    "identified_date": "2025-11-20 14:57:29",
    "total_resit_attempts": 0,
    "status": "Active",
    "probation_status": false
  },
  {
    "exam_number": "FCTCONS/ND24/103",
    "name": "WAKILI SHEJIYABA CONFIDENCE",
    "failed_courses": [
      {
        "course_code": "NUR221",
        "original_score": 42.0,
        "semester": "ND-SECOND-YEAR-SECOND-SEMESTER",
        "set": "ND-2024",
        "resit_attempts": 0,
        "best_score": 42.0,
        "status": "Failed"
      },
      {
        "course_code": "NUR225",
        "original_score": 44.0,
        "semester": "ND-SECOND-YEAR-SECOND-SEMESTER",
        "set": "ND-2024",
        "resit_attempts": 0,
        "best_score": 44.0,
        "status": "Failed"
      }
    ],
    "semester": "ND-SECOND-YEAR-SECOND-SEMESTER",
    "set": "ND-2024",
    "identified_date": "2025-11-20 14:57:29",
    "total_resit_attempts": 0,
    "status": "Active",
    "probation_status": false
  },
  {
    "exam_number": "FCTCONS/ND24/105",
    "name": "IJAUKA HENRY UJI",
    "failed_courses": [
      {
        "course_code": "NUR222",
        "original_score": 34.0,
        "semester": "ND-SECOND-YEAR-SECOND-SEMESTER",
        "set": "ND-2024",
        "resit_attempts": 0,
        "best_score": 34.0,
        "status": "Failed"
      },
      {
        "course_code": "NUR224",
        "original_score": 44.0,
        "semester": "ND-SECOND-YEAR-SECOND-SEMESTER",
        "set": "ND-2024",
        "resit_attempts": 0,
        "best_score": 44.0,
        "status": "Failed"
      }
    ],
    "semester": "ND-SECOND-YEAR-SECOND-SEMESTER",
    "set": "ND-2024",
    "identified_date": "2025-11-20 14:57:29",
    "total_resit_attempts": 0,
    "status": "Active",
    "probation_status": false
  },
  {
    "exam_number": "FCTCONS/ND24/106",
    "name": "EGBANABO REGINA OHOTU",
    "failed_courses": [
      {
        "course_code": "NUR221",
        "original_score": 42.0,
        "semester": "ND-SECOND-YEAR-SECOND-SEMESTER",
        "set": "ND-2024",
        "resit_attempts": 0,
        "best_score": 42.0,
        "status": "Failed"
      },
      {
        "course_code": "NUR224",
        "original_score": 35.0,
        "semester": "ND-SECOND-YEAR-SECOND-SEMESTER",
        "set": "ND-2024",
        "resit_attempts": 0,
        "best_score": 35.0,
        "status": "Failed"
      }
    ],
    "semester": "ND-SECOND-YEAR-SECOND-SEMESTER",
    "set": "ND-2024",
    "identified_date": "2025-11-20 14:57:29",
    "total_resit_attempts": 0,
    "status": "Active",
    "probation_status": false
  },
  {
    "exam_number": "FCTCONS/ND24/107",
    "name": "OTTO QUEEN UBUGHENAAN",
    "failed_courses": [
      {
        "course_code": "NUR223",
        "original_score": 46.0,
        "semester": "ND-SECOND-YEAR-SECOND-SEMESTER",
        "set": "ND-2024",
        "resit_attempts": 0,
        "best_score": 46.0,
        "status": "Failed"
      }
    ],
    "semester": "ND-SECOND-YEAR-SECOND-SEMESTER",
    "set": "ND-2024",
    "identified_date": "2025-11-20 14:57:29",
    "total_resit_attempts": 0,
    "status": "Active",
    "probation_status": false
  },
  {
    "exam_number": "FCTCONS/ND24/110",
    "name": "ABOKO DAVID JUNIOR",
    "failed_courses": [
      {
        "course_code": "NUR221",
        "original_score": 38.0,
        "semester": "ND-SECOND-YEAR-SECOND-SEMESTER",
        "set": "ND-2024",
        "resit_attempts": 0,
        "best_score": 38.0,
        "status": "Failed"
      },
      {
        "course_code": "NUR223",
        "original_score": 48.0,
        "semester": "ND-SECOND-YEAR-SECOND-SEMESTER",
        "set": "ND-2024",
        "resit_attempts": 0,
        "best_score": 48.0,
        "status": "Failed"
      },
      {
        "course_code": "NUR224",
        "original_score": 39.0,
        "semester": "ND-SECOND-YEAR-SECOND-SEMESTER",
        "set": "ND-2024",
        "resit_attempts": 0,
        "best_score": 39.0,
        "status": "Failed"
      }
    ],
    "semester": "ND-SECOND-YEAR-SECOND-SEMESTER",
    "set": "ND-2024",
    "identified_date": "2025-11-20 14:57:29",
    "total_resit_attempts": 0,
    "status": "Active",
    "probation_status": false
  },
  {
    "exam_number": "FCTCONS/ND24/111",
    "name": "STANLEY SURELY ALI",
    "failed_courses": [
      {
        "course_code": "NUR223",
        "original_score": 46.0,
        "semester": "ND-SECOND-YEAR-SECOND-SEMESTER",
        "set": "ND-2024",
        "resit_attempts": 0,
        "best_score": 46.0,
        "status": "Failed"
      }
    ],
    "semester": "ND-SECOND-YEAR-SECOND-SEMESTER",
    "set": "ND-2024",
    "identified_date": "2025-11-20 14:57:29",
    "total_resit_attempts": 0,
    "status": "Active",
    "probation_status": false
  },
  {
    "exam_number": "FCTCONS/ND24/112",
    "name": "FOLORUNSHO AANUOLUWA PRECIOUS",
    "failed_courses": [
      {
        "course_code": "EED216",
        "original_score": 46.0,
        "semester": "ND-SECOND-YEAR-SECOND-SEMESTER",
        "set": "ND-2024",
        "resit_attempts": 0,
        "best_score": 46.0,
        "status": "Failed"
      }
    ],
    "semester": "ND-SECOND-YEAR-SECOND-SEMESTER",
    "set": "ND-2024",
    "identified_date": "2025-11-20 14:57:29",
    "total_resit_attempts": 0,
    "status": "Active",
    "probation_status": false
  },
  {
    "exam_number": "FCTCONS/ND24/114",
    "name": "YUSUF BASHIRAT ADEOLA",
    "failed_courses": [
      {
        "course_code": "NUR223",
        "original_score": 49.0,
        "semester": "ND-SECOND-YEAR-SECOND-SEMESTER",
        "set": "ND-2024",
        "resit_attempts": 0,
        "best_score": 49.0,
        "status": "Failed"
      },
      {
        "course_code": "NUR224",
        "original_score": 38.0,
        "semester": "ND-SECOND-YEAR-SECOND-SEMESTER",
        "set": "ND-2024",
        "resit_attempts": 0,
        "best_score": 38.0,
        "status": "Failed"
      }
    ],
    "semester": "ND-SECOND-YEAR-SECOND-SEMESTER",
    "set": "ND-2024",
    "identified_date": "2025-11-20 14:57:29",
    "total_resit_attempts": 0,
    "status": "Active",
    "probation_status": false
  },
  {
    "exam_number": "FCTCONS/ND24/115",
    "name": "YUNUS ZULEYHAT ONIZE",
    "failed_courses": [
      {
        "course_code": "NUR223",
        "original_score": 40.0,
        "semester": "ND-SECOND-YEAR-SECOND-SEMESTER",
        "set": "ND-2024",
        "resit_attempts": 0,
        "best_score": 40.0,
        "status": "Failed"
      },
      {
        "course_code": "NUR224",
        "original_score": 38.0,
        "semester": "ND-SECOND-YEAR-SECOND-SEMESTER",
        "set": "ND-2024",
        "resit_attempts": 0,
        "best_score": 38.0,
        "status": "Failed"
      },
      {
        "course_code": "NUR225",
        "original_score": 48.0,
        "semester": "ND-SECOND-YEAR-SECOND-SEMESTER",
        "set": "ND-2024",
        "resit_attempts": 0,
        "best_score": 48.0,
        "status": "Failed"
      }
    ],
    "semester": "ND-SECOND-YEAR-SECOND-SEMESTER",
    "set": "ND-2024",
    "identified_date": "2025-11-20 14:57:29",
    "total_resit_attempts": 0,
    "status": "Active",
    "probation_status": false
  },
  {
    "exam_number": "FCTCONS/ND24/117",
    "name": "EDE FAVOUR OGBA",
    "failed_courses": [
      {
        "course_code": "NUR223",
        "original_score": 38.0,
        "semester": "ND-SECOND-YEAR-SECOND-SEMESTER",
        "set": "ND-2024",
        "resit_attempts": 0,
        "best_score": 38.0,
        "status": "Failed"
      },
      {
        "course_code": "NUR224",
        "original_score": 48.0,
        "semester": "ND-SECOND-YEAR-SECOND-SEMESTER",
        "set": "ND-2024",
        "resit_attempts": 0,
        "best_score": 48.0,
        "status": "Failed"
      },
      {
        "course_code": "NUR225",
        "original_score": 42.0,
        "semester": "ND-SECOND-YEAR-SECOND-SEMESTER",
        "set": "ND-2024",
        "resit_attempts": 0,
        "best_score": 42.0,
        "status": "Failed"
      }
    ],
    "semester": "ND-SECOND-YEAR-SECOND-SEMESTER",
    "set": "ND-2024",
    "identified_date": "2025-11-20 14:57:29",
    "total_resit_attempts": 0,
    "status": "Active",
    "probation_status": false
  },
  {
    "exam_number": "FCTCONS/ND24/118",
    "name": "EZEDIMBU MAKUOCHUKWU GOD\u2019SCHOICE",
    "failed_courses": [
      {
        "course_code": "NUR225",
        "original_score": 38.0,
        "semester": "ND-SECOND-YEAR-SECOND-SEMESTER",
        "set": "ND-2024",
        "resit_attempts": 0,
        "best_score": 38.0,
        "status": "Failed"
      }
    ],
    "semester": "ND-SECOND-YEAR-SECOND-SEMESTER",
    "set": "ND-2024",
    "identified_date": "2025-11-20 14:57:29",
    "total_resit_attempts": 0,
    "status": "Active",
    "probation_status": false
  },
  {
    "exam_number": "FCTCONS/ND24/120",
    "name": "EMMANUEL ZIPPORAH",
    "failed_courses": [
      {
        "course_code": "NUR223",
        "original_score": 46.0,
        "semester": "ND-SECOND-YEAR-SECOND-SEMESTER",
        "set": "ND-2024",
        "resit_attempts": 0,
        "best_score": 46.0,
        "status": "Failed"
      }
    ],
    "semester": "ND-SECOND-YEAR-SECOND-SEMESTER",
    "set": "ND-2024",
    "identified_date": "2025-11-20 14:57:29",
    "total_resit_attempts": 0,
    "status": "Active",
    "probation_status": false
  },
  {
    "exam_number": "FCTCONS/ND24/124",
    "name": "IGWE GOODNESS CHINEYENWA",
    "failed_courses": [
      {
        "course_code": "NUS222",
        "original_score": 30.0,
        "semester": "ND-SECOND-YEAR-SECOND-SEMESTER",
        "set": "ND-2024",
        "resit_attempts": 0,
        "best_score": 30.0,
        "status": "Failed"
      },
      {
        "course_code": "NUR223",
        "original_score": 46.0,
        "semester": "ND-SECOND-YEAR-SECOND-SEMESTER",
        "set": "ND-2024",
        "resit_attempts": 0,
        "best_score": 46.0,
        "status": "Failed"
      }
    ],
    "semester": "ND-SECOND-YEAR-SECOND-SEMESTER",
    "set": "ND-2024",
    "identified_date": "2025-11-20 14:57:29",
    "total_resit_attempts": 0,
    "status": "Active",
    "probation_status": false
  },
  {
    "exam_number": "FCTCONS/ND24/125",
    "name": "OKAH ANNA UDUMMA",
    "failed_courses": [
      {
        "course_code": "NUR225",
        "original_score": 48.0,
        "semester": "ND-SECOND-YEAR-SECOND-SEMESTER",
        "set": "ND-2024",
        "resit_attempts": 0,
        "best_score": 48.0,
        "status": "Failed"
      }
    ],
    "semester": "ND-SECOND-YEAR-SECOND-SEMESTER",
    "set": "ND-2024",
    "identified_date": "2025-11-20 14:57:29",
    "total_resit_attempts": 0,
    "status": "Active",
    "probation_status": false
  },
  {
    "exam_number": "FCTCONS/ND24/128",
    "name": "CHIME KENECHI PAULINE",
    "failed_courses": [
      {
        "course_code": "NUR224",
        "original_score": 45.0,
        "semester": "ND-SECOND-YEAR-SECOND-SEMESTER",
        "set": "ND-2024",
        "resit_attempts": 0,
        "best_score": 45.0,
        "status": "Failed"
      }
    ],
    "semester": "ND-SECOND-YEAR-SECOND-SEMESTER",
    "set": "ND-2024",
    "identified_date": "2025-11-20 14:57:29",
    "total_resit_attempts": 0,
    "status": "Active",
    "probation_status": false
  },
  {
    "exam_number": "FCTCONS/ND24/131",
    "name": "TIMOTHY FAITH",
    "failed_courses": [
      {
        "course_code": "NUR225",
        "original_score": 48.0,
        "semester": "ND-SECOND-YEAR-SECOND-SEMESTER",
        "set": "ND-2024",
        "resit_attempts": 0,
        "best_score": 48.0,
        "status": "Failed"
      }
    ],
    "semester": "ND-SECOND-YEAR-SECOND-SEMESTER",
    "set": "ND-2024",
    "identified_date": "2025-11-20 14:57:29",
    "total_resit_attempts": 0,
    "status": "Active",
    "probation_status": false
  },
  {
    "exam_number": "FCTCONS/ND24/132",
    "name": "CHUDE ALEXANDER CHIDUBEM",
    "failed_courses": [
      {
        "course_code": "NUS222",
        "original_score": 36.0,
        "semester": "ND-SECOND-YEAR-SECOND-SEMESTER",
        "set": "ND-2024",
        "resit_attempts": 0,
        "best_score": 36.0,
        "status": "Failed"
      }
    ],
    "semester": "ND-SECOND-YEAR-SECOND-SEMESTER",
    "set": "ND-2024",
    "identified_date": "2025-11-20 14:57:29",
    "total_resit_attempts": 0,
    "status": "Active",
    "probation_status": false
  },
  {
    "exam_number": "FCTCONS/ND24/134",
    "name": "NUHU FAVOUR AUDU",
    "failed_courses": [
      {
        "course_code": "NUR223",
        "original_score": 46.0,
        "semester": "ND-SECOND-YEAR-SECOND-SEMESTER",
        "set": "ND-2024",
        "resit_attempts": 0,
        "best_score": 46.0,
        "status": "Failed"
      }
    ],
    "semester": "ND-SECOND-YEAR-SECOND-SEMESTER",
    "set": "ND-2024",
    "identified_date": "2025-11-20 14:57:29",
    "total_resit_attempts": 0,
    "status": "Active",
    "probation_status": false
  },
  {
    "exam_number": "FCTCONS/ND24/136",
    "name": "JACOB OJIMA PENIEL",
    "failed_courses": [
      {
        "course_code": "NUR221",
        "original_score": 40.0,
        "semester": "ND-SECOND-YEAR-SECOND-SEMESTER",
        "set": "ND-2024",
        "resit_attempts": 0,
        "best_score": 40.0,
        "status": "Failed"
      },
      {
        "course_code": "NUR224",
        "original_score": 48.0,
        "semester": "ND-SECOND-YEAR-SECOND-SEMESTER",
        "set": "ND-2024",
        "resit_attempts": 0,
        "best_score": 48.0,
        "status": "Failed"
      }
    ],
    "semester": "ND-SECOND-YEAR-SECOND-SEMESTER",
    "set": "ND-2024",
    "identified_date": "2025-11-20 14:57:29",
    "total_resit_attempts": 0,
    "status": "Active",
    "probation_status": false
  },
  {
    "exam_number": "FCTCONS/ND24/137",
    "name": "ELIZABETH DANIEL",
    "failed_courses": [
      {
        "course_code": "NUS221",
        "original_score": 48.0,
        "semester": "ND-SECOND-YEAR-SECOND-SEMESTER",
        "set": "ND-2024",
        "resit_attempts": 0,
        "best_score": 48.0,
        "status": "Failed"
      },
      {
        "course_code": "NUR221",
        "original_score": 41.0,
        "semester": "ND-SECOND-YEAR-SECOND-SEMESTER",
        "set": "ND-2024",
        "resit_attempts": 0,
        "best_score": 41.0,
        "status": "Failed"
      }
    ],
    "semester": "ND-SECOND-YEAR-SECOND-SEMESTER",
    "set": "ND-2024",
    "identified_date": "2025-11-20 14:57:29",
    "total_resit_attempts": 0,
    "status": "Active",
    "probation_status": false
  },
  {
    "exam_number": "FCTCONS/ND24/138",
    "name": "UCHENNA CHIGOZIE EMMANUEL",
    "failed_courses": [
      {
        "course_code": "NUS221",
        "original_score": 48.0,
        "semester": "ND-SECOND-YEAR-SECOND-SEMESTER",
        "set": "ND-2024",
        "resit_attempts": 0,
        "best_score": 48.0,
        "status": "Failed"
      }
    ],
    "semester": "ND-SECOND-YEAR-SECOND-SEMESTER",
    "set": "ND-2024",
    "identified_date": "2025-11-20 14:57:29",
    "total_resit_attempts": 0,
    "status": "Active",
    "probation_status": false
  },
  {
    "exam_number": "FCTCONS/ND24/140",
    "name": "DONGAH GODSLOVE LODIYA",
    "failed_courses": [
      {
        "course_code": "NUS221",
        "original_score": 48.0,
        "semester": "ND-SECOND-YEAR-SECOND-SEMESTER",
        "set": "ND-2024",
        "resit_attempts": 0,
        "best_score": 48.0,
        "status": "Failed"
      }
    ],
    "semester": "ND-SECOND-YEAR-SECOND-SEMESTER",
    "set": "ND-2024",
    "identified_date": "2025-11-20 14:57:29",
    "total_resit_attempts": 0,
    "status": "Active",
    "probation_status": false
  }
]