[
  {
    "exam_number": "7434",
    "name": "ABDULKADIR MARYAM IKPEMOSIME",
    "failed_courses": [
      {
        "course_code": "GNS 211",
        "original_score": 48.0,
        "semester": "N-SECOND-YEAR-FIRST-SEMESTER",
        "set": "SET47",
        "resit_attempts": 0,
        "best_score": 48.0,
        "status": "Failed"
      },
      {
        "course_code": "GNS 214",
        "original_score": 38.0,
        "semester": "N-SECOND-YEAR-FIRST-SEMESTER",
        "set": "SET47",
        "resit_attempts": 0,
        "best_score": 38.0,
        "status": "Failed"
      },
      {
        "course_code": "GNS 215",
        "original_score": 40.0,
        "semester": "N-SECOND-YEAR-FIRST-SEMESTER",
        "set": "SET47",
        "resit_attempts": 0,
        "best_score": 40.0,
        "status": "Failed"
      }
    ],
    "semester": "N-SECOND-YEAR-FIRST-SEMESTER",
    "set": "SET47",
    "identified_date": "2025-11-11 12:09:11",
    "total_resit_attempts": 0,
    "status": "Active",
    "probation_status": false
  },
  {
    "exam_number": "7440",
    "name": "ABDULSALAM  ZULIEHAT",
    "failed_courses": [
      {
        "course_code": "GNS 212",
        "original_score": 36.0,
        "semester": "N-SECOND-YEAR-FIRST-SEMESTER",
        "set": "SET47",
        "resit_attempts": 0,
        "best_score": 36.0,
        "status": "Failed"
      },
      {
        "course_code": "GNS 218",
        "original_score": 29.0,
        "semester": "N-SECOND-YEAR-FIRST-SEMESTER",
        "set": "SET47",
        "resit_attempts": 0,
        "best_score": 29.0,
        "status": "Failed"
      }
    ],
    "semester": "N-SECOND-YEAR-FIRST-SEMESTER",
    "set": "SET47",
    "identified_date": "2025-11-11 12:09:11",
    "total_resit_attempts": 0,
    "status": "Active",
    "probation_status": false
  },
  {
    "exam_number": "7448",
    "name": "ADEGBEMILE OLUWANIFEMI O.",
    "failed_courses": [
      {
        "course_code": "GNS 213",
        "original_score": 42.0,
        "semester": "N-SECOND-YEAR-FIRST-SEMESTER",
        "set": "SET47",
        "resit_attempts": 0,
        "best_score": 42.0,
        "status": "Failed"
      },
      {
        "course_code": "GNS 216",
        "original_score": 46.0,
        "semester": "N-SECOND-YEAR-FIRST-SEMESTER",
        "set": "SET47",
        "resit_attempts": 0,
        "best_score": 46.0,
        "status": "Failed"
      },
      {
        "course_code": "GNS 218",
        "original_score": 30.0,
        "semester": "N-SECOND-YEAR-FIRST-SEMESTER",
        "set": "SET47",
        "resit_attempts": 0,
        "best_score": 30.0,
        "status": "Failed"
      }
    ],
    "semester": "N-SECOND-YEAR-FIRST-SEMESTER",
    "set": "SET47",
    "identified_date": "2025-11-11 12:09:11",
    "total_resit_attempts": 0,
    "status": "Active",
    "probation_status": false
  },
  {
    "exam_number": "7460",
    "name": "ALHAMDU ISAAC",
    "failed_courses": [
      {
        "course_code": "GNS 214",
        "original_score": 30.0,
        "semester": "N-SECOND-YEAR-FIRST-SEMESTER",
        "set": "SET47",
        "resit_attempts": 0,
        "best_score": 30.0,
        "status": "Failed"
      },
      {
        "course_code": "GNS 218",
        "original_score": 46.0,
        "semester": "N-SECOND-YEAR-FIRST-SEMESTER",
        "set": "SET47",
        "resit_attempts": 0,
        "best_score": 46.0,
        "status": "Failed"
      }
    ],
    "semester": "N-SECOND-YEAR-FIRST-SEMESTER",
    "set": "SET47",
    "identified_date": "2025-11-11 12:09:11",
    "total_resit_attempts": 0,
    "status": "Active",
    "probation_status": false
  },
  {
    "exam_number": "7461",
    "name": "ALHASSAN  FATIMA",
    "failed_courses": [
      {
        "course_code": "GNS 214",
        "original_score": 36.0,
        "semester": "N-SECOND-YEAR-FIRST-SEMESTER",
        "set": "SET47",
        "resit_attempts": 0,
        "best_score": 36.0,
        "status": "Failed"
      },
      {
        "course_code": "GNS 215",
        "original_score": 42.0,
        "semester": "N-SECOND-YEAR-FIRST-SEMESTER",
        "set": "SET47",
        "resit_attempts": 0,
        "best_score": 42.0,
        "status": "Failed"
      },
      {
        "course_code": "GNS 217",
        "original_score": 32.0,
        "semester": "N-SECOND-YEAR-FIRST-SEMESTER",
        "set": "SET47",
        "resit_attempts": 0,
        "best_score": 32.0,
        "status": "Failed"
      }
    ],
    "semester": "N-SECOND-YEAR-FIRST-SEMESTER",
    "set": "SET47",
    "identified_date": "2025-11-11 12:09:11",
    "total_resit_attempts": 0,
    "status": "Active",
    "probation_status": false
  },
  {
    "exam_number": "7463",
    "name": "ALIU MARIA OCHUWA",
    "failed_courses": [
      {
        "course_code": "GNS 213",
        "original_score": 43.0,
        "semester": "N-SECOND-YEAR-FIRST-SEMESTER",
        "set": "SET47",
        "resit_attempts": 0,
        "best_score": 43.0,
        "status": "Failed"
      },
      {
        "course_code": "GNS 216",
        "original_score": 38.0,
        "semester": "N-SECOND-YEAR-FIRST-SEMESTER",
        "set": "SET47",
        "resit_attempts": 0,
        "best_score": 38.0,
        "status": "Failed"
      }
    ],
    "semester": "N-SECOND-YEAR-FIRST-SEMESTER",
    "set": "SET47",
    "identified_date": "2025-11-11 12:09:11",
    "total_resit_attempts": 0,
    "status": "Active",
    "probation_status": false
  },
  {
    "exam_number": "7467",
    "name": "AMADI JULIET OBIANUJUNWA",
    "failed_courses": [
      {
        "course_code": "GNS 212",
        "original_score": 40.0,
        "semester": "N-SECOND-YEAR-FIRST-SEMESTER",
        "set": "SET47",
        "resit_attempts": 0,
        "best_score": 40.0,
        "status": "Failed"
      },
      {
        "course_code": "GNS 213",
        "original_score": 42.0,
        "semester": "N-SECOND-YEAR-FIRST-SEMESTER",
        "set": "SET47",
        "resit_attempts": 0,
        "best_score": 42.0,
        "status": "Failed"
      },
      {
        "course_code": "GNS 217",
        "original_score": 44.0,
        "semester": "N-SECOND-YEAR-FIRST-SEMESTER",
        "set": "SET47",
        "resit_attempts": 0,
        "best_score": 44.0,
        "status": "Failed"
      },
      {
        "course_code": "GNS 218",
        "original_score": 40.0,
        "semester": "N-SECOND-YEAR-FIRST-SEMESTER",
        "set": "SET47",
        "resit_attempts": 0,
        "best_score": 40.0,
        "status": "Failed"
      }
    ],
    "semester": "N-SECOND-YEAR-FIRST-SEMESTER",
    "set": "SET47",
    "identified_date": "2025-11-11 12:09:11",
    "total_resit_attempts": 0,
    "status": "Active",
    "probation_status": false
  },
  {
    "exam_number": "7483",
    "name": "BALA CHRISTOPHER BLAYA",
    "failed_courses": [
      {
        "course_code": "GNS 213",
        "original_score": 34.0,
        "semester": "N-SECOND-YEAR-FIRST-SEMESTER",
        "set": "SET47",
        "resit_attempts": 0,
        "best_score": 34.0,
        "status": "Failed"
      },
      {
        "course_code": "GNS 215",
        "original_score": 32.0,
        "semester": "N-SECOND-YEAR-FIRST-SEMESTER",
        "set": "SET47",
        "resit_attempts": 0,
        "best_score": 32.0,
        "status": "Failed"
      },
      {
        "course_code": "GNS 216",
        "original_score": 14.0,
        "semester": "N-SECOND-YEAR-FIRST-SEMESTER",
        "set": "SET47",
        "resit_attempts": 0,
        "best_score": 14.0,
        "status": "Failed"
      }
    ],
    "semester": "N-SECOND-YEAR-FIRST-SEMESTER",
    "set": "SET47",
    "identified_date": "2025-11-11 12:09:11",
    "total_resit_attempts": 0,
    "status": "Active",
    "probation_status": false
  },
  {
    "exam_number": "7493",
    "name": "DAVID JAMES",
    "failed_courses": [
      {
        "course_code": "GNS 211",
        "original_score": 45.0,
        "semester": "N-SECOND-YEAR-FIRST-SEMESTER",
        "set": "SET47",
        "resit_attempts": 0,
        "best_score": 45.0,
        "status": "Failed"
      },
      {
        "course_code": "GNS 215",
        "original_score": 28.0,
        "semester": "N-SECOND-YEAR-FIRST-SEMESTER",
        "set": "SET47",
        "resit_attempts": 0,
        "best_score": 28.0,
        "status": "Failed"
      },
      {
        "course_code": "GNS 216",
        "original_score": 40.0,
        "semester": "N-SECOND-YEAR-FIRST-SEMESTER",
        "set": "SET47",
        "resit_attempts": 0,
        "best_score": 40.0,
        "status": "Failed"
      }
    ],
    "semester": "N-SECOND-YEAR-FIRST-SEMESTER",
    "set": "SET47",
    "identified_date": "2025-11-11 12:09:11",
    "total_resit_attempts": 0,
    "status": "Active",
    "probation_status": false
  },
  {
    "exam_number": "7497",
    "name": "EBERECHUKWU DIVINE STEPHEN",
    "failed_courses": [
      {
        "course_code": "GNS 212",
        "original_score": 48.0,
        "semester": "N-SECOND-YEAR-FIRST-SEMESTER",
        "set": "SET47",
        "resit_attempts": 0,
        "best_score": 48.0,
        "status": "Failed"
      },
      {
        "course_code": "GNS 215",
        "original_score": 34.0,
        "semester": "N-SECOND-YEAR-FIRST-SEMESTER",
        "set": "SET47",
        "resit_attempts": 0,
        "best_score": 34.0,
        "status": "Failed"
      },
      {
        "course_code": "GNS 216",
        "original_score": 48.0,
        "semester": "N-SECOND-YEAR-FIRST-SEMESTER",
        "set": "SET47",
        "resit_attempts": 0,
        "best_score": 48.0,
        "status": "Failed"
      }
    ],
    "semester": "N-SECOND-YEAR-FIRST-SEMESTER",
    "set": "SET47",
    "identified_date": "2025-11-11 12:09:11",
    "total_resit_attempts": 0,
    "status": "Active",
    "probation_status": false
  },
  {
    "exam_number": "7500",
    "name": "ELOCHUKWU PROMISE ONYINYECHI",
    "failed_courses": [
      {
        "course_code": "GNS 211",
        "original_score": 32.0,
        "semester": "N-SECOND-YEAR-FIRST-SEMESTER",
        "set": "SET47",
        "resit_attempts": 0,
        "best_score": 32.0,
        "status": "Failed"
      },
      {
        "course_code": "GNS 216",
        "original_score": 49.0,
        "semester": "N-SECOND-YEAR-FIRST-SEMESTER",
        "set": "SET47",
        "resit_attempts": 0,
        "best_score": 49.0,
        "status": "Failed"
      },
      {
        "course_code": "GNS 217",
        "original_score": 20.0,
        "semester": "N-SECOND-YEAR-FIRST-SEMESTER",
        "set": "SET47",
        "resit_attempts": 0,
        "best_score": 20.0,
        "status": "Failed"
      },
      {
        "course_code": "GNS 218",
        "original_score": 31.0,
        "semester": "N-SECOND-YEAR-FIRST-SEMESTER",
        "set": "SET47",
        "resit_attempts": 0,
        "best_score": 31.0,
        "status": "Failed"
      }
    ],
    "semester": "N-SECOND-YEAR-FIRST-SEMESTER",
    "set": "SET47",
    "identified_date": "2025-11-11 12:09:11",
    "total_resit_attempts": 0,
    "status": "Active",
    "probation_status": false
  },
  {
    "exam_number": "7516",
    "name": "HASSAN ABUBAKAR",
    "failed_courses": [
      {
        "course_code": "GNS 212",
        "original_score": 22.0,
        "semester": "N-SECOND-YEAR-FIRST-SEMESTER",
        "set": "SET47",
        "resit_attempts": 0,
        "best_score": 22.0,
        "status": "Failed"
      },
      {
        "course_code": "GNS 214",
        "original_score": 33.0,
        "semester": "N-SECOND-YEAR-FIRST-SEMESTER",
        "set": "SET47",
        "resit_attempts": 0,
        "best_score": 33.0,
        "status": "Failed"
      }
    ],
    "semester": "N-SECOND-YEAR-FIRST-SEMESTER",
    "set": "SET47",
    "identified_date": "2025-11-11 12:09:11",
    "total_resit_attempts": 0,
    "status": "Active",
    "probation_status": false
  },
  {
    "exam_number": "7530",
    "name": "ISMAIL RUKAYAT",
    "failed_courses": [
      {
        "course_code": "GNS 214",
        "original_score": 26.0,
        "semester": "N-SECOND-YEAR-FIRST-SEMESTER",
        "set": "SET47",
        "resit_attempts": 0,
        "best_score": 26.0,
        "status": "Failed"
      },
      {
        "course_code": "GNS 215",
        "original_score": 46.0,
        "semester": "N-SECOND-YEAR-FIRST-SEMESTER",
        "set": "SET47",
        "resit_attempts": 0,
        "best_score": 46.0,
        "status": "Failed"
      },
      {
        "course_code": "GNS 216",
        "original_score": 37.0,
        "semester": "N-SECOND-YEAR-FIRST-SEMESTER",
        "set": "SET47",
        "resit_attempts": 0,
        "best_score": 37.0,
        "status": "Failed"
      },
      {
        "course_code": "GNS 218",
        "original_score": 14.0,
        "semester": "N-SECOND-YEAR-FIRST-SEMESTER",
        "set": "SET47",
        "resit_attempts": 0,
        "best_score": 14.0,
        "status": "Failed"
      }
    ],
    "semester": "N-SECOND-YEAR-FIRST-SEMESTER",
    "set": "SET47",
    "identified_date": "2025-11-11 12:09:11",
    "total_resit_attempts": 0,
    "status": "Active",
    "probation_status": false
  },
  {
    "exam_number": "7533",
    "name": "JAMES  ELIJAH",
    "failed_courses": [
      {
        "course_code": "GNS 215",
        "original_score": 29.0,
        "semester": "N-SECOND-YEAR-FIRST-SEMESTER",
        "set": "SET47",
        "resit_attempts": 0,
        "best_score": 29.0,
        "status": "Failed"
      },
      {
        "course_code": "GNS 217",
        "original_score": 44.0,
        "semester": "N-SECOND-YEAR-FIRST-SEMESTER",
        "set": "SET47",
        "resit_attempts": 0,
        "best_score": 44.0,
        "status": "Failed"
      },
      {
        "course_code": "GNS 218",
        "original_score": 34.0,
        "semester": "N-SECOND-YEAR-FIRST-SEMESTER",
        "set": "SET47",
        "resit_attempts": 0,
        "best_score": 34.0,
        "status": "Failed"
      }
    ],
    "semester": "N-SECOND-YEAR-FIRST-SEMESTER",
    "set": "SET47",
    "identified_date": "2025-11-11 12:09:11",
    "total_resit_attempts": 0,
    "status": "Active",
    "probation_status": false
  },
  {
    "exam_number": "7543",
    "name": "LAWAL GLORY IFEOLUWA",
    "failed_courses": [
      {
        "course_code": "GNS 211",
        "original_score": 40.0,
        "semester": "N-SECOND-YEAR-FIRST-SEMESTER",
        "set": "SET47",
        "resit_attempts": 0,
        "best_score": 40.0,
        "status": "Failed"
      },
      {
        "course_code": "GNS 213",
        "original_score": 46.0,
        "semester": "N-SECOND-YEAR-FIRST-SEMESTER",
        "set": "SET47",
        "resit_attempts": 0,
        "best_score": 46.0,
        "status": "Failed"
      },
      {
        "course_code": "GNS 215",
        "original_score": 48.0,
        "semester": "N-SECOND-YEAR-FIRST-SEMESTER",
        "set": "SET47",
        "resit_attempts": 0,
        "best_score": 48.0,
        "status": "Failed"
      },
      {
        "course_code": "GNS 218",
        "original_score": 38.0,
        "semester": "N-SECOND-YEAR-FIRST-SEMESTER",
        "set": "SET47",
        "resit_attempts": 0,
        "best_score": 38.0,
        "status": "Failed"
      }
    ],
    "semester": "N-SECOND-YEAR-FIRST-SEMESTER",
    "set": "SET47",
    "identified_date": "2025-11-11 12:09:11",
    "total_resit_attempts": 0,
    "status": "Active",
    "probation_status": false
  },
  {
    "exam_number": "7544",
    "name": "LAWRENCE  ESTHER AMARACHI",
    "failed_courses": [
      {
        "course_code": "GNS 211",
        "original_score": 20.0,
        "semester": "N-SECOND-YEAR-FIRST-SEMESTER",
        "set": "SET47",
        "resit_attempts": 0,
        "best_score": 20.0,
        "status": "Failed"
      },
      {
        "course_code": "GNS 212",
        "original_score": 39.0,
        "semester": "N-SECOND-YEAR-FIRST-SEMESTER",
        "set": "SET47",
        "resit_attempts": 0,
        "best_score": 39.0,
        "status": "Failed"
      },
      {
        "course_code": "GNS 215",
        "original_score": 33.0,
        "semester": "N-SECOND-YEAR-FIRST-SEMESTER",
        "set": "SET47",
        "resit_attempts": 0,
        "best_score": 33.0,
        "status": "Failed"
      }
    ],
    "semester": "N-SECOND-YEAR-FIRST-SEMESTER",
    "set": "SET47",
    "identified_date": "2025-11-11 12:09:11",
    "total_resit_attempts": 0,
    "status": "Active",
    "probation_status": false
  },
  {
    "exam_number": "7551",
    "name": "MENSAH PRAISE CHIOMA",
    "failed_courses": [
      {
        "course_code": "GNS 212",
        "original_score": 35.0,
        "semester": "N-SECOND-YEAR-FIRST-SEMESTER",
        "set": "SET47",
        "resit_attempts": 0,
        "best_score": 35.0,
        "status": "Failed"
      },
      {
        "course_code": "GNS 214",
        "original_score": 14.0,
        "semester": "N-SECOND-YEAR-FIRST-SEMESTER",
        "set": "SET47",
        "resit_attempts": 0,
        "best_score": 14.0,
        "status": "Failed"
      },
      {
        "course_code": "GNS 215",
        "original_score": 24.0,
        "semester": "N-SECOND-YEAR-FIRST-SEMESTER",
        "set": "SET47",
        "resit_attempts": 0,
        "best_score": 24.0,
        "status": "Failed"
      },
      {
        "course_code": "GNS 217",
        "original_score": 42.0,
        "semester": "N-SECOND-YEAR-FIRST-SEMESTER",
        "set": "SET47",
        "resit_attempts": 0,
        "best_score": 42.0,
        "status": "Failed"
      }
    ],
    "semester": "N-SECOND-YEAR-FIRST-SEMESTER",
    "set": "SET47",
    "identified_date": "2025-11-11 12:09:11",
    "total_resit_attempts": 0,
    "status": "Active",
    "probation_status": false
  },
  {
    "exam_number": "7553",
    "name": "MICHAEL  OGHENEKOME FAVOUR",
    "failed_courses": [
      {
        "course_code": "GNS 212",
        "original_score": 42.0,
        "semester": "N-SECOND-YEAR-FIRST-SEMESTER",
        "set": "SET47",
        "resit_attempts": 0,
        "best_score": 42.0,
        "status": "Failed"
      },
      {
        "course_code": "GNS 214",
        "original_score": 34.0,
        "semester": "N-SECOND-YEAR-FIRST-SEMESTER",
        "set": "SET47",
        "resit_attempts": 0,
        "best_score": 34.0,
        "status": "Failed"
      },
      {
        "course_code": "GNS 215",
        "original_score": 45.0,
        "semester": "N-SECOND-YEAR-FIRST-SEMESTER",
        "set": "SET47",
        "resit_attempts": 0,
        "best_score": 45.0,
        "status": "Failed"
      }
    ],
    "semester": "N-SECOND-YEAR-FIRST-SEMESTER",
    "set": "SET47",
    "identified_date": "2025-11-11 12:09:11",
    "total_resit_attempts": 0,
    "status": "Active",
    "probation_status": false
  },
  {
    "exam_number": "7555",
    "name": "MOHAMMED  SULEIMAN",
    "failed_courses": [
      {
        "course_code": "GNS 212",
        "original_score": 18.0,
        "semester": "N-SECOND-YEAR-FIRST-SEMESTER",
        "set": "SET47",
        "resit_attempts": 0,
        "best_score": 18.0,
        "status": "Failed"
      },
      {
        "course_code": "GNS 213",
        "original_score": 6.0,
        "semester": "N-SECOND-YEAR-FIRST-SEMESTER",
        "set": "SET47",
        "resit_attempts": 0,
        "best_score": 6.0,
        "status": "Failed"
      },
      {
        "course_code": "GNS 214",
        "original_score": 42.0,
        "semester": "N-SECOND-YEAR-FIRST-SEMESTER",
        "set": "SET47",
        "resit_attempts": 0,
        "best_score": 42.0,
        "status": "Failed"
      },
      {
        "course_code": "GNS 215",
        "original_score": 28.0,
        "semester": "N-SECOND-YEAR-FIRST-SEMESTER",
        "set": "SET47",
        "resit_attempts": 0,
        "best_score": 28.0,
        "status": "Failed"
      }
    ],
    "semester": "N-SECOND-YEAR-FIRST-SEMESTER",
    "set": "SET47",
    "identified_date": "2025-11-11 12:09:11",
    "total_resit_attempts": 0,
    "status": "Active",
    "probation_status": true
  },
  {
    "exam_number": "7559",
    "name": "MOSES VICTORY ESHIOFUNE",
    "failed_courses": [
      {
        "course_code": "GNS 211",
        "original_score": 38.0,
        "semester": "N-SECOND-YEAR-FIRST-SEMESTER",
        "set": "SET47",
        "resit_attempts": 0,
        "best_score": 38.0,
        "status": "Failed"
      },
      {
        "course_code": "GNS 212",
        "original_score": 47.0,
        "semester": "N-SECOND-YEAR-FIRST-SEMESTER",
        "set": "SET47",
        "resit_attempts": 0,
        "best_score": 47.0,
        "status": "Failed"
      },
      {
        "course_code": "GNS 214",
        "original_score": 21.0,
        "semester": "N-SECOND-YEAR-FIRST-SEMESTER",
        "set": "SET47",
        "resit_attempts": 0,
        "best_score": 21.0,
        "status": "Failed"
      },
      {
        "course_code": "GNS 215",
        "original_score": 30.0,
        "semester": "N-SECOND-YEAR-FIRST-SEMESTER",
        "set": "SET47",
        "resit_attempts": 0,
        "best_score": 30.0,
        "status": "Failed"
      }
    ],
    "semester": "N-SECOND-YEAR-FIRST-SEMESTER",
    "set": "SET47",
    "identified_date": "2025-11-11 12:09:11",
    "total_resit_attempts": 0,
    "status": "Active",
    "probation_status": false
  },
  {
    "exam_number": "7579",
    "name": "ODEAHAN ITOHAN ABIGAIL",
    "failed_courses": [
      {
        "course_code": "GNS 212",
        "original_score": 40.0,
        "semester": "N-SECOND-YEAR-FIRST-SEMESTER",
        "set": "SET47",
        "resit_attempts": 0,
        "best_score": 40.0,
        "status": "Failed"
      },
      {
        "course_code": "GNS 216",
        "original_score": 30.0,
        "semester": "N-SECOND-YEAR-FIRST-SEMESTER",
        "set": "SET47",
        "resit_attempts": 0,
        "best_score": 30.0,
        "status": "Failed"
      },
      {
        "course_code": "GNS 217",
        "original_score": 34.0,
        "semester": "N-SECOND-YEAR-FIRST-SEMESTER",
        "set": "SET47",
        "resit_attempts": 0,
        "best_score": 34.0,
        "status": "Failed"
      }
    ],
    "semester": "N-SECOND-YEAR-FIRST-SEMESTER",
    "set": "SET47",
    "identified_date": "2025-11-11 12:09:11",
    "total_resit_attempts": 0,
    "status": "Active",
    "probation_status": false
  },
  {
    "exam_number": "7581",
    "name": "OKAM BELIEVE  ONENO",
    "failed_courses": [
      {
        "course_code": "GNS 211",
        "original_score": 42.0,
        "semester": "N-SECOND-YEAR-FIRST-SEMESTER",
        "set": "SET47",
        "resit_attempts": 0,
        "best_score": 42.0,
        "status": "Failed"
      },
      {
        "course_code": "GNS 214",
        "original_score": 44.0,
        "semester": "N-SECOND-YEAR-FIRST-SEMESTER",
        "set": "SET47",
        "resit_attempts": 0,
        "best_score": 44.0,
        "status": "Failed"
      },
      {
        "course_code": "GNS 215",
        "original_score": 26.0,
        "semester": "N-SECOND-YEAR-FIRST-SEMESTER",
        "set": "SET47",
        "resit_attempts": 0,
        "best_score": 26.0,
        "status": "Failed"
      },
      {
        "course_code": "GNS 217",
        "original_score": 43.0,
        "semester": "N-SECOND-YEAR-FIRST-SEMESTER",
        "set": "SET47",
        "resit_attempts": 0,
        "best_score": 43.0,
        "status": "Failed"
      }
    ],
    "semester": "N-SECOND-YEAR-FIRST-SEMESTER",
    "set": "SET47",
    "identified_date": "2025-11-11 12:09:11",
    "total_resit_attempts": 0,
    "status": "Active",
    "probation_status": false
  },
  {
    "exam_number": "7593",
    "name": "OSIPITAN ESTHER ARIBIYO",
    "failed_courses": [
      {
        "course_code": "GNS 215",
        "original_score": 45.0,
        "semester": "N-SECOND-YEAR-FIRST-SEMESTER",
        "set": "SET47",
        "resit_attempts": 0,
        "best_score": 45.0,
        "status": "Failed"
      },
      {
        "course_code": "GNS 216",
        "original_score": 39.0,
        "semester": "N-SECOND-YEAR-FIRST-SEMESTER",
        "set": "SET47",
        "resit_attempts": 0,
        "best_score": 39.0,
        "status": "Failed"
      },
      {
        "course_code": "GNS 217",
        "original_score": 30.0,
        "semester": "N-SECOND-YEAR-FIRST-SEMESTER",
        "set": "SET47",
        "resit_attempts": 0,
        "best_score": 30.0,
        "status": "Failed"
      },
      {
        "course_code": "GNS 218",
        "original_score": 31.0,
        "semester": "N-SECOND-YEAR-FIRST-SEMESTER",
        "set": "SET47",
        "resit_attempts": 0,
        "best_score": 31.0,
        "status": "Failed"
      }
    ],
    "semester": "N-SECOND-YEAR-FIRST-SEMESTER",
    "set": "SET47",
    "identified_date": "2025-11-11 12:09:11",
    "total_resit_attempts": 0,
    "status": "Active",
    "probation_status": false
  },
  {
    "exam_number": "7605",
    "name": "SAMSON ERNEST ALLU",
    "failed_courses": [
      {
        "course_code": "GNS 215",
        "original_score": 30.0,
        "semester": "N-SECOND-YEAR-FIRST-SEMESTER",
        "set": "SET47",
        "resit_attempts": 0,
        "best_score": 30.0,
        "status": "Failed"
      },
      {
        "course_code": "GNS 217",
        "original_score": 31.0,
        "semester": "N-SECOND-YEAR-FIRST-SEMESTER",
        "set": "SET47",
        "resit_attempts": 0,
        "best_score": 31.0,
        "status": "Failed"
      }
    ],
    "semester": "N-SECOND-YEAR-FIRST-SEMESTER",
    "set": "SET47",
    "identified_date": "2025-11-11 12:09:11",
    "total_resit_attempts": 0,
    "status": "Active",
    "probation_status": false
  },
  {
    "exam_number": "7607",
    "name": "SANUSI MABEL",
    "failed_courses": [
      {
        "course_code": "GNS 212",
        "original_score": 40.0,
        "semester": "N-SECOND-YEAR-FIRST-SEMESTER",
        "set": "SET47",
        "resit_attempts": 0,
        "best_score": 40.0,
        "status": "Failed"
      },
      {
        "course_code": "GNS 214",
        "original_score": 36.0,
        "semester": "N-SECOND-YEAR-FIRST-SEMESTER",
        "set": "SET47",
        "resit_attempts": 0,
        "best_score": 36.0,
        "status": "Failed"
      },
      {
        "course_code": "GNS 218",
        "original_score": 20.0,
        "semester": "N-SECOND-YEAR-FIRST-SEMESTER",
        "set": "SET47",
        "resit_attempts": 0,
        "best_score": 20.0,
        "status": "Failed"
      }
    ],
    "semester": "N-SECOND-YEAR-FIRST-SEMESTER",
    "set": "SET47",
    "identified_date": "2025-11-11 12:09:11",
    "total_resit_attempts": 0,
    "status": "Active",
    "probation_status": false
  },
  {
    "exam_number": "7617",
    "name": "TAIWO HOPE",
    "failed_courses": [
      {
        "course_code": "GNS 216",
        "original_score": 42.0,
        "semester": "N-SECOND-YEAR-FIRST-SEMESTER",
        "set": "SET47",
        "resit_attempts": 0,
        "best_score": 42.0,
        "status": "Failed"
      },
      {
        "course_code": "GNS 217",
        "original_score": 37.0,
        "semester": "N-SECOND-YEAR-FIRST-SEMESTER",
        "set": "SET47",
        "resit_attempts": 0,
        "best_score": 37.0,
        "status": "Failed"
      },
      {
        "course_code": "GNS 218",
        "original_score": 34.0,
        "semester": "N-SECOND-YEAR-FIRST-SEMESTER",
        "set": "SET47",
        "resit_attempts": 0,
        "best_score": 34.0,
        "status": "Failed"
      }
    ],
    "semester": "N-SECOND-YEAR-FIRST-SEMESTER",
    "set": "SET47",
    "identified_date": "2025-11-11 12:09:11",
    "total_resit_attempts": 0,
    "status": "Active",
    "probation_status": false
  },
  {
    "exam_number": "7618",
    "name": "THEOPHILUS BUKOLA CHRYSOPRASE",
    "failed_courses": [
      {
        "course_code": "GNS 212",
        "original_score": 9.0,
        "semester": "N-SECOND-YEAR-FIRST-SEMESTER",
        "set": "SET47",
        "resit_attempts": 0,
        "best_score": 9.0,
        "status": "Failed"
      },
      {
        "course_code": "GNS 213",
        "original_score": 42.0,
        "semester": "N-SECOND-YEAR-FIRST-SEMESTER",
        "set": "SET47",
        "resit_attempts": 0,
        "best_score": 42.0,
        "status": "Failed"
      },
      {
        "course_code": "GNS 215",
        "original_score": 26.0,
        "semester": "N-SECOND-YEAR-FIRST-SEMESTER",
        "set": "SET47",
        "resit_attempts": 0,
        "best_score": 26.0,
        "status": "Failed"
      },
      {
        "course_code": "GNS 216",
        "original_score": 32.0,
        "semester": "N-SECOND-YEAR-FIRST-SEMESTER",
        "set": "SET47",
        "resit_attempts": 0,
        "best_score": 32.0,
        "status": "Failed"
      }
    ],
    "semester": "N-SECOND-YEAR-FIRST-SEMESTER",
    "set": "SET47",
    "identified_date": "2025-11-11 12:09:11",
    "total_resit_attempts": 0,
    "status": "Active",
    "probation_status": false
  }
]