[
  {
    "exam_number": "7460",
    "name": "ALHAMDU ISAAC",
    "failed_courses": [
      {
        "course_code": "GNS221",
        "original_score": 28.0,
        "semester": "N-SECOND-YEAR-SECOND-SEMESTER",
        "set": "SET47",
        "resit_attempts": 0,
        "best_score": 28.0,
        "status": "Failed"
      },
      {
        "course_code": "GNS222",
        "original_score": 22.0,
        "semester": "N-SECOND-YEAR-SECOND-SEMESTER",
        "set": "SET47",
        "resit_attempts": 0,
        "best_score": 22.0,
        "status": "Failed"
      },
      {
        "course_code": "GNS224",
        "original_score": 18.0,
        "semester": "N-SECOND-YEAR-SECOND-SEMESTER",
        "set": "SET47",
        "resit_attempts": 0,
        "best_score": 18.0,
        "status": "Failed"
      },
      {
        "course_code": "GNS228",
        "original_score": 12.0,
        "semester": "N-SECOND-YEAR-SECOND-SEMESTER",
        "set": "SET47",
        "resit_attempts": 0,
        "best_score": 12.0,
        "status": "Failed"
      }
    ],
    "semester": "N-SECOND-YEAR-SECOND-SEMESTER",
    "set": "SET47",
    "identified_date": "2025-11-11 12:09:14",
    "total_resit_attempts": 0,
    "status": "Active",
    "probation_status": true
  },
  {
    "exam_number": "7461",
    "name": "ALHASSAN  FATIMA",
    "failed_courses": [
      {
        "course_code": "GNS228",
        "original_score": 24.0,
        "semester": "N-SECOND-YEAR-SECOND-SEMESTER",
        "set": "SET47",
        "resit_attempts": 0,
        "best_score": 24.0,
        "status": "Failed"
      },
      {
        "course_code": "GST221",
        "original_score": 48.0,
        "semester": "N-SECOND-YEAR-SECOND-SEMESTER",
        "set": "SET47",
        "resit_attempts": 0,
        "best_score": 48.0,
        "status": "Failed"
      }
    ],
    "semester": "N-SECOND-YEAR-SECOND-SEMESTER",
    "set": "SET47",
    "identified_date": "2025-11-11 12:09:14",
    "total_resit_attempts": 0,
    "status": "Active",
    "probation_status": false
  },
  {
    "exam_number": "7463",
    "name": "ALIU MARIA OCHUWA",
    "failed_courses": [
      {
        "course_code": "GNS224",
        "original_score": 44.0,
        "semester": "N-SECOND-YEAR-SECOND-SEMESTER",
        "set": "SET47",
        "resit_attempts": 0,
        "best_score": 44.0,
        "status": "Failed"
      }
    ],
    "semester": "N-SECOND-YEAR-SECOND-SEMESTER",
    "set": "SET47",
    "identified_date": "2025-11-11 12:09:14",
    "total_resit_attempts": 0,
    "status": "Active",
    "probation_status": false
  },
  {
    "exam_number": "7467",
    "name": "AMADI JULIET OBIANUJUNWA",
    "failed_courses": [
      {
        "course_code": "GNS224",
        "original_score": 44.0,
        "semester": "N-SECOND-YEAR-SECOND-SEMESTER",
        "set": "SET47",
        "resit_attempts": 0,
        "best_score": 44.0,
        "status": "Failed"
      },
      {
        "course_code": "GNS225",
        "original_score": 19.0,
        "semester": "N-SECOND-YEAR-SECOND-SEMESTER",
        "set": "SET47",
        "resit_attempts": 0,
        "best_score": 19.0,
        "status": "Failed"
      },
      {
        "course_code": "GNS226",
        "original_score": 44.0,
        "semester": "N-SECOND-YEAR-SECOND-SEMESTER",
        "set": "SET47",
        "resit_attempts": 0,
        "best_score": 44.0,
        "status": "Failed"
      },
      {
        "course_code": "GNS228",
        "original_score": 18.0,
        "semester": "N-SECOND-YEAR-SECOND-SEMESTER",
        "set": "SET47",
        "resit_attempts": 0,
        "best_score": 18.0,
        "status": "Failed"
      }
    ],
    "semester": "N-SECOND-YEAR-SECOND-SEMESTER",
    "set": "SET47",
    "identified_date": "2025-11-11 12:09:14",
    "total_resit_attempts": 0,
    "status": "Active",
    "probation_status": false
  },
  {
    "exam_number": "7483",
    "name": "BALA CHRISTOPHER BLAYA",
    "failed_courses": [
      {
        "course_code": "GNS221",
        "original_score": 47.0,
        "semester": "N-SECOND-YEAR-SECOND-SEMESTER",
        "set": "SET47",
        "resit_attempts": 0,
        "best_score": 47.0,
        "status": "Failed"
      },
      {
        "course_code": "GNS222",
        "original_score": 46.0,
        "semester": "N-SECOND-YEAR-SECOND-SEMESTER",
        "set": "SET47",
        "resit_attempts": 0,
        "best_score": 46.0,
        "status": "Failed"
      },
      {
        "course_code": "GNS228",
        "original_score": 46.0,
        "semester": "N-SECOND-YEAR-SECOND-SEMESTER",
        "set": "SET47",
        "resit_attempts": 0,
        "best_score": 46.0,
        "status": "Failed"
      }
    ],
    "semester": "N-SECOND-YEAR-SECOND-SEMESTER",
    "set": "SET47",
    "identified_date": "2025-11-11 12:09:14",
    "total_resit_attempts": 0,
    "status": "Active",
    "probation_status": false
  },
  {
    "exam_number": "7497",
    "name": "EBERECHUKWU DIVINE STEPHEN",
    "failed_courses": [
      {
        "course_code": "GNS221",
        "original_score": 48.0,
        "semester": "N-SECOND-YEAR-SECOND-SEMESTER",
        "set": "SET47",
        "resit_attempts": 0,
        "best_score": 48.0,
        "status": "Failed"
      },
      {
        "course_code": "GNS223",
        "original_score": 46.0,
        "semester": "N-SECOND-YEAR-SECOND-SEMESTER",
        "set": "SET47",
        "resit_attempts": 0,
        "best_score": 46.0,
        "status": "Failed"
      },
      {
        "course_code": "GNS224",
        "original_score": 35.0,
        "semester": "N-SECOND-YEAR-SECOND-SEMESTER",
        "set": "SET47",
        "resit_attempts": 0,
        "best_score": 35.0,
        "status": "Failed"
      },
      {
        "course_code": "GNS227",
        "original_score": 42.0,
        "semester": "N-SECOND-YEAR-SECOND-SEMESTER",
        "set": "SET47",
        "resit_attempts": 0,
        "best_score": 42.0,
        "status": "Failed"
      },
      {
        "course_code": "GNS228",
        "original_score": 48.0,
        "semester": "N-SECOND-YEAR-SECOND-SEMESTER",
        "set": "SET47",
        "resit_attempts": 0,
        "best_score": 48.0,
        "status": "Failed"
      }
    ],
    "semester": "N-SECOND-YEAR-SECOND-SEMESTER",
    "set": "SET47",
    "identified_date": "2025-11-11 12:09:14",
    "total_resit_attempts": 0,
    "status": "Active",
    "probation_status": false
  },
  {
    "exam_number": "7500",
    "name": "ELOCHUKWU PROMISE ONYINYECHI",
    "failed_courses": [
      {
        "course_code": "GNS224",
        "original_score": 36.0,
        "semester": "N-SECOND-YEAR-SECOND-SEMESTER",
        "set": "SET47",
        "resit_attempts": 0,
        "best_score": 36.0,
        "status": "Failed"
      },
      {
        "course_code": "GNS225",
        "original_score": 18.0,
        "semester": "N-SECOND-YEAR-SECOND-SEMESTER",
        "set": "SET47",
        "resit_attempts": 0,
        "best_score": 18.0,
        "status": "Failed"
      }
    ],
    "semester": "N-SECOND-YEAR-SECOND-SEMESTER",
    "set": "SET47",
    "identified_date": "2025-11-11 12:09:14",
    "total_resit_attempts": 0,
    "status": "Active",
    "probation_status": false
  },
  {
    "exam_number": "7516",
    "name": "HASSAN ABUBAKAR",
    "failed_courses": [
      {
        "course_code": "GNS221",
        "original_score": 41.0,
        "semester": "N-SECOND-YEAR-SECOND-SEMESTER",
        "set": "SET47",
        "resit_attempts": 0,
        "best_score": 41.0,
        "status": "Failed"
      },
      {
        "course_code": "GNS222",
        "original_score": 32.0,
        "semester": "N-SECOND-YEAR-SECOND-SEMESTER",
        "set": "SET47",
        "resit_attempts": 0,
        "best_score": 32.0,
        "status": "Failed"
      },
      {
        "course_code": "GNS225",
        "original_score": 38.0,
        "semester": "N-SECOND-YEAR-SECOND-SEMESTER",
        "set": "SET47",
        "resit_attempts": 0,
        "best_score": 38.0,
        "status": "Failed"
      },
      {
        "course_code": "GNS228",
        "original_score": 34.0,
        "semester": "N-SECOND-YEAR-SECOND-SEMESTER",
        "set": "SET47",
        "resit_attempts": 0,
        "best_score": 34.0,
        "status": "Failed"
      }
    ],
    "semester": "N-SECOND-YEAR-SECOND-SEMESTER",
    "set": "SET47",
    "identified_date": "2025-11-11 12:09:14",
    "total_resit_attempts": 0,
    "status": "Active",
    "probation_status": false
  },
  {
    "exam_number": "7530",
    "name": "ISMAIL RUKAYAT",
    "failed_courses": [
      {
        "course_code": "GNS222",
        "original_score": 40.0,
        "semester": "N-SECOND-YEAR-SECOND-SEMESTER",
        "set": "SET47",
        "resit_attempts": 0,
        "best_score": 40.0,
        "status": "Failed"
      },
      {
        "course_code": "GNS223",
        "original_score": 45.0,
        "semester": "N-SECOND-YEAR-SECOND-SEMESTER",
        "set": "SET47",
        "resit_attempts": 0,
        "best_score": 45.0,
        "status": "Failed"
      },
      {
        "course_code": "GNS226",
        "original_score": 39.0,
        "semester": "N-SECOND-YEAR-SECOND-SEMESTER",
        "set": "SET47",
        "resit_attempts": 0,
        "best_score": 39.0,
        "status": "Failed"
      },
      {
        "course_code": "GNS228",
        "original_score": 48.0,
        "semester": "N-SECOND-YEAR-SECOND-SEMESTER",
        "set": "SET47",
        "resit_attempts": 0,
        "best_score": 48.0,
        "status": "Failed"
      }
    ],
    "semester": "N-SECOND-YEAR-SECOND-SEMESTER",
    "set": "SET47",
    "identified_date": "2025-11-11 12:09:14",
    "total_resit_attempts": 0,
    "status": "Active",
    "probation_status": false
  },
  {
    "exam_number": "7543",
    "name": "LAWAL GLORY IFEOLUWA",
    "failed_courses": [
      {
        "course_code": "GNS221",
        "original_score": 10.0,
        "semester": "N-SECOND-YEAR-SECOND-SEMESTER",
        "set": "SET47",
        "resit_attempts": 0,
        "best_score": 10.0,
        "status": "Failed"
      },
      {
        "course_code": "GNS222",
        "original_score": 34.0,
        "semester": "N-SECOND-YEAR-SECOND-SEMESTER",
        "set": "SET47",
        "resit_attempts": 0,
        "best_score": 34.0,
        "status": "Failed"
      }
    ],
    "semester": "N-SECOND-YEAR-SECOND-SEMESTER",
    "set": "SET47",
    "identified_date": "2025-11-11 12:09:14",
    "total_resit_attempts": 0,
    "status": "Active",
    "probation_status": false
  },
  {
    "exam_number": "7553",
    "name": "MICHAEL  OGHENEKOME FAVOUR",
    "failed_courses": [
      {
        "course_code": "GNS224",
        "original_score": 47.0,
        "semester": "N-SECOND-YEAR-SECOND-SEMESTER",
        "set": "SET47",
        "resit_attempts": 0,
        "best_score": 47.0,
        "status": "Failed"
      },
      {
        "course_code": "GNS225",
        "original_score": 48.0,
        "semester": "N-SECOND-YEAR-SECOND-SEMESTER",
        "set": "SET47",
        "resit_attempts": 0,
        "best_score": 48.0,
        "status": "Failed"
      }
    ],
    "semester": "N-SECOND-YEAR-SECOND-SEMESTER",
    "set": "SET47",
    "identified_date": "2025-11-11 12:09:14",
    "total_resit_attempts": 0,
    "status": "Active",
    "probation_status": false
  },
  {
    "exam_number": "7579",
    "name": "ODEAHAN ITOHAN ABIGAIL",
    "failed_courses": [
      {
        "course_code": "GNS224",
        "original_score": 46.0,
        "semester": "N-SECOND-YEAR-SECOND-SEMESTER",
        "set": "SET47",
        "resit_attempts": 0,
        "best_score": 46.0,
        "status": "Failed"
      },
      {
        "course_code": "GNS226",
        "original_score": 5.0,
        "semester": "N-SECOND-YEAR-SECOND-SEMESTER",
        "set": "SET47",
        "resit_attempts": 0,
        "best_score": 5.0,
        "status": "Failed"
      },
      {
        "course_code": "GNS227",
        "original_score": 40.0,
        "semester": "N-SECOND-YEAR-SECOND-SEMESTER",
        "set": "SET47",
        "resit_attempts": 0,
        "best_score": 40.0,
        "status": "Failed"
      }
    ],
    "semester": "N-SECOND-YEAR-SECOND-SEMESTER",
    "set": "SET47",
    "identified_date": "2025-11-11 12:09:14",
    "total_resit_attempts": 0,
    "status": "Active",
    "probation_status": false
  },
  {
    "exam_number": "7581",
    "name": "OKAM BELIEVE  ONENO",
    "failed_courses": [
      {
        "course_code": "GNS228",
        "original_score": 44.0,
        "semester": "N-SECOND-YEAR-SECOND-SEMESTER",
        "set": "SET47",
        "resit_attempts": 0,
        "best_score": 44.0,
        "status": "Failed"
      }
    ],
    "semester": "N-SECOND-YEAR-SECOND-SEMESTER",
    "set": "SET47",
    "identified_date": "2025-11-11 12:09:14",
    "total_resit_attempts": 0,
    "status": "Active",
    "probation_status": false
  },
  {
    "exam_number": "7605",
    "name": "SAMSON ERNEST ALLU",
    "failed_courses": [
      {
        "course_code": "GNS223",
        "original_score": 46.0,
        "semester": "N-SECOND-YEAR-SECOND-SEMESTER",
        "set": "SET47",
        "resit_attempts": 0,
        "best_score": 46.0,
        "status": "Failed"
      },
      {
        "course_code": "GNS224",
        "original_score": 43.0,
        "semester": "N-SECOND-YEAR-SECOND-SEMESTER",
        "set": "SET47",
        "resit_attempts": 0,
        "best_score": 43.0,
        "status": "Failed"
      },
      {
        "course_code": "GNS226",
        "original_score": 40.0,
        "semester": "N-SECOND-YEAR-SECOND-SEMESTER",
        "set": "SET47",
        "resit_attempts": 0,
        "best_score": 40.0,
        "status": "Failed"
      },
      {
        "course_code": "GNS227",
        "original_score": 32.0,
        "semester": "N-SECOND-YEAR-SECOND-SEMESTER",
        "set": "SET47",
        "resit_attempts": 0,
        "best_score": 32.0,
        "status": "Failed"
      }
    ],
    "semester": "N-SECOND-YEAR-SECOND-SEMESTER",
    "set": "SET47",
    "identified_date": "2025-11-11 12:09:14",
    "total_resit_attempts": 0,
    "status": "Active",
    "probation_status": false
  },
  {
    "exam_number": "7618",
    "name": "THEOPHILUS BUKOLA CHRYSOPRASE",
    "failed_courses": [
      {
        "course_code": "GNS221",
        "original_score": 10.0,
        "semester": "N-SECOND-YEAR-SECOND-SEMESTER",
        "set": "SET47",
        "resit_attempts": 0,
        "best_score": 10.0,
        "status": "Failed"
      },
      {
        "course_code": "GNS223",
        "original_score": 48.0,
        "semester": "N-SECOND-YEAR-SECOND-SEMESTER",
        "set": "SET47",
        "resit_attempts": 0,
        "best_score": 48.0,
        "status": "Failed"
      },
      {
        "course_code": "GNS226",
        "original_score": 36.0,
        "semester": "N-SECOND-YEAR-SECOND-SEMESTER",
        "set": "SET47",
        "resit_attempts": 0,
        "best_score": 36.0,
        "status": "Failed"
      },
      {
        "course_code": "GNS228",
        "original_score": 40.0,
        "semester": "N-SECOND-YEAR-SECOND-SEMESTER",
        "set": "SET47",
        "resit_attempts": 0,
        "best_score": 40.0,
        "status": "Failed"
      }
    ],
    "semester": "N-SECOND-YEAR-SECOND-SEMESTER",
    "set": "SET47",
    "identified_date": "2025-11-11 12:09:14",
    "total_resit_attempts": 0,
    "status": "Active",
    "probation_status": false
  }
]