[
  {
    "exam_number": "FCTCONS/ND23/124",
    "name": "UMAR FARUK ZAINAB",
    "failed_courses": [
      {
        "course_code": "NUR214",
        "original_score": 44.0,
        "semester": "ND-SECOND-YEAR-FIRST-SEMESTER",
        "set": "ND-2024",
        "resit_attempts": 0,
        "best_score": 44.0,
        "status": "Failed"
      },
      {
        "course_code": "Total Registered CU",
        "original_score": 25.0,
        "semester": "ND-SECOND-YEAR-FIRST-SEMESTER",
        "set": "ND-2024",
        "resit_attempts": 0,
        "best_score": 25.0,
        "status": "Failed"
      },
      {
        "course_code": "PREVIOUS CGPA",
        "original_score": 2.25,
        "semester": "ND-SECOND-YEAR-FIRST-SEMESTER",
        "set": "ND-2024",
        "resit_attempts": 0,
        "best_score": 2.25,
        "status": "Failed"
      },
      {
        "course_code": "CURRENT CGPA",
        "original_score": 2.32,
        "semester": "ND-SECOND-YEAR-FIRST-SEMESTER",
        "set": "ND-2024",
        "resit_attempts": 0,
        "best_score": 2.32,
        "status": "Failed"
      }
    ],
    "semester": "ND-SECOND-YEAR-FIRST-SEMESTER",
    "set": "ND-2024",
    "identified_date": "2025-12-20 19:41:39",
    "total_resit_attempts": 0,
    "status": "Active",
    "probation_status": false
  }
]