[
  {
    "exam_number": "FCTCONS/ND23/003",
    "name": "AKINYEMI OSIEKAFORE ESTHER",
    "failed_courses": [
      {
        "course_code": "NUR111",
        "original_score": 45.0,
        "semester": "ND-FIRST-YEAR-FIRST-SEMESTER",
        "set": "ND-2024",
        "resit_attempts": 0,
        "best_score": 45.0,
        "status": "Failed"
      },
      {
        "course_code": "Total Registered CU",
        "original_score": 25.0,
        "semester": "ND-FIRST-YEAR-FIRST-SEMESTER",
        "set": "ND-2024",
        "resit_attempts": 0,
        "best_score": 25.0,
        "status": "Failed"
      },
      {
        "course_code": "CURRENT CGPA",
        "original_score": 2.44,
        "semester": "ND-FIRST-YEAR-FIRST-SEMESTER",
        "set": "ND-2024",
        "resit_attempts": 0,
        "best_score": 2.44,
        "status": "Failed"
      }
    ],
    "semester": "ND-FIRST-YEAR-FIRST-SEMESTER",
    "set": "ND-2024",
    "identified_date": "2025-12-20 19:41:29",
    "total_resit_attempts": 0,
    "status": "Active",
    "probation_status": false
  },
  {
    "exam_number": "FCTCONS/ND23/004",
    "name": "OFIKWU MARTHA OGWA",
    "failed_courses": [
      {
        "course_code": "NUR111",
        "original_score": 45.0,
        "semester": "ND-FIRST-YEAR-FIRST-SEMESTER",
        "set": "ND-2024",
        "resit_attempts": 0,
        "best_score": 45.0,
        "status": "Failed"
      },
      {
        "course_code": "Total Registered CU",
        "original_score": 25.0,
        "semester": "ND-FIRST-YEAR-FIRST-SEMESTER",
        "set": "ND-2024",
        "resit_attempts": 0,
        "best_score": 25.0,
        "status": "Failed"
      },
      {
        "course_code": "CURRENT CGPA",
        "original_score": 3.04,
        "semester": "ND-FIRST-YEAR-FIRST-SEMESTER",
        "set": "ND-2024",
        "resit_attempts": 0,
        "best_score": 3.04,
        "status": "Failed"
      }
    ],
    "semester": "ND-FIRST-YEAR-FIRST-SEMESTER",
    "set": "ND-2024",
    "identified_date": "2025-12-20 19:41:29",
    "total_resit_attempts": 0,
    "status": "Active",
    "probation_status": false
  },
  {
    "exam_number": "FCTCONS/ND23/009",
    "name": "ORAKWUE CHIZITELU SHARON",
    "failed_courses": [
      {
        "course_code": "GNS102",
        "original_score": 39.0,
        "semester": "ND-FIRST-YEAR-FIRST-SEMESTER",
        "set": "ND-2024",
        "resit_attempts": 0,
        "best_score": 39.0,
        "status": "Failed"
      },
      {
        "course_code": "NUS113",
        "original_score": 45.0,
        "semester": "ND-FIRST-YEAR-FIRST-SEMESTER",
        "set": "ND-2024",
        "resit_attempts": 0,
        "best_score": 45.0,
        "status": "Failed"
      },
      {
        "course_code": "NUS114",
        "original_score": 41.0,
        "semester": "ND-FIRST-YEAR-FIRST-SEMESTER",
        "set": "ND-2024",
        "resit_attempts": 0,
        "best_score": 41.0,
        "status": "Failed"
      },
      {
        "course_code": "Total Registered CU",
        "original_score": 25.0,
        "semester": "ND-FIRST-YEAR-FIRST-SEMESTER",
        "set": "ND-2024",
        "resit_attempts": 0,
        "best_score": 25.0,
        "status": "Failed"
      },
      {
        "course_code": "CURRENT CGPA",
        "original_score": 1.84,
        "semester": "ND-FIRST-YEAR-FIRST-SEMESTER",
        "set": "ND-2024",
        "resit_attempts": 0,
        "best_score": 1.84,
        "status": "Failed"
      }
    ],
    "semester": "ND-FIRST-YEAR-FIRST-SEMESTER",
    "set": "ND-2024",
    "identified_date": "2025-12-20 19:41:29",
    "total_resit_attempts": 0,
    "status": "Active",
    "probation_status": true
  },
  {
    "exam_number": "FCTCONS/ND23/010",
    "name": "OGUNDELE ADEDAMOLA BOLUWATIFE",
    "failed_courses": [
      {
        "course_code": "NUS112",
        "original_score": 46.0,
        "semester": "ND-FIRST-YEAR-FIRST-SEMESTER",
        "set": "ND-2024",
        "resit_attempts": 0,
        "best_score": 46.0,
        "status": "Failed"
      },
      {
        "course_code": "GNS111",
        "original_score": 46.0,
        "semester": "ND-FIRST-YEAR-FIRST-SEMESTER",
        "set": "ND-2024",
        "resit_attempts": 0,
        "best_score": 46.0,
        "status": "Failed"
      },
      {
        "course_code": "Total Registered CU",
        "original_score": 25.0,
        "semester": "ND-FIRST-YEAR-FIRST-SEMESTER",
        "set": "ND-2024",
        "resit_attempts": 0,
        "best_score": 25.0,
        "status": "Failed"
      },
      {
        "course_code": "CURRENT CGPA",
        "original_score": 2.28,
        "semester": "ND-FIRST-YEAR-FIRST-SEMESTER",
        "set": "ND-2024",
        "resit_attempts": 0,
        "best_score": 2.28,
        "status": "Failed"
      }
    ],
    "semester": "ND-FIRST-YEAR-FIRST-SEMESTER",
    "set": "ND-2024",
    "identified_date": "2025-12-20 19:41:29",
    "total_resit_attempts": 0,
    "status": "Active",
    "probation_status": false
  },
  {
    "exam_number": "FCTCONS/ND23/015",
    "name": "AYIM FAITH",
    "failed_courses": [
      {
        "course_code": "NUR111",
        "original_score": 44.0,
        "semester": "ND-FIRST-YEAR-FIRST-SEMESTER",
        "set": "ND-2024",
        "resit_attempts": 0,
        "best_score": 44.0,
        "status": "Failed"
      },
      {
        "course_code": "Total Registered CU",
        "original_score": 25.0,
        "semester": "ND-FIRST-YEAR-FIRST-SEMESTER",
        "set": "ND-2024",
        "resit_attempts": 0,
        "best_score": 25.0,
        "status": "Failed"
      },
      {
        "course_code": "CURRENT CGPA",
        "original_score": 1.68,
        "semester": "ND-FIRST-YEAR-FIRST-SEMESTER",
        "set": "ND-2024",
        "resit_attempts": 0,
        "best_score": 1.68,
        "status": "Failed"
      }
    ],
    "semester": "ND-FIRST-YEAR-FIRST-SEMESTER",
    "set": "ND-2024",
    "identified_date": "2025-12-20 19:41:29",
    "total_resit_attempts": 0,
    "status": "Active",
    "probation_status": true
  },
  {
    "exam_number": "FCTCONS/ND23/016",
    "name": "UGWU PATIENCE CHINYENYE",
    "failed_courses": [
      {
        "course_code": "NUR111",
        "original_score": 40.0,
        "semester": "ND-FIRST-YEAR-FIRST-SEMESTER",
        "set": "ND-2024",
        "resit_attempts": 0,
        "best_score": 40.0,
        "status": "Failed"
      },
      {
        "course_code": "GNS111",
        "original_score": 45.0,
        "semester": "ND-FIRST-YEAR-FIRST-SEMESTER",
        "set": "ND-2024",
        "resit_attempts": 0,
        "best_score": 45.0,
        "status": "Failed"
      },
      {
        "course_code": "Total Registered CU",
        "original_score": 25.0,
        "semester": "ND-FIRST-YEAR-FIRST-SEMESTER",
        "set": "ND-2024",
        "resit_attempts": 0,
        "best_score": 25.0,
        "status": "Failed"
      },
      {
        "course_code": "CURRENT CGPA",
        "original_score": 1.84,
        "semester": "ND-FIRST-YEAR-FIRST-SEMESTER",
        "set": "ND-2024",
        "resit_attempts": 0,
        "best_score": 1.84,
        "status": "Failed"
      }
    ],
    "semester": "ND-FIRST-YEAR-FIRST-SEMESTER",
    "set": "ND-2024",
    "identified_date": "2025-12-20 19:41:29",
    "total_resit_attempts": 0,
    "status": "Active",
    "probation_status": true
  },
  {
    "exam_number": "FCTCONS/ND23/025",
    "name": "JACOB JEREMIAH FUNOM",
    "failed_courses": [
      {
        "course_code": "NUS111",
        "original_score": 42.0,
        "semester": "ND-FIRST-YEAR-FIRST-SEMESTER",
        "set": "ND-2024",
        "resit_attempts": 0,
        "best_score": 42.0,
        "status": "Failed"
      },
      {
        "course_code": "NUR111",
        "original_score": 37.0,
        "semester": "ND-FIRST-YEAR-FIRST-SEMESTER",
        "set": "ND-2024",
        "resit_attempts": 0,
        "best_score": 37.0,
        "status": "Failed"
      },
      {
        "course_code": "Total Registered CU",
        "original_score": 25.0,
        "semester": "ND-FIRST-YEAR-FIRST-SEMESTER",
        "set": "ND-2024",
        "resit_attempts": 0,
        "best_score": 25.0,
        "status": "Failed"
      },
      {
        "course_code": "CURRENT CGPA",
        "original_score": 1.6,
        "semester": "ND-FIRST-YEAR-FIRST-SEMESTER",
        "set": "ND-2024",
        "resit_attempts": 0,
        "best_score": 1.6,
        "status": "Failed"
      }
    ],
    "semester": "ND-FIRST-YEAR-FIRST-SEMESTER",
    "set": "ND-2024",
    "identified_date": "2025-12-20 19:41:29",
    "total_resit_attempts": 0,
    "status": "Active",
    "probation_status": true
  },
  {
    "exam_number": "FCTCONS/ND23/027",
    "name": "JEREMIAH GRACE MGBEDE",
    "failed_courses": [
      {
        "course_code": "NUR111",
        "original_score": 46.0,
        "semester": "ND-FIRST-YEAR-FIRST-SEMESTER",
        "set": "ND-2024",
        "resit_attempts": 0,
        "best_score": 46.0,
        "status": "Failed"
      },
      {
        "course_code": "Total Registered CU",
        "original_score": 25.0,
        "semester": "ND-FIRST-YEAR-FIRST-SEMESTER",
        "set": "ND-2024",
        "resit_attempts": 0,
        "best_score": 25.0,
        "status": "Failed"
      },
      {
        "course_code": "CURRENT CGPA",
        "original_score": 2.28,
        "semester": "ND-FIRST-YEAR-FIRST-SEMESTER",
        "set": "ND-2024",
        "resit_attempts": 0,
        "best_score": 2.28,
        "status": "Failed"
      }
    ],
    "semester": "ND-FIRST-YEAR-FIRST-SEMESTER",
    "set": "ND-2024",
    "identified_date": "2025-12-20 19:41:29",
    "total_resit_attempts": 0,
    "status": "Active",
    "probation_status": false
  },
  {
    "exam_number": "FCTCONS/ND23/031",
    "name": "EMMANUEL DESTINY ONIZE",
    "failed_courses": [
      {
        "course_code": "NUR111",
        "original_score": 40.0,
        "semester": "ND-FIRST-YEAR-FIRST-SEMESTER",
        "set": "ND-2024",
        "resit_attempts": 0,
        "best_score": 40.0,
        "status": "Failed"
      },
      {
        "course_code": "Total Registered CU",
        "original_score": 25.0,
        "semester": "ND-FIRST-YEAR-FIRST-SEMESTER",
        "set": "ND-2024",
        "resit_attempts": 0,
        "best_score": 25.0,
        "status": "Failed"
      },
      {
        "course_code": "CURRENT CGPA",
        "original_score": 2.08,
        "semester": "ND-FIRST-YEAR-FIRST-SEMESTER",
        "set": "ND-2024",
        "resit_attempts": 0,
        "best_score": 2.08,
        "status": "Failed"
      }
    ],
    "semester": "ND-FIRST-YEAR-FIRST-SEMESTER",
    "set": "ND-2024",
    "identified_date": "2025-12-20 19:41:29",
    "total_resit_attempts": 0,
    "status": "Active",
    "probation_status": false
  },
  {
    "exam_number": "FCTCONS/ND23/032",
    "name": "DANJUMA PEACE FANUS",
    "failed_courses": [
      {
        "course_code": "GNS102",
        "original_score": 39.0,
        "semester": "ND-FIRST-YEAR-FIRST-SEMESTER",
        "set": "ND-2024",
        "resit_attempts": 0,
        "best_score": 39.0,
        "status": "Failed"
      },
      {
        "course_code": "NUS111",
        "original_score": 40.0,
        "semester": "ND-FIRST-YEAR-FIRST-SEMESTER",
        "set": "ND-2024",
        "resit_attempts": 0,
        "best_score": 40.0,
        "status": "Failed"
      },
      {
        "course_code": "NUR111",
        "original_score": 44.0,
        "semester": "ND-FIRST-YEAR-FIRST-SEMESTER",
        "set": "ND-2024",
        "resit_attempts": 0,
        "best_score": 44.0,
        "status": "Failed"
      },
      {
        "course_code": "NUS116",
        "original_score": 37.0,
        "semester": "ND-FIRST-YEAR-FIRST-SEMESTER",
        "set": "ND-2024",
        "resit_attempts": 0,
        "best_score": 37.0,
        "status": "Failed"
      },
      {
        "course_code": "Total Registered CU",
        "original_score": 25.0,
        "semester": "ND-FIRST-YEAR-FIRST-SEMESTER",
        "set": "ND-2024",
        "resit_attempts": 0,
        "best_score": 25.0,
        "status": "Failed"
      },
      {
        "course_code": "CURRENT CGPA",
        "original_score": 1.2,
        "semester": "ND-FIRST-YEAR-FIRST-SEMESTER",
        "set": "ND-2024",
        "resit_attempts": 0,
        "best_score": 1.2,
        "status": "Failed"
      }
    ],
    "semester": "ND-FIRST-YEAR-FIRST-SEMESTER",
    "set": "ND-2024",
    "identified_date": "2025-12-20 19:41:29",
    "total_resit_attempts": 0,
    "status": "Active",
    "probation_status": true
  },
  {
    "exam_number": "FCTCONS/ND23/039",
    "name": "JULIUS JIREH DUNG",
    "failed_courses": [
      {
        "course_code": "NUS113",
        "original_score": 46.0,
        "semester": "ND-FIRST-YEAR-FIRST-SEMESTER",
        "set": "ND-2024",
        "resit_attempts": 0,
        "best_score": 46.0,
        "status": "Failed"
      },
      {
        "course_code": "Total Registered CU",
        "original_score": 25.0,
        "semester": "ND-FIRST-YEAR-FIRST-SEMESTER",
        "set": "ND-2024",
        "resit_attempts": 0,
        "best_score": 25.0,
        "status": "Failed"
      },
      {
        "course_code": "CURRENT CGPA",
        "original_score": 2.28,
        "semester": "ND-FIRST-YEAR-FIRST-SEMESTER",
        "set": "ND-2024",
        "resit_attempts": 0,
        "best_score": 2.28,
        "status": "Failed"
      }
    ],
    "semester": "ND-FIRST-YEAR-FIRST-SEMESTER",
    "set": "ND-2024",
    "identified_date": "2025-12-20 19:41:29",
    "total_resit_attempts": 0,
    "status": "Active",
    "probation_status": false
  },
  {
    "exam_number": "FCTCONS/ND23/042",
    "name": "MUHAMMAD ABDULLAHI SAGIR",
    "failed_courses": [
      {
        "course_code": "NUR111",
        "original_score": 46.0,
        "semester": "ND-FIRST-YEAR-FIRST-SEMESTER",
        "set": "ND-2024",
        "resit_attempts": 0,
        "best_score": 46.0,
        "status": "Failed"
      },
      {
        "course_code": "Total Registered CU",
        "original_score": 25.0,
        "semester": "ND-FIRST-YEAR-FIRST-SEMESTER",
        "set": "ND-2024",
        "resit_attempts": 0,
        "best_score": 25.0,
        "status": "Failed"
      },
      {
        "course_code": "CURRENT CGPA",
        "original_score": 2.32,
        "semester": "ND-FIRST-YEAR-FIRST-SEMESTER",
        "set": "ND-2024",
        "resit_attempts": 0,
        "best_score": 2.32,
        "status": "Failed"
      }
    ],
    "semester": "ND-FIRST-YEAR-FIRST-SEMESTER",
    "set": "ND-2024",
    "identified_date": "2025-12-20 19:41:29",
    "total_resit_attempts": 0,
    "status": "Active",
    "probation_status": false
  },
  {
    "exam_number": "FCTCONS/ND23/045",
    "name": "MAXWELL NGOZI HEPHZI",
    "failed_courses": [
      {
        "course_code": "GNS102",
        "original_score": 41.0,
        "semester": "ND-FIRST-YEAR-FIRST-SEMESTER",
        "set": "ND-2024",
        "resit_attempts": 0,
        "best_score": 41.0,
        "status": "Failed"
      },
      {
        "course_code": "NUS113",
        "original_score": 37.0,
        "semester": "ND-FIRST-YEAR-FIRST-SEMESTER",
        "set": "ND-2024",
        "resit_attempts": 0,
        "best_score": 37.0,
        "status": "Failed"
      },
      {
        "course_code": "NUS114",
        "original_score": 39.0,
        "semester": "ND-FIRST-YEAR-FIRST-SEMESTER",
        "set": "ND-2024",
        "resit_attempts": 0,
        "best_score": 39.0,
        "status": "Failed"
      },
      {
        "course_code": "NUR111",
        "original_score": 41.0,
        "semester": "ND-FIRST-YEAR-FIRST-SEMESTER",
        "set": "ND-2024",
        "resit_attempts": 0,
        "best_score": 41.0,
        "status": "Failed"
      },
      {
        "course_code": "Total Registered CU",
        "original_score": 25.0,
        "semester": "ND-FIRST-YEAR-FIRST-SEMESTER",
        "set": "ND-2024",
        "resit_attempts": 0,
        "best_score": 25.0,
        "status": "Failed"
      },
      {
        "course_code": "CURRENT CGPA",
        "original_score": 1.16,
        "semester": "ND-FIRST-YEAR-FIRST-SEMESTER",
        "set": "ND-2024",
        "resit_attempts": 0,
        "best_score": 1.16,
        "status": "Failed"
      }
    ],
    "semester": "ND-FIRST-YEAR-FIRST-SEMESTER",
    "set": "ND-2024",
    "identified_date": "2025-12-20 19:41:29",
    "total_resit_attempts": 0,
    "status": "Active",
    "probation_status": true
  },
  {
    "exam_number": "FCTCONS/ND23/047",
    "name": "TUKUR AISHATU MUSA",
    "failed_courses": [
      {
        "course_code": "NUS111",
        "original_score": 43.0,
        "semester": "ND-FIRST-YEAR-FIRST-SEMESTER",
        "set": "ND-2024",
        "resit_attempts": 0,
        "best_score": 43.0,
        "status": "Failed"
      },
      {
        "course_code": "NUS114",
        "original_score": 26.0,
        "semester": "ND-FIRST-YEAR-FIRST-SEMESTER",
        "set": "ND-2024",
        "resit_attempts": 0,
        "best_score": 26.0,
        "status": "Failed"
      },
      {
        "course_code": "NUR111",
        "original_score": 38.0,
        "semester": "ND-FIRST-YEAR-FIRST-SEMESTER",
        "set": "ND-2024",
        "resit_attempts": 0,
        "best_score": 38.0,
        "status": "Failed"
      },
      {
        "course_code": "NUS116",
        "original_score": 45.0,
        "semester": "ND-FIRST-YEAR-FIRST-SEMESTER",
        "set": "ND-2024",
        "resit_attempts": 0,
        "best_score": 45.0,
        "status": "Failed"
      },
      {
        "course_code": "Total Registered CU",
        "original_score": 25.0,
        "semester": "ND-FIRST-YEAR-FIRST-SEMESTER",
        "set": "ND-2024",
        "resit_attempts": 0,
        "best_score": 25.0,
        "status": "Failed"
      },
      {
        "course_code": "CURRENT CGPA",
        "original_score": 1.28,
        "semester": "ND-FIRST-YEAR-FIRST-SEMESTER",
        "set": "ND-2024",
        "resit_attempts": 0,
        "best_score": 1.28,
        "status": "Failed"
      }
    ],
    "semester": "ND-FIRST-YEAR-FIRST-SEMESTER",
    "set": "ND-2024",
    "identified_date": "2025-12-20 19:41:29",
    "total_resit_attempts": 0,
    "status": "Active",
    "probation_status": true
  },
  {
    "exam_number": "FCTCONS/ND23/059",
    "name": "ADAMU ZUBAIDA SALIHU",
    "failed_courses": [
      {
        "course_code": "GNS102",
        "original_score": 29.0,
        "semester": "ND-FIRST-YEAR-FIRST-SEMESTER",
        "set": "ND-2024",
        "resit_attempts": 0,
        "best_score": 29.0,
        "status": "Failed"
      },
      {
        "course_code": "NUS111",
        "original_score": 36.0,
        "semester": "ND-FIRST-YEAR-FIRST-SEMESTER",
        "set": "ND-2024",
        "resit_attempts": 0,
        "best_score": 36.0,
        "status": "Failed"
      },
      {
        "course_code": "NUR111",
        "original_score": 30.0,
        "semester": "ND-FIRST-YEAR-FIRST-SEMESTER",
        "set": "ND-2024",
        "resit_attempts": 0,
        "best_score": 30.0,
        "status": "Failed"
      },
      {
        "course_code": "NUS116",
        "original_score": 44.0,
        "semester": "ND-FIRST-YEAR-FIRST-SEMESTER",
        "set": "ND-2024",
        "resit_attempts": 0,
        "best_score": 44.0,
        "status": "Failed"
      },
      {
        "course_code": "GNS111",
        "original_score": 37.0,
        "semester": "ND-FIRST-YEAR-FIRST-SEMESTER",
        "set": "ND-2024",
        "resit_attempts": 0,
        "best_score": 37.0,
        "status": "Failed"
      },
      {
        "course_code": "Total Registered CU",
        "original_score": 25.0,
        "semester": "ND-FIRST-YEAR-FIRST-SEMESTER",
        "set": "ND-2024",
        "resit_attempts": 0,
        "best_score": 25.0,
        "status": "Failed"
      },
      {
        "course_code": "CURRENT CGPA",
        "original_score": 1.04,
        "semester": "ND-FIRST-YEAR-FIRST-SEMESTER",
        "set": "ND-2024",
        "resit_attempts": 0,
        "best_score": 1.04,
        "status": "Failed"
      }
    ],
    "semester": "ND-FIRST-YEAR-FIRST-SEMESTER",
    "set": "ND-2024",
    "identified_date": "2025-12-20 19:41:29",
    "total_resit_attempts": 0,
    "status": "Active",
    "probation_status": true
  },
  {
    "exam_number": "FCTCONS/ND23/064",
    "name": "ISAAC OBEDIENCE SHEKWO'AGU",
    "failed_courses": [
      {
        "course_code": "NUR111",
        "original_score": 46.0,
        "semester": "ND-FIRST-YEAR-FIRST-SEMESTER",
        "set": "ND-2024",
        "resit_attempts": 0,
        "best_score": 46.0,
        "status": "Failed"
      },
      {
        "course_code": "Total Registered CU",
        "original_score": 25.0,
        "semester": "ND-FIRST-YEAR-FIRST-SEMESTER",
        "set": "ND-2024",
        "resit_attempts": 0,
        "best_score": 25.0,
        "status": "Failed"
      },
      {
        "course_code": "CURRENT CGPA",
        "original_score": 2.44,
        "semester": "ND-FIRST-YEAR-FIRST-SEMESTER",
        "set": "ND-2024",
        "resit_attempts": 0,
        "best_score": 2.44,
        "status": "Failed"
      }
    ],
    "semester": "ND-FIRST-YEAR-FIRST-SEMESTER",
    "set": "ND-2024",
    "identified_date": "2025-12-20 19:41:29",
    "total_resit_attempts": 0,
    "status": "Active",
    "probation_status": false
  },
  {
    "exam_number": "FCTCONS/ND23/065",
    "name": "TANKO MERCY SHEKWOYEMILO",
    "failed_courses": [
      {
        "course_code": "GNS102",
        "original_score": 37.0,
        "semester": "ND-FIRST-YEAR-FIRST-SEMESTER",
        "set": "ND-2024",
        "resit_attempts": 0,
        "best_score": 37.0,
        "status": "Failed"
      },
      {
        "course_code": "NUS111",
        "original_score": 32.0,
        "semester": "ND-FIRST-YEAR-FIRST-SEMESTER",
        "set": "ND-2024",
        "resit_attempts": 0,
        "best_score": 32.0,
        "status": "Failed"
      },
      {
        "course_code": "NUR111",
        "original_score": 38.0,
        "semester": "ND-FIRST-YEAR-FIRST-SEMESTER",
        "set": "ND-2024",
        "resit_attempts": 0,
        "best_score": 38.0,
        "status": "Failed"
      },
      {
        "course_code": "NUS116",
        "original_score": 37.0,
        "semester": "ND-FIRST-YEAR-FIRST-SEMESTER",
        "set": "ND-2024",
        "resit_attempts": 0,
        "best_score": 37.0,
        "status": "Failed"
      },
      {
        "course_code": "NUS117",
        "original_score": 41.0,
        "semester": "ND-FIRST-YEAR-FIRST-SEMESTER",
        "set": "ND-2024",
        "resit_attempts": 0,
        "best_score": 41.0,
        "status": "Failed"
      },
      {
        "course_code": "Total Registered CU",
        "original_score": 25.0,
        "semester": "ND-FIRST-YEAR-FIRST-SEMESTER",
        "set": "ND-2024",
        "resit_attempts": 0,
        "best_score": 25.0,
        "status": "Failed"
      },
      {
        "course_code": "CURRENT CGPA",
        "original_score": 0.96,
        "semester": "ND-FIRST-YEAR-FIRST-SEMESTER",
        "set": "ND-2024",
        "resit_attempts": 0,
        "best_score": 0.96,
        "status": "Failed"
      }
    ],
    "semester": "ND-FIRST-YEAR-FIRST-SEMESTER",
    "set": "ND-2024",
    "identified_date": "2025-12-20 19:41:29",
    "total_resit_attempts": 0,
    "status": "Active",
    "probation_status": true
  },
  {
    "exam_number": "FCTCONS/ND23/067",
    "name": "ILIYA VICTORIA NAFISA",
    "failed_courses": [
      {
        "course_code": "NUR111",
        "original_score": 45.0,
        "semester": "ND-FIRST-YEAR-FIRST-SEMESTER",
        "set": "ND-2024",
        "resit_attempts": 0,
        "best_score": 45.0,
        "status": "Failed"
      },
      {
        "course_code": "Total Registered CU",
        "original_score": 25.0,
        "semester": "ND-FIRST-YEAR-FIRST-SEMESTER",
        "set": "ND-2024",
        "resit_attempts": 0,
        "best_score": 25.0,
        "status": "Failed"
      },
      {
        "course_code": "CURRENT CGPA",
        "original_score": 2.6,
        "semester": "ND-FIRST-YEAR-FIRST-SEMESTER",
        "set": "ND-2024",
        "resit_attempts": 0,
        "best_score": 2.6,
        "status": "Failed"
      }
    ],
    "semester": "ND-FIRST-YEAR-FIRST-SEMESTER",
    "set": "ND-2024",
    "identified_date": "2025-12-20 19:41:29",
    "total_resit_attempts": 0,
    "status": "Active",
    "probation_status": false
  },
  {
    "exam_number": "FCTCONS/ND23/071",
    "name": "IKADE LOVINA EKWOK",
    "failed_courses": [
      {
        "course_code": "NUS111",
        "original_score": 46.0,
        "semester": "ND-FIRST-YEAR-FIRST-SEMESTER",
        "set": "ND-2024",
        "resit_attempts": 0,
        "best_score": 46.0,
        "status": "Failed"
      },
      {
        "course_code": "Total Registered CU",
        "original_score": 25.0,
        "semester": "ND-FIRST-YEAR-FIRST-SEMESTER",
        "set": "ND-2024",
        "resit_attempts": 0,
        "best_score": 25.0,
        "status": "Failed"
      },
      {
        "course_code": "CURRENT CGPA",
        "original_score": 2.16,
        "semester": "ND-FIRST-YEAR-FIRST-SEMESTER",
        "set": "ND-2024",
        "resit_attempts": 0,
        "best_score": 2.16,
        "status": "Failed"
      }
    ],
    "semester": "ND-FIRST-YEAR-FIRST-SEMESTER",
    "set": "ND-2024",
    "identified_date": "2025-12-20 19:41:29",
    "total_resit_attempts": 0,
    "status": "Active",
    "probation_status": false
  },
  {
    "exam_number": "FCTCONS/ND23/074",
    "name": "ISAH HAFSAT ONAYI",
    "failed_courses": [
      {
        "course_code": "NUS111",
        "original_score": 39.0,
        "semester": "ND-FIRST-YEAR-FIRST-SEMESTER",
        "set": "ND-2024",
        "resit_attempts": 0,
        "best_score": 39.0,
        "status": "Failed"
      },
      {
        "course_code": "GNS111",
        "original_score": 43.0,
        "semester": "ND-FIRST-YEAR-FIRST-SEMESTER",
        "set": "ND-2024",
        "resit_attempts": 0,
        "best_score": 43.0,
        "status": "Failed"
      },
      {
        "course_code": "Total Registered CU",
        "original_score": 25.0,
        "semester": "ND-FIRST-YEAR-FIRST-SEMESTER",
        "set": "ND-2024",
        "resit_attempts": 0,
        "best_score": 25.0,
        "status": "Failed"
      },
      {
        "course_code": "CURRENT CGPA",
        "original_score": 1.68,
        "semester": "ND-FIRST-YEAR-FIRST-SEMESTER",
        "set": "ND-2024",
        "resit_attempts": 0,
        "best_score": 1.68,
        "status": "Failed"
      }
    ],
    "semester": "ND-FIRST-YEAR-FIRST-SEMESTER",
    "set": "ND-2024",
    "identified_date": "2025-12-20 19:41:29",
    "total_resit_attempts": 0,
    "status": "Active",
    "probation_status": true
  },
  {
    "exam_number": "FCTCONS/ND23/079",
    "name": "AYUBA MARY",
    "failed_courses": [
      {
        "course_code": "NUR111",
        "original_score": 46.0,
        "semester": "ND-FIRST-YEAR-FIRST-SEMESTER",
        "set": "ND-2024",
        "resit_attempts": 0,
        "best_score": 46.0,
        "status": "Failed"
      },
      {
        "course_code": "GNS111",
        "original_score": 42.0,
        "semester": "ND-FIRST-YEAR-FIRST-SEMESTER",
        "set": "ND-2024",
        "resit_attempts": 0,
        "best_score": 42.0,
        "status": "Failed"
      },
      {
        "course_code": "Total Registered CU",
        "original_score": 25.0,
        "semester": "ND-FIRST-YEAR-FIRST-SEMESTER",
        "set": "ND-2024",
        "resit_attempts": 0,
        "best_score": 25.0,
        "status": "Failed"
      },
      {
        "course_code": "CURRENT CGPA",
        "original_score": 2.2,
        "semester": "ND-FIRST-YEAR-FIRST-SEMESTER",
        "set": "ND-2024",
        "resit_attempts": 0,
        "best_score": 2.2,
        "status": "Failed"
      }
    ],
    "semester": "ND-FIRST-YEAR-FIRST-SEMESTER",
    "set": "ND-2024",
    "identified_date": "2025-12-20 19:41:29",
    "total_resit_attempts": 0,
    "status": "Active",
    "probation_status": false
  },
  {
    "exam_number": "FCTCONS/ND23/097",
    "name": "SOFIDIYA MARY OLAMIDE",
    "failed_courses": [
      {
        "course_code": "GNS102",
        "original_score": 42.0,
        "semester": "ND-FIRST-YEAR-FIRST-SEMESTER",
        "set": "ND-2024",
        "resit_attempts": 0,
        "best_score": 42.0,
        "status": "Failed"
      },
      {
        "course_code": "NUS114",
        "original_score": 43.0,
        "semester": "ND-FIRST-YEAR-FIRST-SEMESTER",
        "set": "ND-2024",
        "resit_attempts": 0,
        "best_score": 43.0,
        "status": "Failed"
      },
      {
        "course_code": "NUR111",
        "original_score": 34.0,
        "semester": "ND-FIRST-YEAR-FIRST-SEMESTER",
        "set": "ND-2024",
        "resit_attempts": 0,
        "best_score": 34.0,
        "status": "Failed"
      },
      {
        "course_code": "NUS117",
        "original_score": 39.0,
        "semester": "ND-FIRST-YEAR-FIRST-SEMESTER",
        "set": "ND-2024",
        "resit_attempts": 0,
        "best_score": 39.0,
        "status": "Failed"
      },
      {
        "course_code": "Total Registered CU",
        "original_score": 25.0,
        "semester": "ND-FIRST-YEAR-FIRST-SEMESTER",
        "set": "ND-2024",
        "resit_attempts": 0,
        "best_score": 25.0,
        "status": "Failed"
      },
      {
        "course_code": "CURRENT CGPA",
        "original_score": 1.28,
        "semester": "ND-FIRST-YEAR-FIRST-SEMESTER",
        "set": "ND-2024",
        "resit_attempts": 0,
        "best_score": 1.28,
        "status": "Failed"
      }
    ],
    "semester": "ND-FIRST-YEAR-FIRST-SEMESTER",
    "set": "ND-2024",
    "identified_date": "2025-12-20 19:41:29",
    "total_resit_attempts": 0,
    "status": "Active",
    "probation_status": true
  },
  {
    "exam_number": "FCTCONS/ND23/101",
    "name": "FRANCIS BERNICE KULAN",
    "failed_courses": [
      {
        "course_code": "GNS102",
        "original_score": 45.0,
        "semester": "ND-FIRST-YEAR-FIRST-SEMESTER",
        "set": "ND-2024",
        "resit_attempts": 0,
        "best_score": 45.0,
        "status": "Failed"
      },
      {
        "course_code": "NUR111",
        "original_score": 46.0,
        "semester": "ND-FIRST-YEAR-FIRST-SEMESTER",
        "set": "ND-2024",
        "resit_attempts": 0,
        "best_score": 46.0,
        "status": "Failed"
      },
      {
        "course_code": "Total Registered CU",
        "original_score": 25.0,
        "semester": "ND-FIRST-YEAR-FIRST-SEMESTER",
        "set": "ND-2024",
        "resit_attempts": 0,
        "best_score": 25.0,
        "status": "Failed"
      },
      {
        "course_code": "CURRENT CGPA",
        "original_score": 2.0,
        "semester": "ND-FIRST-YEAR-FIRST-SEMESTER",
        "set": "ND-2024",
        "resit_attempts": 0,
        "best_score": 2.0,
        "status": "Failed"
      }
    ],
    "semester": "ND-FIRST-YEAR-FIRST-SEMESTER",
    "set": "ND-2024",
    "identified_date": "2025-12-20 19:41:29",
    "total_resit_attempts": 0,
    "status": "Active",
    "probation_status": false
  },
  {
    "exam_number": "FCTCONS/ND23/102",
    "name": "MUHAMMAD FATIMA SANTALI",
    "failed_courses": [
      {
        "course_code": "NUR111",
        "original_score": 43.0,
        "semester": "ND-FIRST-YEAR-FIRST-SEMESTER",
        "set": "ND-2024",
        "resit_attempts": 0,
        "best_score": 43.0,
        "status": "Failed"
      },
      {
        "course_code": "Total Registered CU",
        "original_score": 25.0,
        "semester": "ND-FIRST-YEAR-FIRST-SEMESTER",
        "set": "ND-2024",
        "resit_attempts": 0,
        "best_score": 25.0,
        "status": "Failed"
      },
      {
        "course_code": "CURRENT CGPA",
        "original_score": 1.76,
        "semester": "ND-FIRST-YEAR-FIRST-SEMESTER",
        "set": "ND-2024",
        "resit_attempts": 0,
        "best_score": 1.76,
        "status": "Failed"
      }
    ],
    "semester": "ND-FIRST-YEAR-FIRST-SEMESTER",
    "set": "ND-2024",
    "identified_date": "2025-12-20 19:41:29",
    "total_resit_attempts": 0,
    "status": "Active",
    "probation_status": true
  },
  {
    "exam_number": "FCTCONS/ND23/105",
    "name": "ABUBAKAR SHULAMITE OJONIMI",
    "failed_courses": [
      {
        "course_code": "NUS111",
        "original_score": 46.0,
        "semester": "ND-FIRST-YEAR-FIRST-SEMESTER",
        "set": "ND-2024",
        "resit_attempts": 0,
        "best_score": 46.0,
        "status": "Failed"
      },
      {
        "course_code": "Total Registered CU",
        "original_score": 25.0,
        "semester": "ND-FIRST-YEAR-FIRST-SEMESTER",
        "set": "ND-2024",
        "resit_attempts": 0,
        "best_score": 25.0,
        "status": "Failed"
      },
      {
        "course_code": "CURRENT CGPA",
        "original_score": 2.16,
        "semester": "ND-FIRST-YEAR-FIRST-SEMESTER",
        "set": "ND-2024",
        "resit_attempts": 0,
        "best_score": 2.16,
        "status": "Failed"
      }
    ],
    "semester": "ND-FIRST-YEAR-FIRST-SEMESTER",
    "set": "ND-2024",
    "identified_date": "2025-12-20 19:41:29",
    "total_resit_attempts": 0,
    "status": "Active",
    "probation_status": false
  },
  {
    "exam_number": "FCTCONS/ND23/110",
    "name": "DENNIS EMMANUEL OLOCHE",
    "failed_courses": [
      {
        "course_code": "NUS113",
        "original_score": 45.0,
        "semester": "ND-FIRST-YEAR-FIRST-SEMESTER",
        "set": "ND-2024",
        "resit_attempts": 0,
        "best_score": 45.0,
        "status": "Failed"
      },
      {
        "course_code": "NUR111",
        "original_score": 42.0,
        "semester": "ND-FIRST-YEAR-FIRST-SEMESTER",
        "set": "ND-2024",
        "resit_attempts": 0,
        "best_score": 42.0,
        "status": "Failed"
      },
      {
        "course_code": "Total Registered CU",
        "original_score": 25.0,
        "semester": "ND-FIRST-YEAR-FIRST-SEMESTER",
        "set": "ND-2024",
        "resit_attempts": 0,
        "best_score": 25.0,
        "status": "Failed"
      },
      {
        "course_code": "CURRENT CGPA",
        "original_score": 1.68,
        "semester": "ND-FIRST-YEAR-FIRST-SEMESTER",
        "set": "ND-2024",
        "resit_attempts": 0,
        "best_score": 1.68,
        "status": "Failed"
      }
    ],
    "semester": "ND-FIRST-YEAR-FIRST-SEMESTER",
    "set": "ND-2024",
    "identified_date": "2025-12-20 19:41:29",
    "total_resit_attempts": 0,
    "status": "Active",
    "probation_status": true
  },
  {
    "exam_number": "FCTCONS/ND23/113",
    "name": "ADETOKUNBO TAIBAT",
    "failed_courses": [
      {
        "course_code": "NUR111",
        "original_score": 44.0,
        "semester": "ND-FIRST-YEAR-FIRST-SEMESTER",
        "set": "ND-2024",
        "resit_attempts": 0,
        "best_score": 44.0,
        "status": "Failed"
      },
      {
        "course_code": "Total Registered CU",
        "original_score": 25.0,
        "semester": "ND-FIRST-YEAR-FIRST-SEMESTER",
        "set": "ND-2024",
        "resit_attempts": 0,
        "best_score": 25.0,
        "status": "Failed"
      },
      {
        "course_code": "CURRENT CGPA",
        "original_score": 2.36,
        "semester": "ND-FIRST-YEAR-FIRST-SEMESTER",
        "set": "ND-2024",
        "resit_attempts": 0,
        "best_score": 2.36,
        "status": "Failed"
      }
    ],
    "semester": "ND-FIRST-YEAR-FIRST-SEMESTER",
    "set": "ND-2024",
    "identified_date": "2025-12-20 19:41:29",
    "total_resit_attempts": 0,
    "status": "Active",
    "probation_status": false
  },
  {
    "exam_number": "FCTCONS/ND23/114",
    "name": "YAKUBU PRISCILLA ASHEZIE",
    "failed_courses": [
      {
        "course_code": "NUR111",
        "original_score": 42.0,
        "semester": "ND-FIRST-YEAR-FIRST-SEMESTER",
        "set": "ND-2024",
        "resit_attempts": 0,
        "best_score": 42.0,
        "status": "Failed"
      },
      {
        "course_code": "Total Registered CU",
        "original_score": 25.0,
        "semester": "ND-FIRST-YEAR-FIRST-SEMESTER",
        "set": "ND-2024",
        "resit_attempts": 0,
        "best_score": 25.0,
        "status": "Failed"
      },
      {
        "course_code": "CURRENT CGPA",
        "original_score": 2.08,
        "semester": "ND-FIRST-YEAR-FIRST-SEMESTER",
        "set": "ND-2024",
        "resit_attempts": 0,
        "best_score": 2.08,
        "status": "Failed"
      }
    ],
    "semester": "ND-FIRST-YEAR-FIRST-SEMESTER",
    "set": "ND-2024",
    "identified_date": "2025-12-20 19:41:29",
    "total_resit_attempts": 0,
    "status": "Active",
    "probation_status": false
  },
  {
    "exam_number": "FCTCONS/ND23/115",
    "name": "OGETTE DEBORAH AFENOSOMI",
    "failed_courses": [
      {
        "course_code": "GNS111",
        "original_score": 45.0,
        "semester": "ND-FIRST-YEAR-FIRST-SEMESTER",
        "set": "ND-2024",
        "resit_attempts": 0,
        "best_score": 45.0,
        "status": "Failed"
      },
      {
        "course_code": "Total Registered CU",
        "original_score": 25.0,
        "semester": "ND-FIRST-YEAR-FIRST-SEMESTER",
        "set": "ND-2024",
        "resit_attempts": 0,
        "best_score": 25.0,
        "status": "Failed"
      },
      {
        "course_code": "CURRENT CGPA",
        "original_score": 2.08,
        "semester": "ND-FIRST-YEAR-FIRST-SEMESTER",
        "set": "ND-2024",
        "resit_attempts": 0,
        "best_score": 2.08,
        "status": "Failed"
      }
    ],
    "semester": "ND-FIRST-YEAR-FIRST-SEMESTER",
    "set": "ND-2024",
    "identified_date": "2025-12-20 19:41:29",
    "total_resit_attempts": 0,
    "status": "Active",
    "probation_status": false
  },
  {
    "exam_number": "FCTCONS/ND23/117",
    "name": "SYLVESTER FLOURISH",
    "failed_courses": [
      {
        "course_code": "NUR111",
        "original_score": 36.0,
        "semester": "ND-FIRST-YEAR-FIRST-SEMESTER",
        "set": "ND-2024",
        "resit_attempts": 0,
        "best_score": 36.0,
        "status": "Failed"
      },
      {
        "course_code": "Total Registered CU",
        "original_score": 25.0,
        "semester": "ND-FIRST-YEAR-FIRST-SEMESTER",
        "set": "ND-2024",
        "resit_attempts": 0,
        "best_score": 25.0,
        "status": "Failed"
      },
      {
        "course_code": "CURRENT CGPA",
        "original_score": 2.04,
        "semester": "ND-FIRST-YEAR-FIRST-SEMESTER",
        "set": "ND-2024",
        "resit_attempts": 0,
        "best_score": 2.04,
        "status": "Failed"
      }
    ],
    "semester": "ND-FIRST-YEAR-FIRST-SEMESTER",
    "set": "ND-2024",
    "identified_date": "2025-12-20 19:41:29",
    "total_resit_attempts": 0,
    "status": "Active",
    "probation_status": false
  },
  {
    "exam_number": "FCTCONS/ND23/124",
    "name": "UMAR FARUK ZAINAB",
    "failed_courses": [
      {
        "course_code": "NUR111",
        "original_score": 46.0,
        "semester": "ND-FIRST-YEAR-FIRST-SEMESTER",
        "set": "ND-2024",
        "resit_attempts": 0,
        "best_score": 46.0,
        "status": "Failed"
      },
      {
        "course_code": "Total Registered CU",
        "original_score": 25.0,
        "semester": "ND-FIRST-YEAR-FIRST-SEMESTER",
        "set": "ND-2024",
        "resit_attempts": 0,
        "best_score": 25.0,
        "status": "Failed"
      },
      {
        "course_code": "CURRENT CGPA",
        "original_score": 1.84,
        "semester": "ND-FIRST-YEAR-FIRST-SEMESTER",
        "set": "ND-2024",
        "resit_attempts": 0,
        "best_score": 1.84,
        "status": "Failed"
      }
    ],
    "semester": "ND-FIRST-YEAR-FIRST-SEMESTER",
    "set": "ND-2024",
    "identified_date": "2025-12-20 19:41:29",
    "total_resit_attempts": 0,
    "status": "Active",
    "probation_status": true
  },
  {
    "exam_number": "FCTCONS/ND23/127",
    "name": "PETER FAITH ADA",
    "failed_courses": [
      {
        "course_code": "NUR111",
        "original_score": 44.0,
        "semester": "ND-FIRST-YEAR-FIRST-SEMESTER",
        "set": "ND-2024",
        "resit_attempts": 0,
        "best_score": 44.0,
        "status": "Failed"
      },
      {
        "course_code": "Total Registered CU",
        "original_score": 25.0,
        "semester": "ND-FIRST-YEAR-FIRST-SEMESTER",
        "set": "ND-2024",
        "resit_attempts": 0,
        "best_score": 25.0,
        "status": "Failed"
      },
      {
        "course_code": "CURRENT CGPA",
        "original_score": 1.96,
        "semester": "ND-FIRST-YEAR-FIRST-SEMESTER",
        "set": "ND-2024",
        "resit_attempts": 0,
        "best_score": 1.96,
        "status": "Failed"
      }
    ],
    "semester": "ND-FIRST-YEAR-FIRST-SEMESTER",
    "set": "ND-2024",
    "identified_date": "2025-12-20 19:41:29",
    "total_resit_attempts": 0,
    "status": "Active",
    "probation_status": true
  },
  {
    "exam_number": "FCTCONS/ND23/128",
    "name": "ISTIFANUS SARAH SHANAWAZA",
    "failed_courses": [
      {
        "course_code": "NUR111",
        "original_score": 42.0,
        "semester": "ND-FIRST-YEAR-FIRST-SEMESTER",
        "set": "ND-2024",
        "resit_attempts": 0,
        "best_score": 42.0,
        "status": "Failed"
      },
      {
        "course_code": "Total Registered CU",
        "original_score": 25.0,
        "semester": "ND-FIRST-YEAR-FIRST-SEMESTER",
        "set": "ND-2024",
        "resit_attempts": 0,
        "best_score": 25.0,
        "status": "Failed"
      },
      {
        "course_code": "CURRENT CGPA",
        "original_score": 2.28,
        "semester": "ND-FIRST-YEAR-FIRST-SEMESTER",
        "set": "ND-2024",
        "resit_attempts": 0,
        "best_score": 2.28,
        "status": "Failed"
      }
    ],
    "semester": "ND-FIRST-YEAR-FIRST-SEMESTER",
    "set": "ND-2024",
    "identified_date": "2025-12-20 19:41:29",
    "total_resit_attempts": 0,
    "status": "Active",
    "probation_status": false
  }
]