{
  "FCTCONS/ND24/004": {
    "exam_number": "FCTCONS/ND24/004",
    "name": "ABANG STEPHANIE ADA",
    "carryover_courses": {
      "NUR122": {
        "course_code": "NUR122",
        "course_title": "Primary Health Care (PHC) I",
        "credit_unit": 3.0,
        "original_score": 42.0,
        "resit_score": 53.0
      },
      "NUS123": {
        "course_code": "NUS123",
        "course_title": "Developmental Psychology",
        "credit_unit": 2.0,
        "original_score": 41.0,
        "resit_score": 51.0
      }
    },
    "passed_resit_courses": {
      "NUR122": {
        "course_code": "NUR122",
        "course_title": "Primary Health Care (PHC) I",
        "credit_unit": 3.0,
        "original_score": 42.0,
        "resit_score": 53.0
      },
      "NUS123": {
        "course_code": "NUS123",
        "course_title": "Developmental Psychology",
        "credit_unit": 2.0,
        "original_score": 41.0,
        "resit_score": 51.0
      }
    },
    "failed_resit_courses": {}
  },
  "FCTCONS/ND24/007": {
    "exam_number": "FCTCONS/ND24/007",
    "name": "AYO OLAMIDE PRAISE",
    "carryover_courses": {
      "NUS125": {
        "course_code": "NUS125",
        "course_title": "Pharmacology I",
        "credit_unit": 3.0,
        "original_score": 48.0,
        "resit_score": 61.0
      }
    },
    "passed_resit_courses": {
      "NUS125": {
        "course_code": "NUS125",
        "course_title": "Pharmacology I",
        "credit_unit": 3.0,
        "original_score": 48.0,
        "resit_score": 61.0
      }
    },
    "failed_resit_courses": {}
  },
  "FCTCONS/ND24/009": {
    "exam_number": "FCTCONS/ND24/009",
    "name": "AGADA EMMANUEL ENECHE",
    "carryover_courses": {
      "NUS124": {
        "course_code": "NUS124",
        "course_title": "Human Nutrition",
        "credit_unit": 3.0,
        "original_score": 43.0,
        "resit_score": 77.0
      }
    },
    "passed_resit_courses": {
      "NUS124": {
        "course_code": "NUS124",
        "course_title": "Human Nutrition",
        "credit_unit": 3.0,
        "original_score": 43.0,
        "resit_score": 77.0
      }
    },
    "failed_resit_courses": {}
  },
  "FCTCONS/ND24/014": {
    "exam_number": "FCTCONS/ND24/014",
    "name": "ALU EDWINA EDUGWU",
    "carryover_courses": {
      "NUS122": {
        "course_code": "NUS122",
        "course_title": "Human Physiology II",
        "credit_unit": 2.0,
        "original_score": 44.0,
        "resit_score": 53.0
      }
    },
    "passed_resit_courses": {
      "NUS122": {
        "course_code": "NUS122",
        "course_title": "Human Physiology II",
        "credit_unit": 2.0,
        "original_score": 44.0,
        "resit_score": 53.0
      }
    },
    "failed_resit_courses": {}
  },
  "FCTCONS/ND24/015": {
    "exam_number": "FCTCONS/ND24/015",
    "name": "BENSON MARY OLUWAKEMISOLA",
    "carryover_courses": {
      "EED126": {
        "course_code": "EED126",
        "course_title": "Intro. To Entrepreneurship",
        "credit_unit": 2.0,
        "original_score": 42.0,
        "resit_score": 76.0
      }
    },
    "passed_resit_courses": {
      "EED126": {
        "course_code": "EED126",
        "course_title": "Intro. To Entrepreneurship",
        "credit_unit": 2.0,
        "original_score": 42.0,
        "resit_score": 76.0
      }
    },
    "failed_resit_courses": {}
  },
  "FCTCONS/ND24/016": {
    "exam_number": "FCTCONS/ND24/016",
    "name": "UMUNNAKWE CHISOM MICHELLE",
    "carryover_courses": {
      "EED126": {
        "course_code": "EED126",
        "course_title": "Intro. To Entrepreneurship",
        "credit_unit": 2.0,
        "original_score": 44.0,
        "resit_score": 60.0
      }
    },
    "passed_resit_courses": {
      "EED126": {
        "course_code": "EED126",
        "course_title": "Intro. To Entrepreneurship",
        "credit_unit": 2.0,
        "original_score": 44.0,
        "resit_score": 60.0
      }
    },
    "failed_resit_courses": {}
  },
  "FCTCONS/ND24/018": {
    "exam_number": "FCTCONS/ND24/018",
    "name": "IGBASAN PHILBERTA  OLUWASEUN",
    "carryover_courses": {
      "NUS121": {
        "course_code": "NUS121",
        "course_title": "Human Anatomy II",
        "credit_unit": 4.0,
        "original_score": 32.0,
        "resit_score": 71.0
      },
      "NUS122": {
        "course_code": "NUS122",
        "course_title": "Human Physiology II",
        "credit_unit": 2.0,
        "original_score": 48.0,
        "resit_score": 80.0
      },
      "NUS125": {
        "course_code": "NUS125",
        "course_title": "Pharmacology I",
        "credit_unit": 3.0,
        "original_score": 48.0,
        "resit_score": 75.0
      }
    },
    "passed_resit_courses": {
      "NUS121": {
        "course_code": "NUS121",
        "course_title": "Human Anatomy II",
        "credit_unit": 4.0,
        "original_score": 32.0,
        "resit_score": 71.0
      },
      "NUS122": {
        "course_code": "NUS122",
        "course_title": "Human Physiology II",
        "credit_unit": 2.0,
        "original_score": 48.0,
        "resit_score": 80.0
      },
      "NUS125": {
        "course_code": "NUS125",
        "course_title": "Pharmacology I",
        "credit_unit": 3.0,
        "original_score": 48.0,
        "resit_score": 75.0
      }
    },
    "failed_resit_courses": {}
  },
  "FCTCONS/ND24/019": {
    "exam_number": "FCTCONS/ND24/019",
    "name": "OGAH PRINCESS UWENYI",
    "carryover_courses": {
      "NUR121": {
        "course_code": "NUR121",
        "course_title": "Foundations Of Nursing II",
        "credit_unit": 4.0,
        "original_score": 36.0,
        "resit_score": 79.0
      }
    },
    "passed_resit_courses": {
      "NUR121": {
        "course_code": "NUR121",
        "course_title": "Foundations Of Nursing II",
        "credit_unit": 4.0,
        "original_score": 36.0,
        "resit_score": 79.0
      }
    },
    "failed_resit_courses": {}
  },
  "FCTCONS/ND24/024": {
    "exam_number": "FCTCONS/ND24/024",
    "name": "SULEIMAN SAMAILA",
    "carryover_courses": {
      "NUR122": {
        "course_code": "NUR122",
        "course_title": "Primary Health Care (PHC) I",
        "credit_unit": 3.0,
        "original_score": 34.0,
        "resit_score": 68.0
      },
      "NUS122": {
        "course_code": "NUS122",
        "course_title": "Human Physiology II",
        "credit_unit": 2.0,
        "original_score": 46.0,
        "resit_score": 58.0
      }
    },
    "passed_resit_courses": {
      "NUR122": {
        "course_code": "NUR122",
        "course_title": "Primary Health Care (PHC) I",
        "credit_unit": 3.0,
        "original_score": 34.0,
        "resit_score": 68.0
      },
      "NUS122": {
        "course_code": "NUS122",
        "course_title": "Human Physiology II",
        "credit_unit": 2.0,
        "original_score": 46.0,
        "resit_score": 58.0
      }
    },
    "failed_resit_courses": {}
  },
  "FCTCONS/ND24/026": {
    "exam_number": "FCTCONS/ND24/026",
    "name": "OBADIAH MOSES",
    "carryover_courses": {
      "NUS125": {
        "course_code": "NUS125",
        "course_title": "Pharmacology I",
        "credit_unit": 3.0,
        "original_score": 40.0,
        "resit_score": 54.0
      }
    },
    "passed_resit_courses": {
      "NUS125": {
        "course_code": "NUS125",
        "course_title": "Pharmacology I",
        "credit_unit": 3.0,
        "original_score": 40.0,
        "resit_score": 54.0
      }
    },
    "failed_resit_courses": {}
  },
  "FCTCONS/ND24/031": {
    "exam_number": "FCTCONS/ND24/031",
    "name": "MUHAMMAD NANA AISHA",
    "carryover_courses": {
      "NUS121": {
        "course_code": "NUS121",
        "course_title": "Human Anatomy II",
        "credit_unit": 4.0,
        "original_score": 43.0,
        "resit_score": 54.0
      },
      "NUS122": {
        "course_code": "NUS122",
        "course_title": "Human Physiology II",
        "credit_unit": 2.0,
        "original_score": 46.0,
        "resit_score": 58.0
      }
    },
    "passed_resit_courses": {
      "NUS121": {
        "course_code": "NUS121",
        "course_title": "Human Anatomy II",
        "credit_unit": 4.0,
        "original_score": 43.0,
        "resit_score": 54.0
      },
      "NUS122": {
        "course_code": "NUS122",
        "course_title": "Human Physiology II",
        "credit_unit": 2.0,
        "original_score": 46.0,
        "resit_score": 58.0
      }
    },
    "failed_resit_courses": {}
  },
  "FCTCONS/ND24/034": {
    "exam_number": "FCTCONS/ND24/034",
    "name": "IDOGBE GLORIA OWOFU",
    "carryover_courses": {
      "NUS123": {
        "course_code": "NUS123",
        "course_title": "Developmental Psychology",
        "credit_unit": 2.0,
        "original_score": 37.0,
        "resit_score": 53.0
      }
    },
    "passed_resit_courses": {
      "NUS123": {
        "course_code": "NUS123",
        "course_title": "Developmental Psychology",
        "credit_unit": 2.0,
        "original_score": 37.0,
        "resit_score": 53.0
      }
    },
    "failed_resit_courses": {}
  },
  "FCTCONS/ND24/035": {
    "exam_number": "FCTCONS/ND24/035",
    "name": "AGBOOLA OLATOMIWA",
    "carryover_courses": {
      "NUR121": {
        "course_code": "NUR121",
        "course_title": "Foundations Of Nursing II",
        "credit_unit": 4.0,
        "original_score": 46.0,
        "resit_score": 50.0
      }
    },
    "passed_resit_courses": {
      "NUR121": {
        "course_code": "NUR121",
        "course_title": "Foundations Of Nursing II",
        "credit_unit": 4.0,
        "original_score": 46.0,
        "resit_score": 50.0
      }
    },
    "failed_resit_courses": {}
  },
  "FCTCONS/ND24/038": {
    "exam_number": "FCTCONS/ND24/038",
    "name": "SANI ADAM ADAMU",
    "carryover_courses": {
      "NUS122": {
        "course_code": "NUS122",
        "course_title": "Human Physiology II",
        "credit_unit": 2.0,
        "original_score": 34.0,
        "resit_score": 53.0
      },
      "NUS123": {
        "course_code": "NUS123",
        "course_title": "Developmental Psychology",
        "credit_unit": 2.0,
        "original_score": 49.0,
        "resit_score": 74.0
      }
    },
    "passed_resit_courses": {
      "NUS122": {
        "course_code": "NUS122",
        "course_title": "Human Physiology II",
        "credit_unit": 2.0,
        "original_score": 34.0,
        "resit_score": 53.0
      },
      "NUS123": {
        "course_code": "NUS123",
        "course_title": "Developmental Psychology",
        "credit_unit": 2.0,
        "original_score": 49.0,
        "resit_score": 74.0
      }
    },
    "failed_resit_courses": {}
  },
  "FCTCONS/ND24/040": {
    "exam_number": "FCTCONS/ND24/040",
    "name": "AGBEGE SUZAN",
    "carryover_courses": {
      "EED126": {
        "course_code": "EED126",
        "course_title": "Intro. To Entrepreneurship",
        "credit_unit": 2.0,
        "original_score": 32.0,
        "resit_score": 58.0
      }
    },
    "passed_resit_courses": {
      "EED126": {
        "course_code": "EED126",
        "course_title": "Intro. To Entrepreneurship",
        "credit_unit": 2.0,
        "original_score": 32.0,
        "resit_score": 58.0
      }
    },
    "failed_resit_courses": {}
  },
  "FCTCONS/ND24/049": {
    "exam_number": "FCTCONS/ND24/049",
    "name": "EMMANUEL FAITH  AKOMENOMO",
    "carryover_courses": {
      "NUR122": {
        "course_code": "NUR122",
        "course_title": "Primary Health Care (PHC) I",
        "credit_unit": 3.0,
        "original_score": 43.0,
        "resit_score": 79.0
      },
      "NUS122": {
        "course_code": "NUS122",
        "course_title": "Human Physiology II",
        "credit_unit": 2.0,
        "original_score": 42.0,
        "resit_score": 64.0
      },
      "NUS123": {
        "course_code": "NUS123",
        "course_title": "Developmental Psychology",
        "credit_unit": 2.0,
        "original_score": 45.0,
        "resit_score": 68.0
      }
    },
    "passed_resit_courses": {
      "NUR122": {
        "course_code": "NUR122",
        "course_title": "Primary Health Care (PHC) I",
        "credit_unit": 3.0,
        "original_score": 43.0,
        "resit_score": 79.0
      },
      "NUS122": {
        "course_code": "NUS122",
        "course_title": "Human Physiology II",
        "credit_unit": 2.0,
        "original_score": 42.0,
        "resit_score": 64.0
      },
      "NUS123": {
        "course_code": "NUS123",
        "course_title": "Developmental Psychology",
        "credit_unit": 2.0,
        "original_score": 45.0,
        "resit_score": 68.0
      }
    },
    "failed_resit_courses": {}
  },
  "FCTCONS/ND24/051": {
    "exam_number": "FCTCONS/ND24/051",
    "name": "NDUBUISI GIFT ONYIYECHI",
    "carryover_courses": {
      "NUS122": {
        "course_code": "NUS122",
        "course_title": "Human Physiology II",
        "credit_unit": 2.0,
        "original_score": 48.0,
        "resit_score": 78.0
      }
    },
    "passed_resit_courses": {
      "NUS122": {
        "course_code": "NUS122",
        "course_title": "Human Physiology II",
        "credit_unit": 2.0,
        "original_score": 48.0,
        "resit_score": 78.0
      }
    },
    "failed_resit_courses": {}
  },
  "FCTCONS/ND24/056": {
    "exam_number": "FCTCONS/ND24/056",
    "name": "MAINA SHAMMAH MUSA",
    "carryover_courses": {
      "EED126": {
        "course_code": "EED126",
        "course_title": "Intro. To Entrepreneurship",
        "credit_unit": 2.0,
        "original_score": 44.0,
        "resit_score": 79.0
      },
      "NUR122": {
        "course_code": "NUR122",
        "course_title": "Primary Health Care (PHC) I",
        "credit_unit": 3.0,
        "original_score": 48.0,
        "resit_score": 59.0
      }
    },
    "passed_resit_courses": {
      "EED126": {
        "course_code": "EED126",
        "course_title": "Intro. To Entrepreneurship",
        "credit_unit": 2.0,
        "original_score": 44.0,
        "resit_score": 79.0
      },
      "NUR122": {
        "course_code": "NUR122",
        "course_title": "Primary Health Care (PHC) I",
        "credit_unit": 3.0,
        "original_score": 48.0,
        "resit_score": 59.0
      }
    },
    "failed_resit_courses": {}
  },
  "FCTCONS/ND24/057": {
    "exam_number": "FCTCONS/ND24/057",
    "name": "JIMOH PRINCESS RAHIMAT",
    "carryover_courses": {
      "NUS122": {
        "course_code": "NUS122",
        "course_title": "Human Physiology II",
        "credit_unit": 2.0,
        "original_score": 48.0,
        "resit_score": 56.0
      }
    },
    "passed_resit_courses": {
      "NUS122": {
        "course_code": "NUS122",
        "course_title": "Human Physiology II",
        "credit_unit": 2.0,
        "original_score": 48.0,
        "resit_score": 56.0
      }
    },
    "failed_resit_courses": {}
  },
  "FCTCONS/ND24/059": {
    "exam_number": "FCTCONS/ND24/059",
    "name": "OBORO MABEL OGHENEMARO",
    "carryover_courses": {
      "NUR122": {
        "course_code": "NUR122",
        "course_title": "Primary Health Care (PHC) I",
        "credit_unit": 3.0,
        "original_score": 38.0,
        "resit_score": 77.0
      }
    },
    "passed_resit_courses": {
      "NUR122": {
        "course_code": "NUR122",
        "course_title": "Primary Health Care (PHC) I",
        "credit_unit": 3.0,
        "original_score": 38.0,
        "resit_score": 77.0
      }
    },
    "failed_resit_courses": {}
  },
  "FCTCONS/ND24/060": {
    "exam_number": "FCTCONS/ND24/060",
    "name": "OCHEMEJE EMMANUELLA OMOJO",
    "carryover_courses": {
      "EED126": {
        "course_code": "EED126",
        "course_title": "Intro. To Entrepreneurship",
        "credit_unit": 2.0,
        "original_score": 40.0,
        "resit_score": 62.0
      }
    },
    "passed_resit_courses": {
      "EED126": {
        "course_code": "EED126",
        "course_title": "Intro. To Entrepreneurship",
        "credit_unit": 2.0,
        "original_score": 40.0,
        "resit_score": 62.0
      }
    },
    "failed_resit_courses": {}
  },
  "FCTCONS/ND24/063": {
    "exam_number": "FCTCONS/ND24/063",
    "name": "NEZIEANYA KOSISOCHUKWU CHIMEZIE",
    "carryover_courses": {
      "NUS121": {
        "course_code": "NUS121",
        "course_title": "Human Anatomy II",
        "credit_unit": 4.0,
        "original_score": 48.0,
        "resit_score": 60.0
      }
    },
    "passed_resit_courses": {
      "NUS121": {
        "course_code": "NUS121",
        "course_title": "Human Anatomy II",
        "credit_unit": 4.0,
        "original_score": 48.0,
        "resit_score": 60.0
      }
    },
    "failed_resit_courses": {}
  },
  "FCTCONS/ND24/067": {
    "exam_number": "FCTCONS/ND24/067",
    "name": "ADEGOKE MARVELLOUS ARAMIDE",
    "carryover_courses": {
      "NUR121": {
        "course_code": "NUR121",
        "course_title": "Foundations Of Nursing II",
        "credit_unit": 4.0,
        "original_score": 42.0,
        "resit_score": 72.0
      }
    },
    "passed_resit_courses": {
      "NUR121": {
        "course_code": "NUR121",
        "course_title": "Foundations Of Nursing II",
        "credit_unit": 4.0,
        "original_score": 42.0,
        "resit_score": 72.0
      }
    },
    "failed_resit_courses": {}
  },
  "FCTCONS/ND24/068": {
    "exam_number": "FCTCONS/ND24/068",
    "name": "CHIKEZE MIRIAM OLUEBUBE",
    "carryover_courses": {
      "NUS123": {
        "course_code": "NUS123",
        "course_title": "Developmental Psychology",
        "credit_unit": 2.0,
        "original_score": 48.0,
        "resit_score": 76.0
      }
    },
    "passed_resit_courses": {
      "NUS123": {
        "course_code": "NUS123",
        "course_title": "Developmental Psychology",
        "credit_unit": 2.0,
        "original_score": 48.0,
        "resit_score": 76.0
      }
    },
    "failed_resit_courses": {}
  },
  "FCTCONS/ND24/073": {
    "exam_number": "FCTCONS/ND24/073",
    "name": "ONYEHI PRAISE MAXWELL",
    "carryover_courses": {
      "NUS124": {
        "course_code": "NUS124",
        "course_title": "Human Nutrition",
        "credit_unit": 3.0,
        "original_score": 40.0,
        "resit_score": 67.0
      }
    },
    "passed_resit_courses": {
      "NUS124": {
        "course_code": "NUS124",
        "course_title": "Human Nutrition",
        "credit_unit": 3.0,
        "original_score": 40.0,
        "resit_score": 67.0
      }
    },
    "failed_resit_courses": {}
  },
  "FCTCONS/ND24/076": {
    "exam_number": "FCTCONS/ND24/076",
    "name": "OCHOLI TREASURE EGUYE",
    "carryover_courses": {
      "NUS122": {
        "course_code": "NUS122",
        "course_title": "Human Physiology II",
        "credit_unit": 2.0,
        "original_score": 40.0,
        "resit_score": 71.0
      },
      "NUS123": {
        "course_code": "NUS123",
        "course_title": "Developmental Psychology",
        "credit_unit": 2.0,
        "original_score": 34.0,
        "resit_score": 57.0
      }
    },
    "passed_resit_courses": {
      "NUS122": {
        "course_code": "NUS122",
        "course_title": "Human Physiology II",
        "credit_unit": 2.0,
        "original_score": 40.0,
        "resit_score": 71.0
      },
      "NUS123": {
        "course_code": "NUS123",
        "course_title": "Developmental Psychology",
        "credit_unit": 2.0,
        "original_score": 34.0,
        "resit_score": 57.0
      }
    },
    "failed_resit_courses": {}
  },
  "FCTCONS/ND24/077": {
    "exam_number": "FCTCONS/ND24/077",
    "name": "OODOH COMFORT ONYENEFU",
    "carryover_courses": {
      "NUR121": {
        "course_code": "NUR121",
        "course_title": "Foundations Of Nursing II",
        "credit_unit": 4.0,
        "original_score": 48.0,
        "resit_score": 79.0
      }
    },
    "passed_resit_courses": {
      "NUR121": {
        "course_code": "NUR121",
        "course_title": "Foundations Of Nursing II",
        "credit_unit": 4.0,
        "original_score": 48.0,
        "resit_score": 79.0
      }
    },
    "failed_resit_courses": {}
  },
  "FCTCONS/ND24/079": {
    "exam_number": "FCTCONS/ND24/079",
    "name": "IBRAHIM MURJANATU",
    "carryover_courses": {
      "NUR121": {
        "course_code": "NUR121",
        "course_title": "Foundations Of Nursing II",
        "credit_unit": 4.0,
        "original_score": 44.0,
        "resit_score": 73.0
      }
    },
    "passed_resit_courses": {
      "NUR121": {
        "course_code": "NUR121",
        "course_title": "Foundations Of Nursing II",
        "credit_unit": 4.0,
        "original_score": 44.0,
        "resit_score": 73.0
      }
    },
    "failed_resit_courses": {}
  },
  "FCTCONS/ND24/086": {
    "exam_number": "FCTCONS/ND24/086",
    "name": "BARNABAS RITA SIMNOM",
    "carryover_courses": {
      "NUS124": {
        "course_code": "NUS124",
        "course_title": "Human Nutrition",
        "credit_unit": 3.0,
        "original_score": 42.0,
        "resit_score": 52.0
      }
    },
    "passed_resit_courses": {
      "NUS124": {
        "course_code": "NUS124",
        "course_title": "Human Nutrition",
        "credit_unit": 3.0,
        "original_score": 42.0,
        "resit_score": 52.0
      }
    },
    "failed_resit_courses": {}
  },
  "FCTCONS/ND24/087": {
    "exam_number": "FCTCONS/ND24/087",
    "name": "AYODELE MUMEENAT DADA",
    "carryover_courses": {
      "NUR121": {
        "course_code": "NUR121",
        "course_title": "Foundations Of Nursing II",
        "credit_unit": 4.0,
        "original_score": 48.0,
        "resit_score": 67.0
      },
      "NUS121": {
        "course_code": "NUS121",
        "course_title": "Human Anatomy II",
        "credit_unit": 4.0,
        "original_score": 49.0,
        "resit_score": 75.0
      }
    },
    "passed_resit_courses": {
      "NUR121": {
        "course_code": "NUR121",
        "course_title": "Foundations Of Nursing II",
        "credit_unit": 4.0,
        "original_score": 48.0,
        "resit_score": 67.0
      },
      "NUS121": {
        "course_code": "NUS121",
        "course_title": "Human Anatomy II",
        "credit_unit": 4.0,
        "original_score": 49.0,
        "resit_score": 75.0
      }
    },
    "failed_resit_courses": {}
  },
  "FCTCONS/ND24/089": {
    "exam_number": "FCTCONS/ND24/089",
    "name": "IJEOMA RUTH DABERECHUKWU",
    "carryover_courses": {
      "EED126": {
        "course_code": "EED126",
        "course_title": "Intro. To Entrepreneurship",
        "credit_unit": 2.0,
        "original_score": 40.0,
        "resit_score": 55.0
      }
    },
    "passed_resit_courses": {
      "EED126": {
        "course_code": "EED126",
        "course_title": "Intro. To Entrepreneurship",
        "credit_unit": 2.0,
        "original_score": 40.0,
        "resit_score": 55.0
      }
    },
    "failed_resit_courses": {}
  },
  "FCTCONS/ND24/092": {
    "exam_number": "FCTCONS/ND24/092",
    "name": "OKUCHE KOSISOCHUKWU SCHOLARSTICA",
    "carryover_courses": {
      "NUR121": {
        "course_code": "NUR121",
        "course_title": "Foundations Of Nursing II",
        "credit_unit": 4.0,
        "original_score": 44.0,
        "resit_score": 53.0
      }
    },
    "passed_resit_courses": {
      "NUR121": {
        "course_code": "NUR121",
        "course_title": "Foundations Of Nursing II",
        "credit_unit": 4.0,
        "original_score": 44.0,
        "resit_score": 53.0
      }
    },
    "failed_resit_courses": {}
  },
  "FCTCONS/ND24/096": {
    "exam_number": "FCTCONS/ND24/096",
    "name": "OKAFOR UWAOMA VICTORY",
    "carryover_courses": {
      "NUS122": {
        "course_code": "NUS122",
        "course_title": "Human Physiology II",
        "credit_unit": 2.0,
        "original_score": 49.0,
        "resit_score": 65.0
      },
      "NUS124": {
        "course_code": "NUS124",
        "course_title": "Human Nutrition",
        "credit_unit": 3.0,
        "original_score": 48.0,
        "resit_score": 65.0
      },
      "NUS125": {
        "course_code": "NUS125",
        "course_title": "Pharmacology I",
        "credit_unit": 3.0,
        "original_score": 40.0,
        "resit_score": 60.0
      }
    },
    "passed_resit_courses": {
      "NUS122": {
        "course_code": "NUS122",
        "course_title": "Human Physiology II",
        "credit_unit": 2.0,
        "original_score": 49.0,
        "resit_score": 65.0
      },
      "NUS124": {
        "course_code": "NUS124",
        "course_title": "Human Nutrition",
        "credit_unit": 3.0,
        "original_score": 48.0,
        "resit_score": 65.0
      },
      "NUS125": {
        "course_code": "NUS125",
        "course_title": "Pharmacology I",
        "credit_unit": 3.0,
        "original_score": 40.0,
        "resit_score": 60.0
      }
    },
    "failed_resit_courses": {}
  },
  "FCTCONS/ND24/097": {
    "exam_number": "FCTCONS/ND24/097",
    "name": "UCHE ULOMA",
    "carryover_courses": {
      "NUS123": {
        "course_code": "NUS123",
        "course_title": "Developmental Psychology",
        "credit_unit": 2.0,
        "original_score": 40.0,
        "resit_score": 71.0
      }
    },
    "passed_resit_courses": {
      "NUS123": {
        "course_code": "NUS123",
        "course_title": "Developmental Psychology",
        "credit_unit": 2.0,
        "original_score": 40.0,
        "resit_score": 71.0
      }
    },
    "failed_resit_courses": {}
  },
  "FCTCONS/ND24/098": {
    "exam_number": "FCTCONS/ND24/098",
    "name": "SULEIMAN MARYAM HARUNA",
    "carryover_courses": {
      "NUS125": {
        "course_code": "NUS125",
        "course_title": "Pharmacology I",
        "credit_unit": 3.0,
        "original_score": 48.0,
        "resit_score": 58.0
      }
    },
    "passed_resit_courses": {
      "NUS125": {
        "course_code": "NUS125",
        "course_title": "Pharmacology I",
        "credit_unit": 3.0,
        "original_score": 48.0,
        "resit_score": 58.0
      }
    },
    "failed_resit_courses": {}
  },
  "FCTCONS/ND24/100": {
    "exam_number": "FCTCONS/ND24/100",
    "name": "BAMIDELE FAVOUR DUPE",
    "carryover_courses": {
      "NUS122": {
        "course_code": "NUS122",
        "course_title": "Human Physiology II",
        "credit_unit": 2.0,
        "original_score": 44.0,
        "resit_score": 65.0
      },
      "NUS123": {
        "course_code": "NUS123",
        "course_title": "Developmental Psychology",
        "credit_unit": 2.0,
        "original_score": 48.0,
        "resit_score": 57.0
      }
    },
    "passed_resit_courses": {
      "NUS122": {
        "course_code": "NUS122",
        "course_title": "Human Physiology II",
        "credit_unit": 2.0,
        "original_score": 44.0,
        "resit_score": 65.0
      },
      "NUS123": {
        "course_code": "NUS123",
        "course_title": "Developmental Psychology",
        "credit_unit": 2.0,
        "original_score": 48.0,
        "resit_score": 57.0
      }
    },
    "failed_resit_courses": {}
  },
  "FCTCONS/ND24/105": {
    "exam_number": "FCTCONS/ND24/105",
    "name": "IJAUKA HENRY UJI",
    "carryover_courses": {
      "NUS122": {
        "course_code": "NUS122",
        "course_title": "Human Physiology II",
        "credit_unit": 2.0,
        "original_score": 48.0,
        "resit_score": 74.0
      }
    },
    "passed_resit_courses": {
      "NUS122": {
        "course_code": "NUS122",
        "course_title": "Human Physiology II",
        "credit_unit": 2.0,
        "original_score": 48.0,
        "resit_score": 74.0
      }
    },
    "failed_resit_courses": {}
  },
  "FCTCONS/ND24/109": {
    "exam_number": "FCTCONS/ND24/109",
    "name": "GEOFFREY DIVINE DESTINY",
    "carryover_courses": {
      "NUR121": {
        "course_code": "NUR121",
        "course_title": "Foundations Of Nursing II",
        "credit_unit": 4.0,
        "original_score": 42.0,
        "resit_score": 79.0
      },
      "NUS123": {
        "course_code": "NUS123",
        "course_title": "Developmental Psychology",
        "credit_unit": 2.0,
        "original_score": 43.0,
        "resit_score": 67.0
      }
    },
    "passed_resit_courses": {
      "NUR121": {
        "course_code": "NUR121",
        "course_title": "Foundations Of Nursing II",
        "credit_unit": 4.0,
        "original_score": 42.0,
        "resit_score": 79.0
      },
      "NUS123": {
        "course_code": "NUS123",
        "course_title": "Developmental Psychology",
        "credit_unit": 2.0,
        "original_score": 43.0,
        "resit_score": 67.0
      }
    },
    "failed_resit_courses": {}
  },
  "FCTCONS/ND24/110": {
    "exam_number": "FCTCONS/ND24/110",
    "name": "ABOKO DAVID JUNIOR",
    "carryover_courses": {
      "NUS121": {
        "course_code": "NUS121",
        "course_title": "Human Anatomy II",
        "credit_unit": 4.0,
        "original_score": 40.0,
        "resit_score": 67.0
      },
      "NUS125": {
        "course_code": "NUS125",
        "course_title": "Pharmacology I",
        "credit_unit": 3.0,
        "original_score": 36.0,
        "resit_score": 53.0
      }
    },
    "passed_resit_courses": {
      "NUS121": {
        "course_code": "NUS121",
        "course_title": "Human Anatomy II",
        "credit_unit": 4.0,
        "original_score": 40.0,
        "resit_score": 67.0
      },
      "NUS125": {
        "course_code": "NUS125",
        "course_title": "Pharmacology I",
        "credit_unit": 3.0,
        "original_score": 36.0,
        "resit_score": 53.0
      }
    },
    "failed_resit_courses": {}
  },
  "FCTCONS/ND24/112": {
    "exam_number": "FCTCONS/ND24/112",
    "name": "FOLORUNSHO AANUOLUWA PRECIOUS",
    "carryover_courses": {
      "NUS124": {
        "course_code": "NUS124",
        "course_title": "Human Nutrition",
        "credit_unit": 3.0,
        "original_score": 48.0,
        "resit_score": 80.0
      }
    },
    "passed_resit_courses": {
      "NUS124": {
        "course_code": "NUS124",
        "course_title": "Human Nutrition",
        "credit_unit": 3.0,
        "original_score": 48.0,
        "resit_score": 80.0
      }
    },
    "failed_resit_courses": {}
  },
  "FCTCONS/ND24/116": {
    "exam_number": "FCTCONS/ND24/116",
    "name": "YAKUBU ANGELA",
    "carryover_courses": {
      "NUS122": {
        "course_code": "NUS122",
        "course_title": "Human Physiology II",
        "credit_unit": 2.0,
        "original_score": 42.0,
        "resit_score": 52.0
      }
    },
    "passed_resit_courses": {
      "NUS122": {
        "course_code": "NUS122",
        "course_title": "Human Physiology II",
        "credit_unit": 2.0,
        "original_score": 42.0,
        "resit_score": 52.0
      }
    },
    "failed_resit_courses": {}
  },
  "FCTCONS/ND24/120": {
    "exam_number": "FCTCONS/ND24/120",
    "name": "EMMANUEL ZIPPORAH",
    "carryover_courses": {
      "EED126": {
        "course_code": "EED126",
        "course_title": "Intro. To Entrepreneurship",
        "credit_unit": 2.0,
        "original_score": 38.0,
        "resit_score": 51.0
      }
    },
    "passed_resit_courses": {
      "EED126": {
        "course_code": "EED126",
        "course_title": "Intro. To Entrepreneurship",
        "credit_unit": 2.0,
        "original_score": 38.0,
        "resit_score": 51.0
      }
    },
    "failed_resit_courses": {}
  },
  "FCTCONS/ND24/121": {
    "exam_number": "FCTCONS/ND24/121",
    "name": "HUSSAINI AISHA KUCHI",
    "carryover_courses": {
      "NUR122": {
        "course_code": "NUR122",
        "course_title": "Primary Health Care (PHC) I",
        "credit_unit": 3.0,
        "original_score": 49.0,
        "resit_score": 74.0
      }
    },
    "passed_resit_courses": {
      "NUR122": {
        "course_code": "NUR122",
        "course_title": "Primary Health Care (PHC) I",
        "credit_unit": 3.0,
        "original_score": 49.0,
        "resit_score": 74.0
      }
    },
    "failed_resit_courses": {}
  },
  "FCTCONS/ND24/122": {
    "exam_number": "FCTCONS/ND24/122",
    "name": "ONYEKWELU CHIAMAKA EUGENIA",
    "carryover_courses": {
      "NUR121": {
        "course_code": "NUR121",
        "course_title": "Foundations Of Nursing II",
        "credit_unit": 4.0,
        "original_score": 40.0,
        "resit_score": 52.0
      },
      "NUS124": {
        "course_code": "NUS124",
        "course_title": "Human Nutrition",
        "credit_unit": 3.0,
        "original_score": 41.0,
        "resit_score": 72.0
      }
    },
    "passed_resit_courses": {
      "NUR121": {
        "course_code": "NUR121",
        "course_title": "Foundations Of Nursing II",
        "credit_unit": 4.0,
        "original_score": 40.0,
        "resit_score": 52.0
      },
      "NUS124": {
        "course_code": "NUS124",
        "course_title": "Human Nutrition",
        "credit_unit": 3.0,
        "original_score": 41.0,
        "resit_score": 72.0
      }
    },
    "failed_resit_courses": {}
  },
  "FCTCONS/ND24/123": {
    "exam_number": "FCTCONS/ND24/123",
    "name": "HASSAN SOPHIA AISOSA",
    "carryover_courses": {
      "NUR122": {
        "course_code": "NUR122",
        "course_title": "Primary Health Care (PHC) I",
        "credit_unit": 3.0,
        "original_score": 42.0,
        "resit_score": 74.0
      }
    },
    "passed_resit_courses": {
      "NUR122": {
        "course_code": "NUR122",
        "course_title": "Primary Health Care (PHC) I",
        "credit_unit": 3.0,
        "original_score": 42.0,
        "resit_score": 74.0
      }
    },
    "failed_resit_courses": {}
  },
  "FCTCONS/ND24/132": {
    "exam_number": "FCTCONS/ND24/132",
    "name": "CHUDE ALEXANDER CHIDUBEM",
    "carryover_courses": {
      "NUS125": {
        "course_code": "NUS125",
        "course_title": "Pharmacology I",
        "credit_unit": 3.0,
        "original_score": 40.0,
        "resit_score": 76.0
      }
    },
    "passed_resit_courses": {
      "NUS125": {
        "course_code": "NUS125",
        "course_title": "Pharmacology I",
        "credit_unit": 3.0,
        "original_score": 40.0,
        "resit_score": 76.0
      }
    },
    "failed_resit_courses": {}
  },
  "FCTCONS/ND24/133": {
    "exam_number": "FCTCONS/ND24/133",
    "name": "ELEGHASIM DELIGHT CHIDINMA",
    "carryover_courses": {
      "NUS123": {
        "course_code": "NUS123",
        "course_title": "Developmental Psychology",
        "credit_unit": 2.0,
        "original_score": 42.0,
        "resit_score": 54.0
      }
    },
    "passed_resit_courses": {
      "NUS123": {
        "course_code": "NUS123",
        "course_title": "Developmental Psychology",
        "credit_unit": 2.0,
        "original_score": 42.0,
        "resit_score": 54.0
      }
    },
    "failed_resit_courses": {}
  },
  "FCTCONS/ND24/137": {
    "exam_number": "FCTCONS/ND24/137",
    "name": "ELIZABETH DANIEL",
    "carryover_courses": {
      "NUS123": {
        "course_code": "NUS123",
        "course_title": "Developmental Psychology",
        "credit_unit": 2.0,
        "original_score": 43.0,
        "resit_score": 53.0
      }
    },
    "passed_resit_courses": {
      "NUS123": {
        "course_code": "NUS123",
        "course_title": "Developmental Psychology",
        "credit_unit": 2.0,
        "original_score": 43.0,
        "resit_score": 53.0
      }
    },
    "failed_resit_courses": {}
  }
}