ND CARRYOVER RESULT REPORT,,,,,
FCT COLLEGE OF NURSING SCIENCES,,,,,
ND Set: ND-2024,,,,,
ND Semester: ND-SECOND-YEAR-SECOND-SEMESTER,,,,,
,,,,,
ND STUDENT INFORMATION,,,,,
Exam Number:,FCTCONS/ND24/136,,,,
Name:,JACOB OJIMA PENIEL,,,,
,,,,,
ND PREVIOUS GPAs,,,,,
Semester 1:,3.04,,,,
Semester 2:,4.26,,,,
Semester 3:,3.72,,,,
,,,,,
ND CURRENT ACADEMIC RECORD,,,,,
Current GPA:,3.93,,,,
Current CGPA:,3.79,,,,
,,,,,
ND RESIT COURSES,,,,,
Course Code,Course Title,Credit Unit,Original Score,Resit Score,Status
NUR221,Foundations Of Nursing IV,4.0,40.0,68.0,PASSED
NUR224,Mental Health / Psychiatric Nursing,3.0,48.0,76.0,PASSED
