ND CARRYOVER RESULT REPORT,,,,,
FCT COLLEGE OF NURSING SCIENCES,,,,,
ND Set: ND-2024,,,,,
ND Semester: ND-SECOND-YEAR-SECOND-SEMESTER,,,,,
,,,,,
ND STUDENT INFORMATION,,,,,
Exam Number:,FCTCONS/ND24/110,,,,
Name:,ABOKO DAVID JUNIOR,,,,
,,,,,
ND PREVIOUS GPAs,,,,,
Semester 1:,2.48,,,,
Semester 2:,3.13,,,,
Semester 3:,3.44,,,,
,,,,,
ND CURRENT ACADEMIC RECORD,,,,,
Current GPA:,3.1,,,,
Current CGPA:,3.05,,,,
,,,,,
ND RESIT COURSES,,,,,
Course Code,Course Title,Credit Unit,Original Score,Resit Score,Status
NUR221,Foundations Of Nursing IV,4.0,38.0,80.0,PASSED
NUR223,Reproductive Health I,4.0,48.0,71.0,PASSED
NUR224,Mental Health / Psychiatric Nursing,3.0,39.0,60.0,PASSED
