ND CARRYOVER RESULT REPORT,,,,,
FCT COLLEGE OF NURSING SCIENCES,,,,,
ND Set: ND-2024,,,,,
ND Semester: ND-SECOND-YEAR-SECOND-SEMESTER,,,,,
,,,,,
ND STUDENT INFORMATION,,,,,
Exam Number:,FCTCONS/ND24/091,,,,
Name:,DANLADI MERCY,,,,
,,,,,
ND PREVIOUS GPAs,,,,,
Semester 1:,3.6,,,,
Semester 2:,4.65,,,,
Semester 3:,3.48,,,,
,,,,,
ND CURRENT ACADEMIC RECORD,,,,,
Current GPA:,3.14,,,,
Current CGPA:,3.77,,,,
,,,,,
ND RESIT COURSES,,,,,
Course Code,Course Title,Credit Unit,Original Score,Resit Score,Status
NUR223,Reproductive Health I,4.0,41.0,75.0,PASSED
NUS221,Human Anatomy IV,4.0,41.0,64.0,PASSED
NUS222,Human Physiology IV,2.0,37.0,73.0,PASSED
