ND CARRYOVER RESULT REPORT,,,,,
FCT COLLEGE OF NURSING SCIENCES,,,,,
ND Set: ND-2024,,,,,
ND Semester: ND-SECOND-YEAR-SECOND-SEMESTER,,,,,
,,,,,
ND STUDENT INFORMATION,,,,,
Exam Number:,FCTCONS/ND24/102,,,,
Name:,MICHEAL CATHERINE,,,,
,,,,,
ND PREVIOUS GPAs,,,,,
Semester 1:,2.84,,,,
Semester 2:,3.57,,,,
Semester 3:,3.44,,,,
,,,,,
ND CURRENT ACADEMIC RECORD,,,,,
Current GPA:,3.48,,,,
Current CGPA:,3.38,,,,
,,,,,
ND RESIT COURSES,,,,,
Course Code,Course Title,Credit Unit,Original Score,Resit Score,Status
NUR227,Client Case/Care Study,2.0,47.0,73.0,PASSED
NUS221,Human Anatomy IV,4.0,46.0,69.0,PASSED
