ND CARRYOVER RESULT REPORT,,,,,
FCT COLLEGE OF NURSING SCIENCES,,,,,
ND Set: ND-2024,,,,,
ND Semester: ND-SECOND-YEAR-SECOND-SEMESTER,,,,,
,,,,,
ND STUDENT INFORMATION,,,,,
Exam Number:,FCTCONS/ND24/097,,,,
Name:,UCHE ULOMA,,,,
,,,,,
ND PREVIOUS GPAs,,,,,
Semester 1:,2.64,,,,
Semester 2:,3.87,,,,
Semester 3:,4.48,,,,
,,,,,
ND CURRENT ACADEMIC RECORD,,,,,
Current GPA:,4.1,,,,
Current CGPA:,3.86,,,,
,,,,,
ND RESIT COURSES,,,,,
Course Code,Course Title,Credit Unit,Original Score,Resit Score,Status
NUR221,Foundations Of Nursing IV,4.0,44.0,74.0,PASSED
