ND CARRYOVER RESULT REPORT,,,,,
FCT COLLEGE OF NURSING SCIENCES,,,,,
ND Set: ND-2024,,,,,
ND Semester: ND-SECOND-YEAR-SECOND-SEMESTER,,,,,
,,,,,
ND STUDENT INFORMATION,,,,,
Exam Number:,FCTCONS/ND24/057,,,,
Name:,JIMOH PRINCESS RAHIMAT,,,,
,,,,,
ND PREVIOUS GPAs,,,,,
Semester 1:,3.04,,,,
Semester 2:,4.61,,,,
Semester 3:,4.6,,,,
,,,,,
ND CURRENT ACADEMIC RECORD,,,,,
Current GPA:,4.24,,,,
Current CGPA:,4.19,,,,
,,,,,
ND RESIT COURSES,,,,,
Course Code,Course Title,Credit Unit,Original Score,Resit Score,Status
EEd216,Practice Of Entrepreneurship,3.0,43.0,75.0,PASSED
