ND CARRYOVER RESULT REPORT,,,,,
FCT COLLEGE OF NURSING SCIENCES,,,,,
ND Set: ND-2024,,,,,
ND Semester: ND-SECOND-YEAR-SECOND-SEMESTER,,,,,
,,,,,
ND STUDENT INFORMATION,,,,,
Exam Number:,FCTCONS/ND24/018,,,,
Name:,IGBASAN PHILBERTA  OLUWASEUN,,,,
,,,,,
ND PREVIOUS GPAs,,,,,
Semester 1:,2.4,,,,
Semester 2:,2.74,,,,
Semester 3:,4.6,,,,
,,,,,
ND CURRENT ACADEMIC RECORD,,,,,
Current GPA:,3.83,,,,
Current CGPA:,3.62,,,,
,,,,,
ND RESIT COURSES,,,,,
Course Code,Course Title,Credit Unit,Original Score,Resit Score,Status
NUR222,Medical-Surgical  Nursing II,4.0,48.0,68.0,PASSED
