ND CARRYOVER RESULT REPORT,,,,,
FCT COLLEGE OF NURSING SCIENCES,,,,,
ND Set: ND-2024,,,,,
ND Semester: ND-SECOND-YEAR-SECOND-SEMESTER,,,,,
,,,,,
ND STUDENT INFORMATION,,,,,
Exam Number:,FCTCONS/ND24/086,,,,
Name:,BARNABAS RITA SIMNOM,,,,
,,,,,
ND PREVIOUS GPAs,,,,,
Semester 1:,3.36,,,,
Semester 2:,4.04,,,,
Semester 3:,3.92,,,,
,,,,,
ND CURRENT ACADEMIC RECORD,,,,,
Current GPA:,3.86,,,,
Current CGPA:,3.82,,,,
,,,,,
ND RESIT COURSES,,,,,
Course Code,Course Title,Credit Unit,Original Score,Resit Score,Status
NUS221,Human Anatomy IV,4.0,44.0,53.0,PASSED
