ND CARRYOVER RESULT REPORT,,,,,
FCT COLLEGE OF NURSING SCIENCES,,,,,
ND Set: ND-2024,,,,,
ND Semester: ND-SECOND-YEAR-SECOND-SEMESTER,,,,,
,,,,,
ND STUDENT INFORMATION,,,,,
Exam Number:,FCTCONS/ND24/003,,,,
Name:,UDEMBA DANIELLA CHINENYE,,,,
,,,,,
ND PREVIOUS GPAs,,,,,
Semester 1:,2.88,,,,
Semester 3:,4.08,,,,
,,,,,
ND CURRENT ACADEMIC RECORD,,,,,
Current GPA:,4.38,,,,
Current CGPA:,3.9,,,,
,,,,,
ND RESIT COURSES,,,,,
Course Code,Course Title,Credit Unit,Original Score,Resit Score,Status
NUS221,Human Anatomy IV,4.0,49.0,74.0,PASSED
