ND CARRYOVER RESULT REPORT,,,,,
FCT COLLEGE OF NURSING SCIENCES,,,,,
ND Set: ND-2024,,,,,
ND Semester: ND-SECOND-YEAR-SECOND-SEMESTER,,,,,
,,,,,
ND STUDENT INFORMATION,,,,,
Exam Number:,FCTCONS/ND24/125,,,,
Name:,OKAH ANNA UDUMMA,,,,
,,,,,
ND PREVIOUS GPAs,,,,,
Semester 1:,3.04,,,,
Semester 2:,4.09,,,,
Semester 3:,4.36,,,,
,,,,,
ND CURRENT ACADEMIC RECORD,,,,,
Current GPA:,4.14,,,,
Current CGPA:,3.98,,,,
,,,,,
ND RESIT COURSES,,,,,
Course Code,Course Title,Credit Unit,Original Score,Resit Score,Status
NUR225,Research Methodology II,2.0,48.0,52.0,PASSED
