ND CARRYOVER RESULT REPORT,,,,,
FCT COLLEGE OF NURSING SCIENCES,,,,,
ND Set: ND-2024,,,,,
ND Semester: ND-SECOND-YEAR-SECOND-SEMESTER,,,,,
,,,,,
ND STUDENT INFORMATION,,,,,
Exam Number:,FCTCONS/ND24/004,,,,
Name:,ABANG STEPHANIE ADA,,,,
,,,,,
ND PREVIOUS GPAs,,,,,
Semester 1:,2.92,,,,
Semester 2:,2.91,,,,
Semester 3:,3.48,,,,
,,,,,
ND CURRENT ACADEMIC RECORD,,,,,
Current GPA:,4.24,,,,
Current CGPA:,3.49,,,,
,,,,,
ND RESIT COURSES,,,,,
Course Code,Course Title,Credit Unit,Original Score,Resit Score,Status
NUR225,Research Methodology II,2.0,37.0,55.0,PASSED
