ND CARRYOVER RESULT REPORT,,,,,
FCT COLLEGE OF NURSING SCIENCES,,,,,
ND Set: ND-2024,,,,,
ND Semester: ND-SECOND-YEAR-SECOND-SEMESTER,,,,,
,,,,,
ND STUDENT INFORMATION,,,,,
Exam Number:,FCTCONS/ND24/007,,,,
Name:,AYO OLAMIDE PRAISE,,,,
,,,,,
ND PREVIOUS GPAs,,,,,
Semester 1:,2.36,,,,
Semester 2:,4.13,,,,
Semester 3:,4.12,,,,
,,,,,
ND CURRENT ACADEMIC RECORD,,,,,
Current GPA:,3.69,,,,
Current CGPA:,3.69,,,,
,,,,,
ND RESIT COURSES,,,,,
Course Code,Course Title,Credit Unit,Original Score,Resit Score,Status
EEd216,Practice Of Entrepreneurship,3.0,42.0,62.0,PASSED
