ND CARRYOVER RESULT REPORT,,,,,
FCT COLLEGE OF NURSING SCIENCES,,,,,
ND Set: ND-2024,,,,,
ND Semester: ND-SECOND-YEAR-SECOND-SEMESTER,,,,,
,,,,,
ND STUDENT INFORMATION,,,,,
Exam Number:,FCTCONS/ND24/014,,,,
Name:,ALU EDWINA EDUGWU,,,,
,,,,,
ND PREVIOUS GPAs,,,,,
Semester 1:,2.56,,,,
Semester 2:,4.09,,,,
Semester 3:,3.68,,,,
,,,,,
ND CURRENT ACADEMIC RECORD,,,,,
Current GPA:,3.79,,,,
Current CGPA:,3.61,,,,
,,,,,
ND RESIT COURSES,,,,,
Course Code,Course Title,Credit Unit,Original Score,Resit Score,Status
NUR223,Reproductive Health I,4.0,48.0,55.0,PASSED
NUR227,Client Case/Care Study,2.0,48.0,63.0,PASSED
