ND CARRYOVER RESULT REPORT,,,,,
FCT COLLEGE OF NURSING SCIENCES,,,,,
ND Set: ND-2024,,,,,
ND Semester: ND-SECOND-YEAR-SECOND-SEMESTER,,,,,
,,,,,
ND STUDENT INFORMATION,,,,,
Exam Number:,FCTCONS/ND24/098,,,,
Name:,SULEIMAN MARYAM HARUNA,,,,
,,,,,
ND PREVIOUS GPAs,,,,,
Semester 1:,2.76,,,,
Semester 2:,4.09,,,,
Semester 3:,4.24,,,,
,,,,,
ND CURRENT ACADEMIC RECORD,,,,,
Current GPA:,3.59,,,,
Current CGPA:,3.73,,,,
,,,,,
ND RESIT COURSES,,,,,
Course Code,Course Title,Credit Unit,Original Score,Resit Score,Status
NUS221,Human Anatomy IV,4.0,40.0,53.0,PASSED
