ND CARRYOVER RESULT REPORT,,,,,
FCT COLLEGE OF NURSING SCIENCES,,,,,
ND Set: ND-2024,,,,,
ND Semester: ND-SECOND-YEAR-SECOND-SEMESTER,,,,,
,,,,,
ND STUDENT INFORMATION,,,,,
Exam Number:,FCTCONS/ND24/114,,,,
Name:,YUSUF BASHIRAT ADEOLA,,,,
,,,,,
ND PREVIOUS GPAs,,,,,
Semester 1:,3.48,,,,
Semester 2:,4.43,,,,
Semester 3:,3.32,,,,
,,,,,
ND CURRENT ACADEMIC RECORD,,,,,
Current GPA:,3.76,,,,
Current CGPA:,3.78,,,,
,,,,,
ND RESIT COURSES,,,,,
Course Code,Course Title,Credit Unit,Original Score,Resit Score,Status
NUR223,Reproductive Health I,4.0,49.0,56.0,PASSED
NUR224,Mental Health / Psychiatric Nursing,3.0,38.0,76.0,PASSED
