ND CARRYOVER RESULT REPORT,,,,,
FCT COLLEGE OF NURSING SCIENCES,,,,,
ND Set: ND-2024,,,,,
ND Semester: ND-SECOND-YEAR-SECOND-SEMESTER,,,,,
,,,,,
ND STUDENT INFORMATION,,,,,
Exam Number:,FCTCONS/ND24/062,,,,
Name:,ABUNIMYE FELICIA AMANUYE,,,,
,,,,,
ND PREVIOUS GPAs,,,,,
Semester 1:,3.48,,,,
Semester 2:,4.52,,,,
Semester 3:,4.04,,,,
,,,,,
ND CURRENT ACADEMIC RECORD,,,,,
Current GPA:,3.72,,,,
Current CGPA:,3.96,,,,
,,,,,
ND RESIT COURSES,,,,,
Course Code,Course Title,Credit Unit,Original Score,Resit Score,Status
NUR223,Reproductive Health I,4.0,48.0,53.0,PASSED
NUR224,Mental Health / Psychiatric Nursing,3.0,44.0,65.0,PASSED
