ND CARRYOVER RESULT REPORT,,,,,
FCT COLLEGE OF NURSING SCIENCES,,,,,
ND Set: ND-2024,,,,,
ND Semester: ND-SECOND-YEAR-SECOND-SEMESTER,,,,,
,,,,,
ND STUDENT INFORMATION,,,,,
Exam Number:,FCTCONS/ND24/061,,,,
Name:,EMETA NNEOMA PHILOMENA,,,,
,,,,,
ND PREVIOUS GPAs,,,,,
Semester 1:,2.44,,,,
Semester 2:,3.78,,,,
Semester 3:,3.92,,,,
,,,,,
ND CURRENT ACADEMIC RECORD,,,,,
Current GPA:,3.55,,,,
Current CGPA:,3.51,,,,
,,,,,
ND RESIT COURSES,,,,,
Course Code,Course Title,Credit Unit,Original Score,Resit Score,Status
NUR223,Reproductive Health I,4.0,41.0,51.0,PASSED
