ND CARRYOVER RESULT REPORT,,,,,
FCT COLLEGE OF NURSING SCIENCES,,,,,
ND Set: ND-2024,,,,,
ND Semester: ND-SECOND-YEAR-SECOND-SEMESTER,,,,,
,,,,,
ND STUDENT INFORMATION,,,,,
Exam Number:,FCTCONS/ND24/006,,,,
Name:,YOHANNA DORATHY TAVINAZA,,,,
,,,,,
ND PREVIOUS GPAs,,,,,
Semester 1:,3.28,,,,
Semester 2:,4.35,,,,
Semester 3:,3.24,,,,
,,,,,
ND CURRENT ACADEMIC RECORD,,,,,
Current GPA:,3.93,,,,
Current CGPA:,3.76,,,,
,,,,,
ND RESIT COURSES,,,,,
Course Code,Course Title,Credit Unit,Original Score,Resit Score,Status
NUS222,Human Physiology IV,2.0,44.0,72.0,PASSED
