ND CARRYOVER RESULT REPORT,,,,,
FCT COLLEGE OF NURSING SCIENCES,,,,,
ND Set: ND-2024,,,,,
ND Semester: ND-SECOND-YEAR-SECOND-SEMESTER,,,,,
,,,,,
ND STUDENT INFORMATION,,,,,
Exam Number:,FCTCONS/ND24/016,,,,
Name:,UMUNNAKWE CHISOM MICHELLE,,,,
,,,,,
ND PREVIOUS GPAs,,,,,
Semester 1:,2.96,,,,
Semester 2:,3.91,,,,
Semester 3:,4.28,,,,
,,,,,
ND CURRENT ACADEMIC RECORD,,,,,
Current GPA:,3.79,,,,
Current CGPA:,3.83,,,,
,,,,,
ND RESIT COURSES,,,,,
Course Code,Course Title,Credit Unit,Original Score,Resit Score,Status
NUR224,Mental Health / Psychiatric Nursing,3.0,39.0,54.0,PASSED
