[
  {
    "exam_number": "7460",
    "name": "ALHAMDU ISAAC",
    "failed_courses": [
      {
        "course_code": "GNS311",
        "original_score": 40.0,
        "semester": "N-THIRD-YEAR-FIRST-SEMESTER",
        "set": "SET47",
        "resit_attempts": 0,
        "best_score": 40.0,
        "status": "Failed"
      },
      {
        "course_code": "GNS314",
        "original_score": 36.0,
        "semester": "N-THIRD-YEAR-FIRST-SEMESTER",
        "set": "SET47",
        "resit_attempts": 0,
        "best_score": 36.0,
        "status": "Failed"
      },
      {
        "course_code": "GNS315",
        "original_score": 38.0,
        "semester": "N-THIRD-YEAR-FIRST-SEMESTER",
        "set": "SET47",
        "resit_attempts": 0,
        "best_score": 38.0,
        "status": "Failed"
      }
    ],
    "semester": "N-THIRD-YEAR-FIRST-SEMESTER",
    "set": "SET47",
    "identified_date": "2025-11-20 15:00:11",
    "total_resit_attempts": 0,
    "status": "Active",
    "probation_status": false
  },
  {
    "exam_number": "7463",
    "name": "ALIU MARIA OCHUWA",
    "failed_courses": [
      {
        "course_code": "GNS311",
        "original_score": 32.0,
        "semester": "N-THIRD-YEAR-FIRST-SEMESTER",
        "set": "SET47",
        "resit_attempts": 0,
        "best_score": 32.0,
        "status": "Failed"
      },
      {
        "course_code": "GNS315",
        "original_score": 47.0,
        "semester": "N-THIRD-YEAR-FIRST-SEMESTER",
        "set": "SET47",
        "resit_attempts": 0,
        "best_score": 47.0,
        "status": "Failed"
      },
      {
        "course_code": "GNS316",
        "original_score": 35.0,
        "semester": "N-THIRD-YEAR-FIRST-SEMESTER",
        "set": "SET47",
        "resit_attempts": 0,
        "best_score": 35.0,
        "status": "Failed"
      },
      {
        "course_code": "GST311",
        "original_score": 34.0,
        "semester": "N-THIRD-YEAR-FIRST-SEMESTER",
        "set": "SET47",
        "resit_attempts": 0,
        "best_score": 34.0,
        "status": "Failed"
      }
    ],
    "semester": "N-THIRD-YEAR-FIRST-SEMESTER",
    "set": "SET47",
    "identified_date": "2025-11-20 15:00:11",
    "total_resit_attempts": 0,
    "status": "Active",
    "probation_status": false
  },
  {
    "exam_number": "7467",
    "name": "AMADI JULIET OBIANUJUNWA",
    "failed_courses": [
      {
        "course_code": "GNS316",
        "original_score": 48.0,
        "semester": "N-THIRD-YEAR-FIRST-SEMESTER",
        "set": "SET47",
        "resit_attempts": 0,
        "best_score": 48.0,
        "status": "Failed"
      },
      {
        "course_code": "GST311",
        "original_score": 44.0,
        "semester": "N-THIRD-YEAR-FIRST-SEMESTER",
        "set": "SET47",
        "resit_attempts": 0,
        "best_score": 44.0,
        "status": "Failed"
      }
    ],
    "semester": "N-THIRD-YEAR-FIRST-SEMESTER",
    "set": "SET47",
    "identified_date": "2025-11-20 15:00:11",
    "total_resit_attempts": 0,
    "status": "Active",
    "probation_status": false
  },
  {
    "exam_number": "7483",
    "name": "BALA CHRISTOPHER BLAYA",
    "failed_courses": [
      {
        "course_code": "GNS315",
        "original_score": 40.0,
        "semester": "N-THIRD-YEAR-FIRST-SEMESTER",
        "set": "SET47",
        "resit_attempts": 0,
        "best_score": 40.0,
        "status": "Failed"
      },
      {
        "course_code": "GNS316",
        "original_score": 28.0,
        "semester": "N-THIRD-YEAR-FIRST-SEMESTER",
        "set": "SET47",
        "resit_attempts": 0,
        "best_score": 28.0,
        "status": "Failed"
      }
    ],
    "semester": "N-THIRD-YEAR-FIRST-SEMESTER",
    "set": "SET47",
    "identified_date": "2025-11-20 15:00:11",
    "total_resit_attempts": 0,
    "status": "Active",
    "probation_status": false
  },
  {
    "exam_number": "7497",
    "name": "EBERECHUKWU DIVINE STEPHEN",
    "failed_courses": [
      {
        "course_code": "GNS311",
        "original_score": 46.0,
        "semester": "N-THIRD-YEAR-FIRST-SEMESTER",
        "set": "SET47",
        "resit_attempts": 0,
        "best_score": 46.0,
        "status": "Failed"
      },
      {
        "course_code": "GNS314",
        "original_score": 28.0,
        "semester": "N-THIRD-YEAR-FIRST-SEMESTER",
        "set": "SET47",
        "resit_attempts": 0,
        "best_score": 28.0,
        "status": "Failed"
      },
      {
        "course_code": "GNS315",
        "original_score": 46.0,
        "semester": "N-THIRD-YEAR-FIRST-SEMESTER",
        "set": "SET47",
        "resit_attempts": 0,
        "best_score": 46.0,
        "status": "Failed"
      }
    ],
    "semester": "N-THIRD-YEAR-FIRST-SEMESTER",
    "set": "SET47",
    "identified_date": "2025-11-20 15:00:11",
    "total_resit_attempts": 0,
    "status": "Active",
    "probation_status": false
  },
  {
    "exam_number": "7500",
    "name": "ELOCHUKWU PROMISE ONYINYECHI",
    "failed_courses": [
      {
        "course_code": "GNS313",
        "original_score": 24.0,
        "semester": "N-THIRD-YEAR-FIRST-SEMESTER",
        "set": "SET47",
        "resit_attempts": 0,
        "best_score": 24.0,
        "status": "Failed"
      }
    ],
    "semester": "N-THIRD-YEAR-FIRST-SEMESTER",
    "set": "SET47",
    "identified_date": "2025-11-20 15:00:11",
    "total_resit_attempts": 0,
    "status": "Active",
    "probation_status": false
  },
  {
    "exam_number": "7543",
    "name": "LAWAL GLORY IFEOLUWA",
    "failed_courses": [
      {
        "course_code": "GNS314",
        "original_score": 40.0,
        "semester": "N-THIRD-YEAR-FIRST-SEMESTER",
        "set": "SET47",
        "resit_attempts": 0,
        "best_score": 40.0,
        "status": "Failed"
      },
      {
        "course_code": "GNS315",
        "original_score": 38.0,
        "semester": "N-THIRD-YEAR-FIRST-SEMESTER",
        "set": "SET47",
        "resit_attempts": 0,
        "best_score": 38.0,
        "status": "Failed"
      }
    ],
    "semester": "N-THIRD-YEAR-FIRST-SEMESTER",
    "set": "SET47",
    "identified_date": "2025-11-20 15:00:11",
    "total_resit_attempts": 0,
    "status": "Active",
    "probation_status": false
  },
  {
    "exam_number": "7553",
    "name": "MICHAEL  OGHENEKOME FAVOUR",
    "failed_courses": [
      {
        "course_code": "GNS313",
        "original_score": 31.0,
        "semester": "N-THIRD-YEAR-FIRST-SEMESTER",
        "set": "SET47",
        "resit_attempts": 0,
        "best_score": 31.0,
        "status": "Failed"
      },
      {
        "course_code": "GNS315",
        "original_score": 31.0,
        "semester": "N-THIRD-YEAR-FIRST-SEMESTER",
        "set": "SET47",
        "resit_attempts": 0,
        "best_score": 31.0,
        "status": "Failed"
      },
      {
        "course_code": "GNS316",
        "original_score": 48.0,
        "semester": "N-THIRD-YEAR-FIRST-SEMESTER",
        "set": "SET47",
        "resit_attempts": 0,
        "best_score": 48.0,
        "status": "Failed"
      }
    ],
    "semester": "N-THIRD-YEAR-FIRST-SEMESTER",
    "set": "SET47",
    "identified_date": "2025-11-20 15:00:11",
    "total_resit_attempts": 0,
    "status": "Active",
    "probation_status": false
  },
  {
    "exam_number": "7579",
    "name": "ODEAHAN ITOHAN ABIGAIL",
    "failed_courses": [
      {
        "course_code": "GNS315",
        "original_score": 42.0,
        "semester": "N-THIRD-YEAR-FIRST-SEMESTER",
        "set": "SET47",
        "resit_attempts": 0,
        "best_score": 42.0,
        "status": "Failed"
      },
      {
        "course_code": "GST311",
        "original_score": 30.0,
        "semester": "N-THIRD-YEAR-FIRST-SEMESTER",
        "set": "SET47",
        "resit_attempts": 0,
        "best_score": 30.0,
        "status": "Failed"
      },
      {
        "course_code": "GNS317",
        "original_score": 26.0,
        "semester": "N-THIRD-YEAR-FIRST-SEMESTER",
        "set": "SET47",
        "resit_attempts": 0,
        "best_score": 26.0,
        "status": "Failed"
      }
    ],
    "semester": "N-THIRD-YEAR-FIRST-SEMESTER",
    "set": "SET47",
    "identified_date": "2025-11-20 15:00:11",
    "total_resit_attempts": 0,
    "status": "Active",
    "probation_status": false
  },
  {
    "exam_number": "7581",
    "name": "OKAM BELIEVE  ONENO",
    "failed_courses": [
      {
        "course_code": "GNS311",
        "original_score": 42.0,
        "semester": "N-THIRD-YEAR-FIRST-SEMESTER",
        "set": "SET47",
        "resit_attempts": 0,
        "best_score": 42.0,
        "status": "Failed"
      },
      {
        "course_code": "GNS312",
        "original_score": 26.0,
        "semester": "N-THIRD-YEAR-FIRST-SEMESTER",
        "set": "SET47",
        "resit_attempts": 0,
        "best_score": 26.0,
        "status": "Failed"
      },
      {
        "course_code": "GNS315",
        "original_score": 36.0,
        "semester": "N-THIRD-YEAR-FIRST-SEMESTER",
        "set": "SET47",
        "resit_attempts": 0,
        "best_score": 36.0,
        "status": "Failed"
      },
      {
        "course_code": "GST311",
        "original_score": 44.0,
        "semester": "N-THIRD-YEAR-FIRST-SEMESTER",
        "set": "SET47",
        "resit_attempts": 0,
        "best_score": 44.0,
        "status": "Failed"
      }
    ],
    "semester": "N-THIRD-YEAR-FIRST-SEMESTER",
    "set": "SET47",
    "identified_date": "2025-11-20 15:00:11",
    "total_resit_attempts": 0,
    "status": "Active",
    "probation_status": false
  }
]