EXAMS NUMBER,NAME,COURSE CODE,ORIGINAL SCORE,SEMESTER,SET,RESIT ATTEMPTS,BEST SCORE,STATUS,IDENTIFIED DATE,OVERALL_STATUS
7507,ESIKE  CHINENYE STEPHANIE,GNS 211,40.0,N-SECOND-YEAR-FIRST-SEMESTER,SET47,0,40.0,Failed,2025-11-01 03:35:52,Active
7507,ESIKE  CHINENYE STEPHANIE,GNS 213,44.0,N-SECOND-YEAR-FIRST-SEMESTER,SET47,0,44.0,Failed,2025-11-01 03:35:52,Active
7507,ESIKE  CHINENYE STEPHANIE,GNS 214,26.0,N-SECOND-YEAR-FIRST-SEMESTER,SET47,0,26.0,Failed,2025-11-01 03:35:52,Active
7507,ESIKE  CHINENYE STEPHANIE,GNS 215,33.0,N-SECOND-YEAR-FIRST-SEMESTER,SET47,0,33.0,Failed,2025-11-01 03:35:52,Active
7507,ESIKE  CHINENYE STEPHANIE,GNS 216,30.0,N-SECOND-YEAR-FIRST-SEMESTER,SET47,0,30.0,Failed,2025-11-01 03:35:52,Active
