EXAMS NUMBER,NAME,COURSE CODE,ORIGINAL SCORE,SEMESTER,SET,RESIT ATTEMPTS,BEST SCORE,STATUS,IDENTIFIED DATE,OVERALL_STATUS
7467,AMADI JULIET OBIANUJUNWA,GNS 212,40.0,N-SECOND-YEAR-FIRST-SEMESTER,SET47,0,40.0,Failed,2025-11-01 03:35:52,Active
7467,AMADI JULIET OBIANUJUNWA,GNS 213,42.0,N-SECOND-YEAR-FIRST-SEMESTER,SET47,0,42.0,Failed,2025-11-01 03:35:52,Active
7467,AMADI JULIET OBIANUJUNWA,GNS 217,44.0,N-SECOND-YEAR-FIRST-SEMESTER,SET47,0,44.0,Failed,2025-11-01 03:35:52,Active
7467,AMADI JULIET OBIANUJUNWA,GNS 218,40.0,N-SECOND-YEAR-FIRST-SEMESTER,SET47,0,40.0,Failed,2025-11-01 03:35:52,Active
