EXAMS NUMBER,NAME,COURSE CODE,ORIGINAL SCORE,SEMESTER,SET,RESIT ATTEMPTS,BEST SCORE,STATUS,IDENTIFIED DATE,OVERALL_STATUS
7626,UNUABOR PHILIP OSEIWE,GNS 212,46.0,N-SECOND-YEAR-FIRST-SEMESTER,SET47,0,46.0,Failed,2025-11-01 03:35:52,Active
7626,UNUABOR PHILIP OSEIWE,GNS 213,20.0,N-SECOND-YEAR-FIRST-SEMESTER,SET47,0,20.0,Failed,2025-11-01 03:35:52,Active
7626,UNUABOR PHILIP OSEIWE,GNS 215,48.0,N-SECOND-YEAR-FIRST-SEMESTER,SET47,0,48.0,Failed,2025-11-01 03:35:52,Active
7626,UNUABOR PHILIP OSEIWE,GNS 217,42.0,N-SECOND-YEAR-FIRST-SEMESTER,SET47,0,42.0,Failed,2025-11-01 03:35:52,Active
7626,UNUABOR PHILIP OSEIWE,GNS 218,40.0,N-SECOND-YEAR-FIRST-SEMESTER,SET47,0,40.0,Failed,2025-11-01 03:35:52,Active
