EXAMS NUMBER,NAME,COURSE CODE,ORIGINAL SCORE,SEMESTER,SET,RESIT ATTEMPTS,BEST SCORE,STATUS,IDENTIFIED DATE,OVERALL_STATUS
7500,ELOCHUKWU PROMISE ONYINYECHI,GNS 211,32.0,N-SECOND-YEAR-FIRST-SEMESTER,SET47,0,32.0,Failed,2025-11-01 03:35:52,Active
7500,ELOCHUKWU PROMISE ONYINYECHI,GNS 216,49.0,N-SECOND-YEAR-FIRST-SEMESTER,SET47,0,49.0,Failed,2025-11-01 03:35:52,Active
7500,ELOCHUKWU PROMISE ONYINYECHI,GNS 217,20.0,N-SECOND-YEAR-FIRST-SEMESTER,SET47,0,20.0,Failed,2025-11-01 03:35:52,Active
7500,ELOCHUKWU PROMISE ONYINYECHI,GNS 218,31.0,N-SECOND-YEAR-FIRST-SEMESTER,SET47,0,31.0,Failed,2025-11-01 03:35:52,Active
