EXAMS NUMBER,NAME,COURSE CODE,ORIGINAL SCORE,SEMESTER,SET,RESIT ATTEMPTS,BEST SCORE,STATUS,IDENTIFIED DATE,OVERALL_STATUS
7491,DAUDA  CYNTIKI KUYET,GNS 211,32.0,N-SECOND-YEAR-FIRST-SEMESTER,SET47,0,32.0,Failed,2025-11-01 03:35:52,Active
7491,DAUDA  CYNTIKI KUYET,GNS 212,14.0,N-SECOND-YEAR-FIRST-SEMESTER,SET47,0,14.0,Failed,2025-11-01 03:35:52,Active
7491,DAUDA  CYNTIKI KUYET,GNS 214,40.0,N-SECOND-YEAR-FIRST-SEMESTER,SET47,0,40.0,Failed,2025-11-01 03:35:52,Active
7491,DAUDA  CYNTIKI KUYET,GNS 217,47.0,N-SECOND-YEAR-FIRST-SEMESTER,SET47,0,47.0,Failed,2025-11-01 03:35:52,Active
7491,DAUDA  CYNTIKI KUYET,GNS 218,30.0,N-SECOND-YEAR-FIRST-SEMESTER,SET47,0,30.0,Failed,2025-11-01 03:35:52,Active
