EXAMS NUMBER,NAME,COURSE CODE,ORIGINAL SCORE,SEMESTER,SET,RESIT ATTEMPTS,BEST SCORE,STATUS,IDENTIFIED DATE,OVERALL_STATUS
7480,AYIKOYE FLOURISH ULIEJU,GNS 212,21.0,N-SECOND-YEAR-FIRST-SEMESTER,SET47,0,21.0,Failed,2025-11-01 03:35:52,Active
7480,AYIKOYE FLOURISH ULIEJU,GNS 213,44.0,N-SECOND-YEAR-FIRST-SEMESTER,SET47,0,44.0,Failed,2025-11-01 03:35:52,Active
7480,AYIKOYE FLOURISH ULIEJU,GNS 214,41.0,N-SECOND-YEAR-FIRST-SEMESTER,SET47,0,41.0,Failed,2025-11-01 03:35:52,Active
7480,AYIKOYE FLOURISH ULIEJU,GNS 215,40.0,N-SECOND-YEAR-FIRST-SEMESTER,SET47,0,40.0,Failed,2025-11-01 03:35:52,Active
7480,AYIKOYE FLOURISH ULIEJU,GNS 216,17.0,N-SECOND-YEAR-FIRST-SEMESTER,SET47,0,17.0,Failed,2025-11-01 03:35:52,Active
7480,AYIKOYE FLOURISH ULIEJU,GNS 217,27.0,N-SECOND-YEAR-FIRST-SEMESTER,SET47,0,27.0,Failed,2025-11-01 03:35:52,Active
7480,AYIKOYE FLOURISH ULIEJU,GNS 218,23.0,N-SECOND-YEAR-FIRST-SEMESTER,SET47,0,23.0,Failed,2025-11-01 03:35:52,Active
