EXAMS NUMBER,NAME,COURSE CODE,ORIGINAL SCORE,SEMESTER,SET,RESIT ATTEMPTS,BEST SCORE,STATUS,IDENTIFIED DATE,OVERALL_STATUS
7535,JAMES  MERCY NDOUK,GNS 211,20.0,N-SECOND-YEAR-FIRST-SEMESTER,SET47,0,20.0,Failed,2025-11-01 03:35:52,Active
7535,JAMES  MERCY NDOUK,GNS 212,26.0,N-SECOND-YEAR-FIRST-SEMESTER,SET47,0,26.0,Failed,2025-11-01 03:35:52,Active
7535,JAMES  MERCY NDOUK,GNS 213,27.0,N-SECOND-YEAR-FIRST-SEMESTER,SET47,0,27.0,Failed,2025-11-01 03:35:52,Active
7535,JAMES  MERCY NDOUK,GNS 216,46.0,N-SECOND-YEAR-FIRST-SEMESTER,SET47,0,46.0,Failed,2025-11-01 03:35:52,Active
7535,JAMES  MERCY NDOUK,GNS 217,45.0,N-SECOND-YEAR-FIRST-SEMESTER,SET47,0,45.0,Failed,2025-11-01 03:35:52,Active
7535,JAMES  MERCY NDOUK,GNS 218,34.0,N-SECOND-YEAR-FIRST-SEMESTER,SET47,0,34.0,Failed,2025-11-01 03:35:52,Active
