[
  {
    "exam_number": "FCTCONS/ND24/002",
    "name": "UMAR AMINOT REG MAKUN",
    "failed_courses": [
      {
        "course_code": "NUS123",
        "original_score": 45.0,
        "semester": "ND-FIRST-YEAR-SECOND-SEMESTER",
        "set": "ND-2025",
        "resit_attempts": 0,
        "best_score": 45.0,
        "status": "Failed"
      },
      {
        "course_code": "Total Registered CU",
        "original_score": 23.0,
        "semester": "ND-FIRST-YEAR-SECOND-SEMESTER",
        "set": "ND-2025",
        "resit_attempts": 0,
        "best_score": 23.0,
        "status": "Failed"
      }
    ],
    "semester": "ND-FIRST-YEAR-SECOND-SEMESTER",
    "set": "ND-2025",
    "identified_date": "2025-12-02 20:41:48",
    "total_resit_attempts": 0,
    "status": "Active",
    "probation_status": false
  },
  {
    "exam_number": "FCTCONS/ND24/004",
    "name": "ABANG STEPHANIE ADA",
    "failed_courses": [
      {
        "course_code": "NUS123",
        "original_score": 41.0,
        "semester": "ND-FIRST-YEAR-SECOND-SEMESTER",
        "set": "ND-2025",
        "resit_attempts": 0,
        "best_score": 41.0,
        "status": "Failed"
      },
      {
        "course_code": "NUS125",
        "original_score": 40.0,
        "semester": "ND-FIRST-YEAR-SECOND-SEMESTER",
        "set": "ND-2025",
        "resit_attempts": 0,
        "best_score": 40.0,
        "status": "Failed"
      },
      {
        "course_code": "NUR122",
        "original_score": 44.0,
        "semester": "ND-FIRST-YEAR-SECOND-SEMESTER",
        "set": "ND-2025",
        "resit_attempts": 0,
        "best_score": 44.0,
        "status": "Failed"
      },
      {
        "course_code": "Total Registered CU",
        "original_score": 23.0,
        "semester": "ND-FIRST-YEAR-SECOND-SEMESTER",
        "set": "ND-2025",
        "resit_attempts": 0,
        "best_score": 23.0,
        "status": "Failed"
      }
    ],
    "semester": "ND-FIRST-YEAR-SECOND-SEMESTER",
    "set": "ND-2025",
    "identified_date": "2025-12-02 20:41:48",
    "total_resit_attempts": 0,
    "status": "Active",
    "probation_status": true
  },
  {
    "exam_number": "FCTCONS/ND24/005",
    "name": "PAUL CHIMDINDU FAVOUR",
    "failed_courses": [
      {
        "course_code": "NUS123",
        "original_score": 37.0,
        "semester": "ND-FIRST-YEAR-SECOND-SEMESTER",
        "set": "ND-2025",
        "resit_attempts": 0,
        "best_score": 37.0,
        "status": "Failed"
      },
      {
        "course_code": "Total Registered CU",
        "original_score": 17.0,
        "semester": "ND-FIRST-YEAR-SECOND-SEMESTER",
        "set": "ND-2025",
        "resit_attempts": 0,
        "best_score": 17.0,
        "status": "Failed"
      }
    ],
    "semester": "ND-FIRST-YEAR-SECOND-SEMESTER",
    "set": "ND-2025",
    "identified_date": "2025-12-02 20:41:48",
    "total_resit_attempts": 0,
    "status": "Active",
    "probation_status": false
  },
  {
    "exam_number": "FCTCONS/ND24/006",
    "name": "YOHANNOT REG DORATHY TAVINOT REGZA",
    "failed_courses": [
      {
        "course_code": "NUS123",
        "original_score": 46.0,
        "semester": "ND-FIRST-YEAR-SECOND-SEMESTER",
        "set": "ND-2025",
        "resit_attempts": 0,
        "best_score": 46.0,
        "status": "Failed"
      },
      {
        "course_code": "Total Registered CU",
        "original_score": 19.0,
        "semester": "ND-FIRST-YEAR-SECOND-SEMESTER",
        "set": "ND-2025",
        "resit_attempts": 0,
        "best_score": 19.0,
        "status": "Failed"
      }
    ],
    "semester": "ND-FIRST-YEAR-SECOND-SEMESTER",
    "set": "ND-2025",
    "identified_date": "2025-12-02 20:41:48",
    "total_resit_attempts": 0,
    "status": "Active",
    "probation_status": false
  },
  {
    "exam_number": "FCTCONS/ND24/007",
    "name": "AYO OLAMIDE PRAISE",
    "failed_courses": [
      {
        "course_code": "NUS123",
        "original_score": 44.0,
        "semester": "ND-FIRST-YEAR-SECOND-SEMESTER",
        "set": "ND-2025",
        "resit_attempts": 0,
        "best_score": 44.0,
        "status": "Failed"
      },
      {
        "course_code": "Total Registered CU",
        "original_score": 23.0,
        "semester": "ND-FIRST-YEAR-SECOND-SEMESTER",
        "set": "ND-2025",
        "resit_attempts": 0,
        "best_score": 23.0,
        "status": "Failed"
      }
    ],
    "semester": "ND-FIRST-YEAR-SECOND-SEMESTER",
    "set": "ND-2025",
    "identified_date": "2025-12-02 20:41:48",
    "total_resit_attempts": 0,
    "status": "Active",
    "probation_status": false
  },
  {
    "exam_number": "FCTCONS/ND24/014",
    "name": "ALU EDWINOT REG EDUGWU",
    "failed_courses": [
      {
        "course_code": "NUS123",
        "original_score": 43.0,
        "semester": "ND-FIRST-YEAR-SECOND-SEMESTER",
        "set": "ND-2025",
        "resit_attempts": 0,
        "best_score": 43.0,
        "status": "Failed"
      },
      {
        "course_code": "Total Registered CU",
        "original_score": 19.0,
        "semester": "ND-FIRST-YEAR-SECOND-SEMESTER",
        "set": "ND-2025",
        "resit_attempts": 0,
        "best_score": 19.0,
        "status": "Failed"
      }
    ],
    "semester": "ND-FIRST-YEAR-SECOND-SEMESTER",
    "set": "ND-2025",
    "identified_date": "2025-12-02 20:41:48",
    "total_resit_attempts": 0,
    "status": "Active",
    "probation_status": false
  },
  {
    "exam_number": "FCTCONS/ND24/029",
    "name": "JACKSON EDIDIONG JOHN",
    "failed_courses": [
      {
        "course_code": "NUS123",
        "original_score": 43.0,
        "semester": "ND-FIRST-YEAR-SECOND-SEMESTER",
        "set": "ND-2025",
        "resit_attempts": 0,
        "best_score": 43.0,
        "status": "Failed"
      },
      {
        "course_code": "Total Registered CU",
        "original_score": 20.0,
        "semester": "ND-FIRST-YEAR-SECOND-SEMESTER",
        "set": "ND-2025",
        "resit_attempts": 0,
        "best_score": 20.0,
        "status": "Failed"
      }
    ],
    "semester": "ND-FIRST-YEAR-SECOND-SEMESTER",
    "set": "ND-2025",
    "identified_date": "2025-12-02 20:41:48",
    "total_resit_attempts": 0,
    "status": "Active",
    "probation_status": false
  },
  {
    "exam_number": "FCTCONS/ND24/030",
    "name": "AUGUSTINE SAVIOUR SUNDAY",
    "failed_courses": [
      {
        "course_code": "NUS123",
        "original_score": 46.0,
        "semester": "ND-FIRST-YEAR-SECOND-SEMESTER",
        "set": "ND-2025",
        "resit_attempts": 0,
        "best_score": 46.0,
        "status": "Failed"
      },
      {
        "course_code": "Total Registered CU",
        "original_score": 19.0,
        "semester": "ND-FIRST-YEAR-SECOND-SEMESTER",
        "set": "ND-2025",
        "resit_attempts": 0,
        "best_score": 19.0,
        "status": "Failed"
      }
    ],
    "semester": "ND-FIRST-YEAR-SECOND-SEMESTER",
    "set": "ND-2025",
    "identified_date": "2025-12-02 20:41:48",
    "total_resit_attempts": 0,
    "status": "Active",
    "probation_status": false
  },
  {
    "exam_number": "FCTCONS/ND24/034",
    "name": "IDOGBE GLORIA OWOFU",
    "failed_courses": [
      {
        "course_code": "NUS123",
        "original_score": 42.0,
        "semester": "ND-FIRST-YEAR-SECOND-SEMESTER",
        "set": "ND-2025",
        "resit_attempts": 0,
        "best_score": 42.0,
        "status": "Failed"
      },
      {
        "course_code": "Total Registered CU",
        "original_score": 23.0,
        "semester": "ND-FIRST-YEAR-SECOND-SEMESTER",
        "set": "ND-2025",
        "resit_attempts": 0,
        "best_score": 23.0,
        "status": "Failed"
      }
    ],
    "semester": "ND-FIRST-YEAR-SECOND-SEMESTER",
    "set": "ND-2025",
    "identified_date": "2025-12-02 20:41:48",
    "total_resit_attempts": 0,
    "status": "Active",
    "probation_status": false
  },
  {
    "exam_number": "FCTCONS/ND24/044",
    "name": "EMMAJOHN MARVELOUS CHIFUNOT REGNYA",
    "failed_courses": [
      {
        "course_code": "NUS123",
        "original_score": 46.0,
        "semester": "ND-FIRST-YEAR-SECOND-SEMESTER",
        "set": "ND-2025",
        "resit_attempts": 0,
        "best_score": 46.0,
        "status": "Failed"
      },
      {
        "course_code": "Total Registered CU",
        "original_score": 23.0,
        "semester": "ND-FIRST-YEAR-SECOND-SEMESTER",
        "set": "ND-2025",
        "resit_attempts": 0,
        "best_score": 23.0,
        "status": "Failed"
      }
    ],
    "semester": "ND-FIRST-YEAR-SECOND-SEMESTER",
    "set": "ND-2025",
    "identified_date": "2025-12-02 20:41:48",
    "total_resit_attempts": 0,
    "status": "Active",
    "probation_status": false
  },
  {
    "exam_number": "FCTCONS/ND24/045",
    "name": "AWYETU CHEBAWAZA DEBORAH",
    "failed_courses": [
      {
        "course_code": "NUS123",
        "original_score": 42.0,
        "semester": "ND-FIRST-YEAR-SECOND-SEMESTER",
        "set": "ND-2025",
        "resit_attempts": 0,
        "best_score": 42.0,
        "status": "Failed"
      },
      {
        "course_code": "Total Registered CU",
        "original_score": 19.0,
        "semester": "ND-FIRST-YEAR-SECOND-SEMESTER",
        "set": "ND-2025",
        "resit_attempts": 0,
        "best_score": 19.0,
        "status": "Failed"
      }
    ],
    "semester": "ND-FIRST-YEAR-SECOND-SEMESTER",
    "set": "ND-2025",
    "identified_date": "2025-12-02 20:41:48",
    "total_resit_attempts": 0,
    "status": "Active",
    "probation_status": false
  },
  {
    "exam_number": "FCTCONS/ND24/049",
    "name": "EMMANUEL FAITH AKOMENOMO",
    "failed_courses": [
      {
        "course_code": "NUS123",
        "original_score": 43.0,
        "semester": "ND-FIRST-YEAR-SECOND-SEMESTER",
        "set": "ND-2025",
        "resit_attempts": 0,
        "best_score": 43.0,
        "status": "Failed"
      },
      {
        "course_code": "Total Registered CU",
        "original_score": 16.0,
        "semester": "ND-FIRST-YEAR-SECOND-SEMESTER",
        "set": "ND-2025",
        "resit_attempts": 0,
        "best_score": 16.0,
        "status": "Failed"
      }
    ],
    "semester": "ND-FIRST-YEAR-SECOND-SEMESTER",
    "set": "ND-2025",
    "identified_date": "2025-12-02 20:41:48",
    "total_resit_attempts": 0,
    "status": "Active",
    "probation_status": false
  },
  {
    "exam_number": "FCTCONS/ND24/055",
    "name": "AYODELE JOHN TANTOLUWA",
    "failed_courses": [
      {
        "course_code": "NUS123",
        "original_score": 44.0,
        "semester": "ND-FIRST-YEAR-SECOND-SEMESTER",
        "set": "ND-2025",
        "resit_attempts": 0,
        "best_score": 44.0,
        "status": "Failed"
      },
      {
        "course_code": "Total Registered CU",
        "original_score": 20.0,
        "semester": "ND-FIRST-YEAR-SECOND-SEMESTER",
        "set": "ND-2025",
        "resit_attempts": 0,
        "best_score": 20.0,
        "status": "Failed"
      }
    ],
    "semester": "ND-FIRST-YEAR-SECOND-SEMESTER",
    "set": "ND-2025",
    "identified_date": "2025-12-02 20:41:48",
    "total_resit_attempts": 0,
    "status": "Active",
    "probation_status": false
  },
  {
    "exam_number": "FCTCONS/ND24/057",
    "name": "JIMOH PRINCESS RAHIMAT",
    "failed_courses": [
      {
        "course_code": "NUS123",
        "original_score": 45.0,
        "semester": "ND-FIRST-YEAR-SECOND-SEMESTER",
        "set": "ND-2025",
        "resit_attempts": 0,
        "best_score": 45.0,
        "status": "Failed"
      },
      {
        "course_code": "Total Registered CU",
        "original_score": 23.0,
        "semester": "ND-FIRST-YEAR-SECOND-SEMESTER",
        "set": "ND-2025",
        "resit_attempts": 0,
        "best_score": 23.0,
        "status": "Failed"
      }
    ],
    "semester": "ND-FIRST-YEAR-SECOND-SEMESTER",
    "set": "ND-2025",
    "identified_date": "2025-12-02 20:41:48",
    "total_resit_attempts": 0,
    "status": "Active",
    "probation_status": false
  },
  {
    "exam_number": "FCTCONS/ND24/064",
    "name": "GBADEBO RASHIDAT OLOLADE",
    "failed_courses": [
      {
        "course_code": "NUS123",
        "original_score": 46.0,
        "semester": "ND-FIRST-YEAR-SECOND-SEMESTER",
        "set": "ND-2025",
        "resit_attempts": 0,
        "best_score": 46.0,
        "status": "Failed"
      },
      {
        "course_code": "Total Registered CU",
        "original_score": 23.0,
        "semester": "ND-FIRST-YEAR-SECOND-SEMESTER",
        "set": "ND-2025",
        "resit_attempts": 0,
        "best_score": 23.0,
        "status": "Failed"
      }
    ],
    "semester": "ND-FIRST-YEAR-SECOND-SEMESTER",
    "set": "ND-2025",
    "identified_date": "2025-12-02 20:41:48",
    "total_resit_attempts": 0,
    "status": "Active",
    "probation_status": false
  },
  {
    "exam_number": "FCTCONS/ND24/073",
    "name": "ONYEHI PRAISE MAXWELL",
    "failed_courses": [
      {
        "course_code": "NUS123",
        "original_score": 46.0,
        "semester": "ND-FIRST-YEAR-SECOND-SEMESTER",
        "set": "ND-2025",
        "resit_attempts": 0,
        "best_score": 46.0,
        "status": "Failed"
      },
      {
        "course_code": "Total Registered CU",
        "original_score": 23.0,
        "semester": "ND-FIRST-YEAR-SECOND-SEMESTER",
        "set": "ND-2025",
        "resit_attempts": 0,
        "best_score": 23.0,
        "status": "Failed"
      }
    ],
    "semester": "ND-FIRST-YEAR-SECOND-SEMESTER",
    "set": "ND-2025",
    "identified_date": "2025-12-02 20:41:48",
    "total_resit_attempts": 0,
    "status": "Active",
    "probation_status": false
  },
  {
    "exam_number": "FCTCONS/ND24/076",
    "name": "OCHOLI TREASURE EGUYE",
    "failed_courses": [
      {
        "course_code": "NUS123",
        "original_score": 43.0,
        "semester": "ND-FIRST-YEAR-SECOND-SEMESTER",
        "set": "ND-2025",
        "resit_attempts": 0,
        "best_score": 43.0,
        "status": "Failed"
      },
      {
        "course_code": "Total Registered CU",
        "original_score": 20.0,
        "semester": "ND-FIRST-YEAR-SECOND-SEMESTER",
        "set": "ND-2025",
        "resit_attempts": 0,
        "best_score": 20.0,
        "status": "Failed"
      }
    ],
    "semester": "ND-FIRST-YEAR-SECOND-SEMESTER",
    "set": "ND-2025",
    "identified_date": "2025-12-02 20:41:48",
    "total_resit_attempts": 0,
    "status": "Active",
    "probation_status": false
  },
  {
    "exam_number": "FCTCONS/ND24/083",
    "name": "AYENI JEMIMAH RHODA",
    "failed_courses": [
      {
        "course_code": "NUS123",
        "original_score": 45.0,
        "semester": "ND-FIRST-YEAR-SECOND-SEMESTER",
        "set": "ND-2025",
        "resit_attempts": 0,
        "best_score": 45.0,
        "status": "Failed"
      },
      {
        "course_code": "NUS125",
        "original_score": 46.0,
        "semester": "ND-FIRST-YEAR-SECOND-SEMESTER",
        "set": "ND-2025",
        "resit_attempts": 0,
        "best_score": 46.0,
        "status": "Failed"
      },
      {
        "course_code": "Total Registered CU",
        "original_score": 19.0,
        "semester": "ND-FIRST-YEAR-SECOND-SEMESTER",
        "set": "ND-2025",
        "resit_attempts": 0,
        "best_score": 19.0,
        "status": "Failed"
      }
    ],
    "semester": "ND-FIRST-YEAR-SECOND-SEMESTER",
    "set": "ND-2025",
    "identified_date": "2025-12-02 20:41:48",
    "total_resit_attempts": 0,
    "status": "Active",
    "probation_status": false
  },
  {
    "exam_number": "FCTCONS/ND24/085",
    "name": "EMMANUEL HELEN",
    "failed_courses": [
      {
        "course_code": "NUS123",
        "original_score": 43.0,
        "semester": "ND-FIRST-YEAR-SECOND-SEMESTER",
        "set": "ND-2025",
        "resit_attempts": 0,
        "best_score": 43.0,
        "status": "Failed"
      },
      {
        "course_code": "Total Registered CU",
        "original_score": 19.0,
        "semester": "ND-FIRST-YEAR-SECOND-SEMESTER",
        "set": "ND-2025",
        "resit_attempts": 0,
        "best_score": 19.0,
        "status": "Failed"
      }
    ],
    "semester": "ND-FIRST-YEAR-SECOND-SEMESTER",
    "set": "ND-2025",
    "identified_date": "2025-12-02 20:41:48",
    "total_resit_attempts": 0,
    "status": "Active",
    "probation_status": false
  },
  {
    "exam_number": "FCTCONS/ND24/086",
    "name": "BARNOT REGBAS RITA SIMNOM",
    "failed_courses": [
      {
        "course_code": "NUS123",
        "original_score": 44.0,
        "semester": "ND-FIRST-YEAR-SECOND-SEMESTER",
        "set": "ND-2025",
        "resit_attempts": 0,
        "best_score": 44.0,
        "status": "Failed"
      },
      {
        "course_code": "Total Registered CU",
        "original_score": 15.0,
        "semester": "ND-FIRST-YEAR-SECOND-SEMESTER",
        "set": "ND-2025",
        "resit_attempts": 0,
        "best_score": 15.0,
        "status": "Failed"
      }
    ],
    "semester": "ND-FIRST-YEAR-SECOND-SEMESTER",
    "set": "ND-2025",
    "identified_date": "2025-12-02 20:41:48",
    "total_resit_attempts": 0,
    "status": "Active",
    "probation_status": false
  },
  {
    "exam_number": "FCTCONS/ND24/087",
    "name": "AYODELE MUMEENOT REGT DADA",
    "failed_courses": [
      {
        "course_code": "NUS123",
        "original_score": 46.0,
        "semester": "ND-FIRST-YEAR-SECOND-SEMESTER",
        "set": "ND-2025",
        "resit_attempts": 0,
        "best_score": 46.0,
        "status": "Failed"
      },
      {
        "course_code": "Total Registered CU",
        "original_score": 23.0,
        "semester": "ND-FIRST-YEAR-SECOND-SEMESTER",
        "set": "ND-2025",
        "resit_attempts": 0,
        "best_score": 23.0,
        "status": "Failed"
      }
    ],
    "semester": "ND-FIRST-YEAR-SECOND-SEMESTER",
    "set": "ND-2025",
    "identified_date": "2025-12-02 20:41:48",
    "total_resit_attempts": 0,
    "status": "Active",
    "probation_status": false
  },
  {
    "exam_number": "FCTCONS/ND24/091",
    "name": "DANLADI MERCY",
    "failed_courses": [
      {
        "course_code": "NUS123",
        "original_score": 39.0,
        "semester": "ND-FIRST-YEAR-SECOND-SEMESTER",
        "set": "ND-2025",
        "resit_attempts": 0,
        "best_score": 39.0,
        "status": "Failed"
      },
      {
        "course_code": "Total Registered CU",
        "original_score": 19.0,
        "semester": "ND-FIRST-YEAR-SECOND-SEMESTER",
        "set": "ND-2025",
        "resit_attempts": 0,
        "best_score": 19.0,
        "status": "Failed"
      }
    ],
    "semester": "ND-FIRST-YEAR-SECOND-SEMESTER",
    "set": "ND-2025",
    "identified_date": "2025-12-02 20:41:48",
    "total_resit_attempts": 0,
    "status": "Active",
    "probation_status": false
  },
  {
    "exam_number": "FCTCONS/ND24/092",
    "name": "OKUCHE KOSISOCHUKWU SCHOLARSTICA",
    "failed_courses": [
      {
        "course_code": "NUS123",
        "original_score": 43.0,
        "semester": "ND-FIRST-YEAR-SECOND-SEMESTER",
        "set": "ND-2025",
        "resit_attempts": 0,
        "best_score": 43.0,
        "status": "Failed"
      },
      {
        "course_code": "Total Registered CU",
        "original_score": 21.0,
        "semester": "ND-FIRST-YEAR-SECOND-SEMESTER",
        "set": "ND-2025",
        "resit_attempts": 0,
        "best_score": 21.0,
        "status": "Failed"
      }
    ],
    "semester": "ND-FIRST-YEAR-SECOND-SEMESTER",
    "set": "ND-2025",
    "identified_date": "2025-12-02 20:41:48",
    "total_resit_attempts": 0,
    "status": "Active",
    "probation_status": false
  },
  {
    "exam_number": "FCTCONS/ND24/094",
    "name": "AWAJE DORCAS ASABE",
    "failed_courses": [
      {
        "course_code": "NUS123",
        "original_score": 46.0,
        "semester": "ND-FIRST-YEAR-SECOND-SEMESTER",
        "set": "ND-2025",
        "resit_attempts": 0,
        "best_score": 46.0,
        "status": "Failed"
      },
      {
        "course_code": "Total Registered CU",
        "original_score": 23.0,
        "semester": "ND-FIRST-YEAR-SECOND-SEMESTER",
        "set": "ND-2025",
        "resit_attempts": 0,
        "best_score": 23.0,
        "status": "Failed"
      }
    ],
    "semester": "ND-FIRST-YEAR-SECOND-SEMESTER",
    "set": "ND-2025",
    "identified_date": "2025-12-02 20:41:48",
    "total_resit_attempts": 0,
    "status": "Active",
    "probation_status": false
  },
  {
    "exam_number": "FCTCONS/ND24/095",
    "name": "AYISA-ATANZE HAPPINESS CINCINSOKO",
    "failed_courses": [
      {
        "course_code": "NUS123",
        "original_score": 46.0,
        "semester": "ND-FIRST-YEAR-SECOND-SEMESTER",
        "set": "ND-2025",
        "resit_attempts": 0,
        "best_score": 46.0,
        "status": "Failed"
      },
      {
        "course_code": "Total Registered CU",
        "original_score": 23.0,
        "semester": "ND-FIRST-YEAR-SECOND-SEMESTER",
        "set": "ND-2025",
        "resit_attempts": 0,
        "best_score": 23.0,
        "status": "Failed"
      }
    ],
    "semester": "ND-FIRST-YEAR-SECOND-SEMESTER",
    "set": "ND-2025",
    "identified_date": "2025-12-02 20:41:48",
    "total_resit_attempts": 0,
    "status": "Active",
    "probation_status": false
  },
  {
    "exam_number": "FCTCONS/ND24/098",
    "name": "SULEIMAN MARYAM HARUNOT REG",
    "failed_courses": [
      {
        "course_code": "NUS123",
        "original_score": 43.0,
        "semester": "ND-FIRST-YEAR-SECOND-SEMESTER",
        "set": "ND-2025",
        "resit_attempts": 0,
        "best_score": 43.0,
        "status": "Failed"
      },
      {
        "course_code": "Total Registered CU",
        "original_score": 23.0,
        "semester": "ND-FIRST-YEAR-SECOND-SEMESTER",
        "set": "ND-2025",
        "resit_attempts": 0,
        "best_score": 23.0,
        "status": "Failed"
      }
    ],
    "semester": "ND-FIRST-YEAR-SECOND-SEMESTER",
    "set": "ND-2025",
    "identified_date": "2025-12-02 20:41:48",
    "total_resit_attempts": 0,
    "status": "Active",
    "probation_status": false
  },
  {
    "exam_number": "FCTCONS/ND24/099",
    "name": "ABEL BENITA GIDADO",
    "failed_courses": [
      {
        "course_code": "NUS125",
        "original_score": 45.0,
        "semester": "ND-FIRST-YEAR-SECOND-SEMESTER",
        "set": "ND-2025",
        "resit_attempts": 0,
        "best_score": 45.0,
        "status": "Failed"
      },
      {
        "course_code": "Total Registered CU",
        "original_score": 23.0,
        "semester": "ND-FIRST-YEAR-SECOND-SEMESTER",
        "set": "ND-2025",
        "resit_attempts": 0,
        "best_score": 23.0,
        "status": "Failed"
      }
    ],
    "semester": "ND-FIRST-YEAR-SECOND-SEMESTER",
    "set": "ND-2025",
    "identified_date": "2025-12-02 20:41:48",
    "total_resit_attempts": 0,
    "status": "Active",
    "probation_status": false
  },
  {
    "exam_number": "FCTCONS/ND24/109",
    "name": "GEOFFREY DIVINE DESTINY",
    "failed_courses": [
      {
        "course_code": "NUS123",
        "original_score": 42.0,
        "semester": "ND-FIRST-YEAR-SECOND-SEMESTER",
        "set": "ND-2025",
        "resit_attempts": 0,
        "best_score": 42.0,
        "status": "Failed"
      },
      {
        "course_code": "Total Registered CU",
        "original_score": 23.0,
        "semester": "ND-FIRST-YEAR-SECOND-SEMESTER",
        "set": "ND-2025",
        "resit_attempts": 0,
        "best_score": 23.0,
        "status": "Failed"
      }
    ],
    "semester": "ND-FIRST-YEAR-SECOND-SEMESTER",
    "set": "ND-2025",
    "identified_date": "2025-12-02 20:41:48",
    "total_resit_attempts": 0,
    "status": "Active",
    "probation_status": false
  },
  {
    "exam_number": "FCTCONS/ND24/113",
    "name": "BAWA EBWAYI GREAT",
    "failed_courses": [
      {
        "course_code": "NUS123",
        "original_score": 44.0,
        "semester": "ND-FIRST-YEAR-SECOND-SEMESTER",
        "set": "ND-2025",
        "resit_attempts": 0,
        "best_score": 44.0,
        "status": "Failed"
      },
      {
        "course_code": "Total Registered CU",
        "original_score": 23.0,
        "semester": "ND-FIRST-YEAR-SECOND-SEMESTER",
        "set": "ND-2025",
        "resit_attempts": 0,
        "best_score": 23.0,
        "status": "Failed"
      }
    ],
    "semester": "ND-FIRST-YEAR-SECOND-SEMESTER",
    "set": "ND-2025",
    "identified_date": "2025-12-02 20:41:48",
    "total_resit_attempts": 0,
    "status": "Active",
    "probation_status": false
  },
  {
    "exam_number": "FCTCONS/ND24/120",
    "name": "EMMANUEL ZIPPORAH",
    "failed_courses": [
      {
        "course_code": "NUS123",
        "original_score": 40.0,
        "semester": "ND-FIRST-YEAR-SECOND-SEMESTER",
        "set": "ND-2025",
        "resit_attempts": 0,
        "best_score": 40.0,
        "status": "Failed"
      },
      {
        "course_code": "Total Registered CU",
        "original_score": 23.0,
        "semester": "ND-FIRST-YEAR-SECOND-SEMESTER",
        "set": "ND-2025",
        "resit_attempts": 0,
        "best_score": 23.0,
        "status": "Failed"
      }
    ],
    "semester": "ND-FIRST-YEAR-SECOND-SEMESTER",
    "set": "ND-2025",
    "identified_date": "2025-12-02 20:41:48",
    "total_resit_attempts": 0,
    "status": "Active",
    "probation_status": false
  },
  {
    "exam_number": "FCTCONS/ND24/126",
    "name": "NUHU ENDURANCE",
    "failed_courses": [
      {
        "course_code": "NUS123",
        "original_score": 42.0,
        "semester": "ND-FIRST-YEAR-SECOND-SEMESTER",
        "set": "ND-2025",
        "resit_attempts": 0,
        "best_score": 42.0,
        "status": "Failed"
      },
      {
        "course_code": "Total Registered CU",
        "original_score": 23.0,
        "semester": "ND-FIRST-YEAR-SECOND-SEMESTER",
        "set": "ND-2025",
        "resit_attempts": 0,
        "best_score": 23.0,
        "status": "Failed"
      }
    ],
    "semester": "ND-FIRST-YEAR-SECOND-SEMESTER",
    "set": "ND-2025",
    "identified_date": "2025-12-02 20:41:48",
    "total_resit_attempts": 0,
    "status": "Active",
    "probation_status": false
  },
  {
    "exam_number": "FCTCONS/ND24/131",
    "name": "TIMOTHY FAITH",
    "failed_courses": [
      {
        "course_code": "NUS123",
        "original_score": 45.0,
        "semester": "ND-FIRST-YEAR-SECOND-SEMESTER",
        "set": "ND-2025",
        "resit_attempts": 0,
        "best_score": 45.0,
        "status": "Failed"
      },
      {
        "course_code": "Total Registered CU",
        "original_score": 23.0,
        "semester": "ND-FIRST-YEAR-SECOND-SEMESTER",
        "set": "ND-2025",
        "resit_attempts": 0,
        "best_score": 23.0,
        "status": "Failed"
      }
    ],
    "semester": "ND-FIRST-YEAR-SECOND-SEMESTER",
    "set": "ND-2025",
    "identified_date": "2025-12-02 20:41:48",
    "total_resit_attempts": 0,
    "status": "Active",
    "probation_status": false
  },
  {
    "exam_number": "FCTCONS/ND24/134",
    "name": "NUHU FAVOUR AUDU",
    "failed_courses": [
      {
        "course_code": "NUS123",
        "original_score": 42.0,
        "semester": "ND-FIRST-YEAR-SECOND-SEMESTER",
        "set": "ND-2025",
        "resit_attempts": 0,
        "best_score": 42.0,
        "status": "Failed"
      },
      {
        "course_code": "Total Registered CU",
        "original_score": 21.0,
        "semester": "ND-FIRST-YEAR-SECOND-SEMESTER",
        "set": "ND-2025",
        "resit_attempts": 0,
        "best_score": 21.0,
        "status": "Failed"
      }
    ],
    "semester": "ND-FIRST-YEAR-SECOND-SEMESTER",
    "set": "ND-2025",
    "identified_date": "2025-12-02 20:41:48",
    "total_resit_attempts": 0,
    "status": "Active",
    "probation_status": false
  },
  {
    "exam_number": "FCTCONS/ND24/135",
    "name": "ABDUL-RAHMAN NOT REGBILA ONIZE",
    "failed_courses": [
      {
        "course_code": "NUS123",
        "original_score": 45.0,
        "semester": "ND-FIRST-YEAR-SECOND-SEMESTER",
        "set": "ND-2025",
        "resit_attempts": 0,
        "best_score": 45.0,
        "status": "Failed"
      },
      {
        "course_code": "Total Registered CU",
        "original_score": 23.0,
        "semester": "ND-FIRST-YEAR-SECOND-SEMESTER",
        "set": "ND-2025",
        "resit_attempts": 0,
        "best_score": 23.0,
        "status": "Failed"
      }
    ],
    "semester": "ND-FIRST-YEAR-SECOND-SEMESTER",
    "set": "ND-2025",
    "identified_date": "2025-12-02 20:41:48",
    "total_resit_attempts": 0,
    "status": "Active",
    "probation_status": false
  },
  {
    "exam_number": "FCTCONS/ND24/140",
    "name": "DONGAH GODSLOVE LODIYA",
    "failed_courses": [
      {
        "course_code": "NUS123",
        "original_score": 46.0,
        "semester": "ND-FIRST-YEAR-SECOND-SEMESTER",
        "set": "ND-2025",
        "resit_attempts": 0,
        "best_score": 46.0,
        "status": "Failed"
      },
      {
        "course_code": "Total Registered CU",
        "original_score": 23.0,
        "semester": "ND-FIRST-YEAR-SECOND-SEMESTER",
        "set": "ND-2025",
        "resit_attempts": 0,
        "best_score": 23.0,
        "status": "Failed"
      }
    ],
    "semester": "ND-FIRST-YEAR-SECOND-SEMESTER",
    "set": "ND-2025",
    "identified_date": "2025-12-02 20:41:48",
    "total_resit_attempts": 0,
    "status": "Active",
    "probation_status": false
  }
]