CARRYOVER RESULT REPORT,,,,,
FCT COLLEGE OF NURSING SCIENCES,,,,,
Set: ND-2024,,,,,
Semester: ND-First-YEAR-SECOND-SEMESTER,,,,,
,,,,,
STUDENT INFORMATION,,,,,
Exam Number:,FCTCONS/ND24/016,,,,
Name:,UMUNNAKWE CHISOM MICHELLE,,,,
,,,,,
PREVIOUS GPAs,,,,,
Semester 1:,2.96,,,,
,,,,,
CURRENT ACADEMIC RECORD,,,,,
Current GPA:,3.91,,,,
Current CGPA:,3.53,,,,
,,,,,
RESIT COURSES,,,,,
Course Code,Course Title,Credit Unit,Original Score,Resit Score,Status
EEd126,Intro. To Entrepreneurship,2.0,44.0,62.0,PASSED
