EXAMS NUMBER,NAME,COURSE CODE,ORIGINAL SCORE,SEMESTER,SET,RESIT ATTEMPTS,BEST SCORE,STATUS,IDENTIFIED DATE,OVERALL_STATUS
7434,ABDULKADIR MARYAM IKPEMOSIME,GNS221,32.0,N-SECOND-YEAR-SECOND-SEMESTER,SET47,0,32.0,Failed,2025-11-01 03:35:53,Active
7434,ABDULKADIR MARYAM IKPEMOSIME,GNS224,20.0,N-SECOND-YEAR-SECOND-SEMESTER,SET47,0,20.0,Failed,2025-11-01 03:35:53,Active
7434,ABDULKADIR MARYAM IKPEMOSIME,GNS226,16.0,N-SECOND-YEAR-SECOND-SEMESTER,SET47,0,16.0,Failed,2025-11-01 03:35:53,Active
7434,ABDULKADIR MARYAM IKPEMOSIME,GNS227,44.0,N-SECOND-YEAR-SECOND-SEMESTER,SET47,0,44.0,Failed,2025-11-01 03:35:53,Active
7434,ABDULKADIR MARYAM IKPEMOSIME,GNS228,44.0,N-SECOND-YEAR-SECOND-SEMESTER,SET47,0,44.0,Failed,2025-11-01 03:35:53,Active
