EXAMS NUMBER,NAME,COURSE CODE,ORIGINAL SCORE,SEMESTER,SET,RESIT ATTEMPTS,BEST SCORE,STATUS,IDENTIFIED DATE,OVERALL_STATUS
7607,SANUSI MABEL,GNS221,48.0,N-SECOND-YEAR-SECOND-SEMESTER,SET47,0,48.0,Failed,2025-11-01 03:35:53,Active
7607,SANUSI MABEL,GNS222,42.0,N-SECOND-YEAR-SECOND-SEMESTER,SET47,0,42.0,Failed,2025-11-01 03:35:53,Active
7607,SANUSI MABEL,GNS223,14.0,N-SECOND-YEAR-SECOND-SEMESTER,SET47,0,14.0,Failed,2025-11-01 03:35:53,Active
7607,SANUSI MABEL,GNS224,29.0,N-SECOND-YEAR-SECOND-SEMESTER,SET47,0,29.0,Failed,2025-11-01 03:35:53,Active
7607,SANUSI MABEL,GNS225,21.0,N-SECOND-YEAR-SECOND-SEMESTER,SET47,0,21.0,Failed,2025-11-01 03:35:53,Active
7607,SANUSI MABEL,GNS228,44.0,N-SECOND-YEAR-SECOND-SEMESTER,SET47,0,44.0,Failed,2025-11-01 03:35:53,Active
