EXAMS NUMBER,NAME,COURSE CODE,ORIGINAL SCORE,SEMESTER,SET,RESIT ATTEMPTS,BEST SCORE,STATUS,IDENTIFIED DATE,OVERALL_STATUS
7440,ABDULSALAM  ZULIEHAT,GNS222,38.0,N-SECOND-YEAR-SECOND-SEMESTER,SET47,0,38.0,Failed,2025-11-01 03:35:53,Active
7440,ABDULSALAM  ZULIEHAT,GNS223,32.0,N-SECOND-YEAR-SECOND-SEMESTER,SET47,0,32.0,Failed,2025-11-01 03:35:53,Active
7440,ABDULSALAM  ZULIEHAT,GNS224,40.0,N-SECOND-YEAR-SECOND-SEMESTER,SET47,0,40.0,Failed,2025-11-01 03:35:53,Active
7440,ABDULSALAM  ZULIEHAT,GNS225,17.0,N-SECOND-YEAR-SECOND-SEMESTER,SET47,0,17.0,Failed,2025-11-01 03:35:53,Active
7440,ABDULSALAM  ZULIEHAT,GNS228,16.0,N-SECOND-YEAR-SECOND-SEMESTER,SET47,0,16.0,Failed,2025-11-01 03:35:53,Active
