[
  {
    "exam_number": "FCTCONS/ND23/017",
    "name": "SALIU OLUWASEGUN ABDULHAKEEM",
    "failed_courses": [
      {
        "course_code": "NUS213",
        "original_score": 48.0,
        "semester": "ND-SECOND-YEAR-FIRST-SEMESTER",
        "set": "ND-2024",
        "resit_attempts": 0,
        "best_score": 48.0,
        "status": "Failed"
      },
      {
        "course_code": "Total Registered CU",
        "original_score": 25.0,
        "semester": "ND-SECOND-YEAR-FIRST-SEMESTER",
        "set": "ND-2024",
        "resit_attempts": 0,
        "best_score": 25.0,
        "status": "Failed"
      }
    ],
    "semester": "ND-SECOND-YEAR-FIRST-SEMESTER",
    "set": "ND-2024",
    "identified_date": "2025-11-29 08:26:55",
    "total_resit_attempts": 0,
    "status": "Active",
    "probation_status": false
  },
  {
    "exam_number": "FCTCONS/ND23/019",
    "name": "EGOH DORCAS ISHIYA",
    "failed_courses": [
      {
        "course_code": "NUR214",
        "original_score": 49.0,
        "semester": "ND-SECOND-YEAR-FIRST-SEMESTER",
        "set": "ND-2024",
        "resit_attempts": 0,
        "best_score": 49.0,
        "status": "Failed"
      },
      {
        "course_code": "Total Registered CU",
        "original_score": 25.0,
        "semester": "ND-SECOND-YEAR-FIRST-SEMESTER",
        "set": "ND-2024",
        "resit_attempts": 0,
        "best_score": 25.0,
        "status": "Failed"
      }
    ],
    "semester": "ND-SECOND-YEAR-FIRST-SEMESTER",
    "set": "ND-2024",
    "identified_date": "2025-11-29 08:26:55",
    "total_resit_attempts": 0,
    "status": "Active",
    "probation_status": false
  },
  {
    "exam_number": "FCTCONS/ND23/027",
    "name": "JEREMIAH GRACE MGBEDE",
    "failed_courses": [
      {
        "course_code": "NUR214",
        "original_score": 49.0,
        "semester": "ND-SECOND-YEAR-FIRST-SEMESTER",
        "set": "ND-2024",
        "resit_attempts": 0,
        "best_score": 49.0,
        "status": "Failed"
      },
      {
        "course_code": "Total Registered CU",
        "original_score": 25.0,
        "semester": "ND-SECOND-YEAR-FIRST-SEMESTER",
        "set": "ND-2024",
        "resit_attempts": 0,
        "best_score": 25.0,
        "status": "Failed"
      }
    ],
    "semester": "ND-SECOND-YEAR-FIRST-SEMESTER",
    "set": "ND-2024",
    "identified_date": "2025-11-29 08:26:55",
    "total_resit_attempts": 0,
    "status": "Active",
    "probation_status": false
  },
  {
    "exam_number": "FCTCONS/ND23/102",
    "name": "MUHAMMAD FATIMA SANTALI",
    "failed_courses": [
      {
        "course_code": "NUR214",
        "original_score": 49.0,
        "semester": "ND-SECOND-YEAR-FIRST-SEMESTER",
        "set": "ND-2024",
        "resit_attempts": 0,
        "best_score": 49.0,
        "status": "Failed"
      },
      {
        "course_code": "Total Registered CU",
        "original_score": 25.0,
        "semester": "ND-SECOND-YEAR-FIRST-SEMESTER",
        "set": "ND-2024",
        "resit_attempts": 0,
        "best_score": 25.0,
        "status": "Failed"
      }
    ],
    "semester": "ND-SECOND-YEAR-FIRST-SEMESTER",
    "set": "ND-2024",
    "identified_date": "2025-11-29 08:26:55",
    "total_resit_attempts": 0,
    "status": "Active",
    "probation_status": false
  },
  {
    "exam_number": "FCTCONS/ND23/117",
    "name": "SYLVESTER FLO+D19URISH",
    "failed_courses": [
      {
        "course_code": "NUR214",
        "original_score": 48.0,
        "semester": "ND-SECOND-YEAR-FIRST-SEMESTER",
        "set": "ND-2024",
        "resit_attempts": 0,
        "best_score": 48.0,
        "status": "Failed"
      },
      {
        "course_code": "Total Registered CU",
        "original_score": 25.0,
        "semester": "ND-SECOND-YEAR-FIRST-SEMESTER",
        "set": "ND-2024",
        "resit_attempts": 0,
        "best_score": 25.0,
        "status": "Failed"
      }
    ],
    "semester": "ND-SECOND-YEAR-FIRST-SEMESTER",
    "set": "ND-2024",
    "identified_date": "2025-11-29 08:26:55",
    "total_resit_attempts": 0,
    "status": "Active",
    "probation_status": false
  },
  {
    "exam_number": "FCTCONS/ND23/124",
    "name": "UMAR FARUK ZAINAB",
    "failed_courses": [
      {
        "course_code": "NUR214",
        "original_score": 44.0,
        "semester": "ND-SECOND-YEAR-FIRST-SEMESTER",
        "set": "ND-2024",
        "resit_attempts": 0,
        "best_score": 44.0,
        "status": "Failed"
      },
      {
        "course_code": "Total Registered CU",
        "original_score": 25.0,
        "semester": "ND-SECOND-YEAR-FIRST-SEMESTER",
        "set": "ND-2024",
        "resit_attempts": 0,
        "best_score": 25.0,
        "status": "Failed"
      }
    ],
    "semester": "ND-SECOND-YEAR-FIRST-SEMESTER",
    "set": "ND-2024",
    "identified_date": "2025-11-29 08:26:55",
    "total_resit_attempts": 0,
    "status": "Active",
    "probation_status": false
  }
]