[
  {
    "exam_number": "FCTCONS/ND23/013",
    "name": "PAMDEP JONATHAN IBRAHIM",
    "failed_courses": [
      {
        "course_code": "EED126",
        "original_score": 48.0,
        "semester": "ND-FIRST-YEAR-SECOND-SEMESTER",
        "set": "ND-2024",
        "resit_attempts": 0,
        "best_score": 48.0,
        "status": "Failed"
      },
      {
        "course_code": "Total Registered CU",
        "original_score": 23.0,
        "semester": "ND-FIRST-YEAR-SECOND-SEMESTER",
        "set": "ND-2024",
        "resit_attempts": 0,
        "best_score": 23.0,
        "status": "Failed"
      }
    ],
    "semester": "ND-FIRST-YEAR-SECOND-SEMESTER",
    "set": "ND-2024",
    "identified_date": "2025-11-29 08:26:52",
    "total_resit_attempts": 0,
    "status": "Active",
    "probation_status": false
  },
  {
    "exam_number": "FCTCONS/ND23/014",
    "name": "OKOLI CHIEMERIE UZOMA",
    "failed_courses": [
      {
        "course_code": "NUS123",
        "original_score": 47.0,
        "semester": "ND-FIRST-YEAR-SECOND-SEMESTER",
        "set": "ND-2024",
        "resit_attempts": 0,
        "best_score": 47.0,
        "status": "Failed"
      },
      {
        "course_code": "Total Registered CU",
        "original_score": 23.0,
        "semester": "ND-FIRST-YEAR-SECOND-SEMESTER",
        "set": "ND-2024",
        "resit_attempts": 0,
        "best_score": 23.0,
        "status": "Failed"
      }
    ],
    "semester": "ND-FIRST-YEAR-SECOND-SEMESTER",
    "set": "ND-2024",
    "identified_date": "2025-11-29 08:26:52",
    "total_resit_attempts": 0,
    "status": "Active",
    "probation_status": false
  },
  {
    "exam_number": "FCTCONS/ND23/021",
    "name": "IBRAHIM MARYAM YESMIN",
    "failed_courses": [
      {
        "course_code": "NUS125",
        "original_score": 47.0,
        "semester": "ND-FIRST-YEAR-SECOND-SEMESTER",
        "set": "ND-2024",
        "resit_attempts": 0,
        "best_score": 47.0,
        "status": "Failed"
      },
      {
        "course_code": "EED126",
        "original_score": 45.0,
        "semester": "ND-FIRST-YEAR-SECOND-SEMESTER",
        "set": "ND-2024",
        "resit_attempts": 0,
        "best_score": 45.0,
        "status": "Failed"
      },
      {
        "course_code": "Total Registered CU",
        "original_score": 23.0,
        "semester": "ND-FIRST-YEAR-SECOND-SEMESTER",
        "set": "ND-2024",
        "resit_attempts": 0,
        "best_score": 23.0,
        "status": "Failed"
      }
    ],
    "semester": "ND-FIRST-YEAR-SECOND-SEMESTER",
    "set": "ND-2024",
    "identified_date": "2025-11-29 08:26:52",
    "total_resit_attempts": 0,
    "status": "Active",
    "probation_status": false
  },
  {
    "exam_number": "FCTCONS/ND23/022",
    "name": "NKEMAKOLAM PRINCESS SOMTOCHUKWU",
    "failed_courses": [
      {
        "course_code": "EED126",
        "original_score": 49.0,
        "semester": "ND-FIRST-YEAR-SECOND-SEMESTER",
        "set": "ND-2024",
        "resit_attempts": 0,
        "best_score": 49.0,
        "status": "Failed"
      },
      {
        "course_code": "Total Registered CU",
        "original_score": 23.0,
        "semester": "ND-FIRST-YEAR-SECOND-SEMESTER",
        "set": "ND-2024",
        "resit_attempts": 0,
        "best_score": 23.0,
        "status": "Failed"
      }
    ],
    "semester": "ND-FIRST-YEAR-SECOND-SEMESTER",
    "set": "ND-2024",
    "identified_date": "2025-11-29 08:26:52",
    "total_resit_attempts": 0,
    "status": "Active",
    "probation_status": false
  },
  {
    "exam_number": "FCTCONS/ND23/027",
    "name": "JEREMIAH GRACE MGBEDE",
    "failed_courses": [
      {
        "course_code": "EED126",
        "original_score": 49.0,
        "semester": "ND-FIRST-YEAR-SECOND-SEMESTER",
        "set": "ND-2024",
        "resit_attempts": 0,
        "best_score": 49.0,
        "status": "Failed"
      },
      {
        "course_code": "Total Registered CU",
        "original_score": 23.0,
        "semester": "ND-FIRST-YEAR-SECOND-SEMESTER",
        "set": "ND-2024",
        "resit_attempts": 0,
        "best_score": 23.0,
        "status": "Failed"
      }
    ],
    "semester": "ND-FIRST-YEAR-SECOND-SEMESTER",
    "set": "ND-2024",
    "identified_date": "2025-11-29 08:26:52",
    "total_resit_attempts": 0,
    "status": "Active",
    "probation_status": false
  },
  {
    "exam_number": "FCTCONS/ND23/029",
    "name": "TAIWO FAVOUR TITOBILOLUWA",
    "failed_courses": [
      {
        "course_code": "NUS123",
        "original_score": 45.0,
        "semester": "ND-FIRST-YEAR-SECOND-SEMESTER",
        "set": "ND-2024",
        "resit_attempts": 0,
        "best_score": 45.0,
        "status": "Failed"
      },
      {
        "course_code": "Total Registered CU",
        "original_score": 23.0,
        "semester": "ND-FIRST-YEAR-SECOND-SEMESTER",
        "set": "ND-2024",
        "resit_attempts": 0,
        "best_score": 23.0,
        "status": "Failed"
      }
    ],
    "semester": "ND-FIRST-YEAR-SECOND-SEMESTER",
    "set": "ND-2024",
    "identified_date": "2025-11-29 08:26:52",
    "total_resit_attempts": 0,
    "status": "Active",
    "probation_status": false
  },
  {
    "exam_number": "FCTCONS/ND23/040",
    "name": "ANUFORO DEBORAH OLUCHI",
    "failed_courses": [
      {
        "course_code": "EED126",
        "original_score": 49.0,
        "semester": "ND-FIRST-YEAR-SECOND-SEMESTER",
        "set": "ND-2024",
        "resit_attempts": 0,
        "best_score": 49.0,
        "status": "Failed"
      },
      {
        "course_code": "Total Registered CU",
        "original_score": 19.0,
        "semester": "ND-FIRST-YEAR-SECOND-SEMESTER",
        "set": "ND-2024",
        "resit_attempts": 0,
        "best_score": 19.0,
        "status": "Failed"
      }
    ],
    "semester": "ND-FIRST-YEAR-SECOND-SEMESTER",
    "set": "ND-2024",
    "identified_date": "2025-11-29 08:26:52",
    "total_resit_attempts": 0,
    "status": "Active",
    "probation_status": false
  },
  {
    "exam_number": "FCTCONS/ND23/062",
    "name": "SAMUEL DIVINE",
    "failed_courses": [
      {
        "course_code": "NUS125",
        "original_score": 49.0,
        "semester": "ND-FIRST-YEAR-SECOND-SEMESTER",
        "set": "ND-2024",
        "resit_attempts": 0,
        "best_score": 49.0,
        "status": "Failed"
      },
      {
        "course_code": "Total Registered CU",
        "original_score": 23.0,
        "semester": "ND-FIRST-YEAR-SECOND-SEMESTER",
        "set": "ND-2024",
        "resit_attempts": 0,
        "best_score": 23.0,
        "status": "Failed"
      }
    ],
    "semester": "ND-FIRST-YEAR-SECOND-SEMESTER",
    "set": "ND-2024",
    "identified_date": "2025-11-29 08:26:52",
    "total_resit_attempts": 0,
    "status": "Active",
    "probation_status": false
  },
  {
    "exam_number": "FCTCONS/ND23/066",
    "name": "EDOM JENNIFER CHIAMAKA",
    "failed_courses": [
      {
        "course_code": "EED126",
        "original_score": 48.0,
        "semester": "ND-FIRST-YEAR-SECOND-SEMESTER",
        "set": "ND-2024",
        "resit_attempts": 0,
        "best_score": 48.0,
        "status": "Failed"
      },
      {
        "course_code": "Total Registered CU",
        "original_score": 23.0,
        "semester": "ND-FIRST-YEAR-SECOND-SEMESTER",
        "set": "ND-2024",
        "resit_attempts": 0,
        "best_score": 23.0,
        "status": "Failed"
      }
    ],
    "semester": "ND-FIRST-YEAR-SECOND-SEMESTER",
    "set": "ND-2024",
    "identified_date": "2025-11-29 08:26:52",
    "total_resit_attempts": 0,
    "status": "Active",
    "probation_status": false
  },
  {
    "exam_number": "FCTCONS/ND23/070",
    "name": "OLAYOSOYE MERCY OMOWUNMI",
    "failed_courses": [
      {
        "course_code": "EED126",
        "original_score": 48.0,
        "semester": "ND-FIRST-YEAR-SECOND-SEMESTER",
        "set": "ND-2024",
        "resit_attempts": 0,
        "best_score": 48.0,
        "status": "Failed"
      },
      {
        "course_code": "Total Registered CU",
        "original_score": 23.0,
        "semester": "ND-FIRST-YEAR-SECOND-SEMESTER",
        "set": "ND-2024",
        "resit_attempts": 0,
        "best_score": 23.0,
        "status": "Failed"
      }
    ],
    "semester": "ND-FIRST-YEAR-SECOND-SEMESTER",
    "set": "ND-2024",
    "identified_date": "2025-11-29 08:26:52",
    "total_resit_attempts": 0,
    "status": "Active",
    "probation_status": false
  },
  {
    "exam_number": "FCTCONS/ND23/071",
    "name": "IKADE LOVINA EKWOK",
    "failed_courses": [
      {
        "course_code": "NUS121",
        "original_score": 47.0,
        "semester": "ND-FIRST-YEAR-SECOND-SEMESTER",
        "set": "ND-2024",
        "resit_attempts": 0,
        "best_score": 47.0,
        "status": "Failed"
      },
      {
        "course_code": "Total Registered CU",
        "original_score": 23.0,
        "semester": "ND-FIRST-YEAR-SECOND-SEMESTER",
        "set": "ND-2024",
        "resit_attempts": 0,
        "best_score": 23.0,
        "status": "Failed"
      }
    ],
    "semester": "ND-FIRST-YEAR-SECOND-SEMESTER",
    "set": "ND-2024",
    "identified_date": "2025-11-29 08:26:52",
    "total_resit_attempts": 0,
    "status": "Active",
    "probation_status": false
  },
  {
    "exam_number": "FCTCONS/ND23/073",
    "name": "ADEBONA ADEJOKE COMFORT",
    "failed_courses": [
      {
        "course_code": "EED126",
        "original_score": 48.0,
        "semester": "ND-FIRST-YEAR-SECOND-SEMESTER",
        "set": "ND-2024",
        "resit_attempts": 0,
        "best_score": 48.0,
        "status": "Failed"
      },
      {
        "course_code": "Total Registered CU",
        "original_score": 23.0,
        "semester": "ND-FIRST-YEAR-SECOND-SEMESTER",
        "set": "ND-2024",
        "resit_attempts": 0,
        "best_score": 23.0,
        "status": "Failed"
      }
    ],
    "semester": "ND-FIRST-YEAR-SECOND-SEMESTER",
    "set": "ND-2024",
    "identified_date": "2025-11-29 08:26:52",
    "total_resit_attempts": 0,
    "status": "Active",
    "probation_status": false
  },
  {
    "exam_number": "FCTCONS/ND23/074",
    "name": "ISAH HAFSAT ONAYI",
    "failed_courses": [
      {
        "course_code": "EED126",
        "original_score": 48.0,
        "semester": "ND-FIRST-YEAR-SECOND-SEMESTER",
        "set": "ND-2024",
        "resit_attempts": 0,
        "best_score": 48.0,
        "status": "Failed"
      },
      {
        "course_code": "Total Registered CU",
        "original_score": 23.0,
        "semester": "ND-FIRST-YEAR-SECOND-SEMESTER",
        "set": "ND-2024",
        "resit_attempts": 0,
        "best_score": 23.0,
        "status": "Failed"
      }
    ],
    "semester": "ND-FIRST-YEAR-SECOND-SEMESTER",
    "set": "ND-2024",
    "identified_date": "2025-11-29 08:26:52",
    "total_resit_attempts": 0,
    "status": "Active",
    "probation_status": false
  },
  {
    "exam_number": "FCTCONS/ND23/087",
    "name": "RICKSON REJOICE USOKO",
    "failed_courses": [
      {
        "course_code": "NUS125",
        "original_score": 41.0,
        "semester": "ND-FIRST-YEAR-SECOND-SEMESTER",
        "set": "ND-2024",
        "resit_attempts": 0,
        "best_score": 41.0,
        "status": "Failed"
      },
      {
        "course_code": "Total Registered CU",
        "original_score": 23.0,
        "semester": "ND-FIRST-YEAR-SECOND-SEMESTER",
        "set": "ND-2024",
        "resit_attempts": 0,
        "best_score": 23.0,
        "status": "Failed"
      }
    ],
    "semester": "ND-FIRST-YEAR-SECOND-SEMESTER",
    "set": "ND-2024",
    "identified_date": "2025-11-29 08:26:52",
    "total_resit_attempts": 0,
    "status": "Active",
    "probation_status": false
  },
  {
    "exam_number": "FCTCONS/ND23/096",
    "name": "BENJAMIN AMARACHUKWU MARVELOUS",
    "failed_courses": [
      {
        "course_code": "NUS121",
        "original_score": 44.0,
        "semester": "ND-FIRST-YEAR-SECOND-SEMESTER",
        "set": "ND-2024",
        "resit_attempts": 0,
        "best_score": 44.0,
        "status": "Failed"
      },
      {
        "course_code": "Total Registered CU",
        "original_score": 23.0,
        "semester": "ND-FIRST-YEAR-SECOND-SEMESTER",
        "set": "ND-2024",
        "resit_attempts": 0,
        "best_score": 23.0,
        "status": "Failed"
      }
    ],
    "semester": "ND-FIRST-YEAR-SECOND-SEMESTER",
    "set": "ND-2024",
    "identified_date": "2025-11-29 08:26:52",
    "total_resit_attempts": 0,
    "status": "Active",
    "probation_status": false
  },
  {
    "exam_number": "FCTCONS/ND23/114",
    "name": "YAKUBU PRISCILLA ASHEZIE",
    "failed_courses": [
      {
        "course_code": "NUS123",
        "original_score": 43.0,
        "semester": "ND-FIRST-YEAR-SECOND-SEMESTER",
        "set": "ND-2024",
        "resit_attempts": 0,
        "best_score": 43.0,
        "status": "Failed"
      },
      {
        "course_code": "NUS125",
        "original_score": 45.0,
        "semester": "ND-FIRST-YEAR-SECOND-SEMESTER",
        "set": "ND-2024",
        "resit_attempts": 0,
        "best_score": 45.0,
        "status": "Failed"
      },
      {
        "course_code": "EED126",
        "original_score": 46.0,
        "semester": "ND-FIRST-YEAR-SECOND-SEMESTER",
        "set": "ND-2024",
        "resit_attempts": 0,
        "best_score": 46.0,
        "status": "Failed"
      },
      {
        "course_code": "Total Registered CU",
        "original_score": 19.0,
        "semester": "ND-FIRST-YEAR-SECOND-SEMESTER",
        "set": "ND-2024",
        "resit_attempts": 0,
        "best_score": 19.0,
        "status": "Failed"
      }
    ],
    "semester": "ND-FIRST-YEAR-SECOND-SEMESTER",
    "set": "ND-2024",
    "identified_date": "2025-11-29 08:26:52",
    "total_resit_attempts": 0,
    "status": "Active",
    "probation_status": true
  },
  {
    "exam_number": "FCTCONS/ND23/117",
    "name": "SYLVESTER FLO+D19URISH",
    "failed_courses": [
      {
        "course_code": "EED126",
        "original_score": 43.0,
        "semester": "ND-FIRST-YEAR-SECOND-SEMESTER",
        "set": "ND-2024",
        "resit_attempts": 0,
        "best_score": 43.0,
        "status": "Failed"
      },
      {
        "course_code": "Total Registered CU",
        "original_score": 19.0,
        "semester": "ND-FIRST-YEAR-SECOND-SEMESTER",
        "set": "ND-2024",
        "resit_attempts": 0,
        "best_score": 19.0,
        "status": "Failed"
      }
    ],
    "semester": "ND-FIRST-YEAR-SECOND-SEMESTER",
    "set": "ND-2024",
    "identified_date": "2025-11-29 08:26:52",
    "total_resit_attempts": 0,
    "status": "Active",
    "probation_status": false
  },
  {
    "exam_number": "FCTCONS/ND23/124",
    "name": "UMAR FARUK ZAINAB",
    "failed_courses": [
      {
        "course_code": "NUS123",
        "original_score": 49.0,
        "semester": "ND-FIRST-YEAR-SECOND-SEMESTER",
        "set": "ND-2024",
        "resit_attempts": 0,
        "best_score": 49.0,
        "status": "Failed"
      },
      {
        "course_code": "NUR121",
        "original_score": 49.0,
        "semester": "ND-FIRST-YEAR-SECOND-SEMESTER",
        "set": "ND-2024",
        "resit_attempts": 0,
        "best_score": 49.0,
        "status": "Failed"
      },
      {
        "course_code": "EED126",
        "original_score": 48.0,
        "semester": "ND-FIRST-YEAR-SECOND-SEMESTER",
        "set": "ND-2024",
        "resit_attempts": 0,
        "best_score": 48.0,
        "status": "Failed"
      },
      {
        "course_code": "Total Registered CU",
        "original_score": 23.0,
        "semester": "ND-FIRST-YEAR-SECOND-SEMESTER",
        "set": "ND-2024",
        "resit_attempts": 0,
        "best_score": 23.0,
        "status": "Failed"
      }
    ],
    "semester": "ND-FIRST-YEAR-SECOND-SEMESTER",
    "set": "ND-2024",
    "identified_date": "2025-11-29 08:26:52",
    "total_resit_attempts": 0,
    "status": "Active",
    "probation_status": false
  }
]