EXAMS NUMBER,NAME,COURSE CODE,ORIGINAL SCORE,SEMESTER,SET,RESIT ATTEMPTS,BEST SCORE,STATUS,IDENTIFIED DATE,OVERALL_STATUS
7533,JAMES  ELIJAH,MID112,44.0,M-FIRST-YEAR-FIRST-SEMESTER,SET2023,0,44.0,Failed,2025-12-12 16:35:32,Active
7533,JAMES  ELIJAH,MID114,30.0,M-FIRST-YEAR-FIRST-SEMESTER,SET2023,0,30.0,Failed,2025-12-12 16:35:32,Active
7533,JAMES  ELIJAH,GST113,49.0,M-FIRST-YEAR-FIRST-SEMESTER,SET2023,0,49.0,Failed,2025-12-12 16:35:32,Active
7533,JAMES  ELIJAH,GST114,46.0,M-FIRST-YEAR-FIRST-SEMESTER,SET2023,0,46.0,Failed,2025-12-12 16:35:32,Active
