EXAMS NUMBER,NAME,COURSE CODE,ORIGINAL SCORE,SEMESTER,SET,RESIT ATTEMPTS,BEST SCORE,STATUS,IDENTIFIED DATE,OVERALL_STATUS
7613,SOLOMON  SHEDRACH ANYUDO,MID111,39.0,M-FIRST-YEAR-FIRST-SEMESTER,SET2023,0,39.0,Failed,2025-12-12 16:35:32,Active
7613,SOLOMON  SHEDRACH ANYUDO,MID114,44.0,M-FIRST-YEAR-FIRST-SEMESTER,SET2023,0,44.0,Failed,2025-12-12 16:35:32,Active
7613,SOLOMON  SHEDRACH ANYUDO,GST111,32.0,M-FIRST-YEAR-FIRST-SEMESTER,SET2023,0,32.0,Failed,2025-12-12 16:35:32,Active
7613,SOLOMON  SHEDRACH ANYUDO,GST113,40.0,M-FIRST-YEAR-FIRST-SEMESTER,SET2023,0,40.0,Failed,2025-12-12 16:35:32,Active
7613,SOLOMON  SHEDRACH ANYUDO,GST114,16.0,M-FIRST-YEAR-FIRST-SEMESTER,SET2023,0,16.0,Failed,2025-12-12 16:35:32,Active
