EXAMS NUMBER,NAME,COURSE CODE,ORIGINAL SCORE,SEMESTER,SET,RESIT ATTEMPTS,BEST SCORE,STATUS,IDENTIFIED DATE,OVERALL_STATUS
7619,TUKUR COMFORT,MID112,42.0,M-FIRST-YEAR-FIRST-SEMESTER,SET2023,0,42.0,Failed,2025-12-12 16:35:32,Active
7619,TUKUR COMFORT,MID113,10.0,M-FIRST-YEAR-FIRST-SEMESTER,SET2023,0,10.0,Failed,2025-12-12 16:35:32,Active
7619,TUKUR COMFORT,MID114,42.0,M-FIRST-YEAR-FIRST-SEMESTER,SET2023,0,42.0,Failed,2025-12-12 16:35:32,Active
7619,TUKUR COMFORT,GST111,24.0,M-FIRST-YEAR-FIRST-SEMESTER,SET2023,0,24.0,Failed,2025-12-12 16:35:32,Active
