EXAMS NUMBER,NAME,COURSE CODE,ORIGINAL SCORE,SEMESTER,SET,RESIT ATTEMPTS,BEST SCORE,STATUS,IDENTIFIED DATE,OVERALL_STATUS
7620,UDEH SHULAMMITE AMARANNA,MID111,44.0,M-FIRST-YEAR-FIRST-SEMESTER,SET2023,0,44.0,Failed,2025-12-12 16:35:32,Active
7620,UDEH SHULAMMITE AMARANNA,MID113,26.0,M-FIRST-YEAR-FIRST-SEMESTER,SET2023,0,26.0,Failed,2025-12-12 16:35:32,Active
7620,UDEH SHULAMMITE AMARANNA,MID114,38.0,M-FIRST-YEAR-FIRST-SEMESTER,SET2023,0,38.0,Failed,2025-12-12 16:35:32,Active
7620,UDEH SHULAMMITE AMARANNA,GST114,36.0,M-FIRST-YEAR-FIRST-SEMESTER,SET2023,0,36.0,Failed,2025-12-12 16:35:32,Active
