EXAMS NUMBER,NAME,COURSE CODE,ORIGINAL SCORE,SEMESTER,SET,RESIT ATTEMPTS,BEST SCORE,STATUS,IDENTIFIED DATE,OVERALL_STATUS
7531,JA'AFAR MARYAM,MID111,40.0,M-FIRST-YEAR-FIRST-SEMESTER,SET2023,0,40.0,Failed,2025-12-12 16:35:32,Active
7531,JA'AFAR MARYAM,MID113,26.0,M-FIRST-YEAR-FIRST-SEMESTER,SET2023,0,26.0,Failed,2025-12-12 16:35:32,Active
7531,JA'AFAR MARYAM,MID114,30.0,M-FIRST-YEAR-FIRST-SEMESTER,SET2023,0,30.0,Failed,2025-12-12 16:35:32,Active
7531,JA'AFAR MARYAM,GST111,38.0,M-FIRST-YEAR-FIRST-SEMESTER,SET2023,0,38.0,Failed,2025-12-12 16:35:32,Active
7531,JA'AFAR MARYAM,GST114,48.0,M-FIRST-YEAR-FIRST-SEMESTER,SET2023,0,48.0,Failed,2025-12-12 16:35:32,Active
7531,JA'AFAR MARYAM,MID115,20.0,M-FIRST-YEAR-FIRST-SEMESTER,SET2023,0,20.0,Failed,2025-12-12 16:35:32,Active
