EXAMS NUMBER,NAME,COURSE CODE,ORIGINAL SCORE,SEMESTER,SET,RESIT ATTEMPTS,BEST SCORE,STATUS,IDENTIFIED DATE,OVERALL_STATUS
7448,ADEGBEMILE OLUWANIFEMI O.,MID112,48.0,M-FIRST-YEAR-FIRST-SEMESTER,SET2023,0,48.0,Failed,2025-12-12 16:35:32,Active
7448,ADEGBEMILE OLUWANIFEMI O.,MID114,20.0,M-FIRST-YEAR-FIRST-SEMESTER,SET2023,0,20.0,Failed,2025-12-12 16:35:32,Active
7448,ADEGBEMILE OLUWANIFEMI O.,GST112,48.0,M-FIRST-YEAR-FIRST-SEMESTER,SET2023,0,48.0,Failed,2025-12-12 16:35:32,Active
7448,ADEGBEMILE OLUWANIFEMI O.,MID115,49.0,M-FIRST-YEAR-FIRST-SEMESTER,SET2023,0,49.0,Failed,2025-12-12 16:35:32,Active
