EXAMS NUMBER,NAME,COURSE CODE,ORIGINAL SCORE,SEMESTER,SET,RESIT ATTEMPTS,BEST SCORE,STATUS,IDENTIFIED DATE,OVERALL_STATUS
7550,MBUI GIFT  ODUM,MID114,40.0,M-FIRST-YEAR-FIRST-SEMESTER,SET2023,0,40.0,Failed,2025-12-12 16:35:32,Active
7550,MBUI GIFT  ODUM,GST111,46.0,M-FIRST-YEAR-FIRST-SEMESTER,SET2023,0,46.0,Failed,2025-12-12 16:35:32,Active
7550,MBUI GIFT  ODUM,GST112,44.0,M-FIRST-YEAR-FIRST-SEMESTER,SET2023,0,44.0,Failed,2025-12-12 16:35:32,Active
7550,MBUI GIFT  ODUM,GST113,47.0,M-FIRST-YEAR-FIRST-SEMESTER,SET2023,0,47.0,Failed,2025-12-12 16:35:32,Active
7550,MBUI GIFT  ODUM,GST114,27.0,M-FIRST-YEAR-FIRST-SEMESTER,SET2023,0,27.0,Failed,2025-12-12 16:35:32,Active
