EXAMS NUMBER,NAME,COURSE CODE,ORIGINAL SCORE,SEMESTER,SET,RESIT ATTEMPTS,BEST SCORE,STATUS,IDENTIFIED DATE,OVERALL_STATUS
7530,ISMAIL RUKAYAT,MID113,47.0,M-FIRST-YEAR-FIRST-SEMESTER,SET2023,0,47.0,Failed,2025-12-12 16:35:32,Active
7530,ISMAIL RUKAYAT,GST111,43.0,M-FIRST-YEAR-FIRST-SEMESTER,SET2023,0,43.0,Failed,2025-12-12 16:35:32,Active
7530,ISMAIL RUKAYAT,GST113,44.0,M-FIRST-YEAR-FIRST-SEMESTER,SET2023,0,44.0,Failed,2025-12-12 16:35:32,Active
7530,ISMAIL RUKAYAT,GST114,42.0,M-FIRST-YEAR-FIRST-SEMESTER,SET2023,0,42.0,Failed,2025-12-12 16:35:32,Active
