EXAMS NUMBER,NAME,COURSE CODE,ORIGINAL SCORE,SEMESTER,SET,RESIT ATTEMPTS,BEST SCORE,STATUS,IDENTIFIED DATE,OVERALL_STATUS
7521,IDRIS PRECIOUS AMIRATU,MID111,26.0,M-FIRST-YEAR-FIRST-SEMESTER,SET2023,0,26.0,Failed,2025-12-12 16:35:32,Active
7521,IDRIS PRECIOUS AMIRATU,MID114,42.0,M-FIRST-YEAR-FIRST-SEMESTER,SET2023,0,42.0,Failed,2025-12-12 16:35:32,Active
7521,IDRIS PRECIOUS AMIRATU,GST112,38.0,M-FIRST-YEAR-FIRST-SEMESTER,SET2023,0,38.0,Failed,2025-12-12 16:35:32,Active
7521,IDRIS PRECIOUS AMIRATU,GST114,46.0,M-FIRST-YEAR-FIRST-SEMESTER,SET2023,0,46.0,Failed,2025-12-12 16:35:32,Active
