EXAMS NUMBER,NAME,COURSE CODE,ORIGINAL SCORE,SEMESTER,SET,RESIT ATTEMPTS,BEST SCORE,STATUS,IDENTIFIED DATE,OVERALL_STATUS
7498,EDWARD ISAAC DANJUMA,MID112,38.0,M-FIRST-YEAR-FIRST-SEMESTER,SET2023,0,38.0,Failed,2025-12-12 16:35:32,Active
7498,EDWARD ISAAC DANJUMA,GST111,33.0,M-FIRST-YEAR-FIRST-SEMESTER,SET2023,0,33.0,Failed,2025-12-12 16:35:32,Active
7498,EDWARD ISAAC DANJUMA,GST112,37.0,M-FIRST-YEAR-FIRST-SEMESTER,SET2023,0,37.0,Failed,2025-12-12 16:35:32,Active
7498,EDWARD ISAAC DANJUMA,GST113,48.0,M-FIRST-YEAR-FIRST-SEMESTER,SET2023,0,48.0,Failed,2025-12-12 16:35:32,Active
7498,EDWARD ISAAC DANJUMA,GST114,47.0,M-FIRST-YEAR-FIRST-SEMESTER,SET2023,0,47.0,Failed,2025-12-12 16:35:32,Active
7498,EDWARD ISAAC DANJUMA,MID115,20.0,M-FIRST-YEAR-FIRST-SEMESTER,SET2023,0,20.0,Failed,2025-12-12 16:35:32,Active
