EXAMS NUMBER,NAME,COURSE CODE,ORIGINAL SCORE,SEMESTER,SET,RESIT ATTEMPTS,BEST SCORE,STATUS,IDENTIFIED DATE,OVERALL_STATUS
7590,ONAKOYA TAIWO FOLAKEMI,MID112,18.0,M-FIRST-YEAR-FIRST-SEMESTER,SET2023,0,18.0,Failed,2025-12-12 16:35:32,Active
7590,ONAKOYA TAIWO FOLAKEMI,GST111,34.0,M-FIRST-YEAR-FIRST-SEMESTER,SET2023,0,34.0,Failed,2025-12-12 16:35:32,Active
7590,ONAKOYA TAIWO FOLAKEMI,GST112,37.0,M-FIRST-YEAR-FIRST-SEMESTER,SET2023,0,37.0,Failed,2025-12-12 16:35:32,Active
7590,ONAKOYA TAIWO FOLAKEMI,MID115,43.0,M-FIRST-YEAR-FIRST-SEMESTER,SET2023,0,43.0,Failed,2025-12-12 16:35:32,Active
