EXAMS NUMBER,NAME,COURSE CODE,ORIGINAL SCORE,SEMESTER,SET,RESIT ATTEMPTS,BEST SCORE,STATUS,IDENTIFIED DATE,OVERALL_STATUS
7599,PETER ISHAKU,MID111,6.0,M-FIRST-YEAR-FIRST-SEMESTER,SET2023,0,6.0,Failed,2025-12-12 16:35:32,Active
7599,PETER ISHAKU,MID113,33.0,M-FIRST-YEAR-FIRST-SEMESTER,SET2023,0,33.0,Failed,2025-12-12 16:35:32,Active
7599,PETER ISHAKU,MID114,38.0,M-FIRST-YEAR-FIRST-SEMESTER,SET2023,0,38.0,Failed,2025-12-12 16:35:32,Active
7599,PETER ISHAKU,GST112,37.0,M-FIRST-YEAR-FIRST-SEMESTER,SET2023,0,37.0,Failed,2025-12-12 16:35:32,Active
7599,PETER ISHAKU,GST114,25.0,M-FIRST-YEAR-FIRST-SEMESTER,SET2023,0,25.0,Failed,2025-12-12 16:35:32,Active
7599,PETER ISHAKU,MID115,31.0,M-FIRST-YEAR-FIRST-SEMESTER,SET2023,0,31.0,Failed,2025-12-12 16:35:32,Active
