EXAMS NUMBER,NAME,COURSE CODE,ORIGINAL SCORE,SEMESTER,SET,RESIT ATTEMPTS,BEST SCORE,STATUS,IDENTIFIED DATE,OVERALL_STATUS
7626,UNUABOR PHILIP OSEIWE,MID114,42.0,M-FIRST-YEAR-FIRST-SEMESTER,SET2023,0,42.0,Failed,2025-12-12 16:35:32,Active
7626,UNUABOR PHILIP OSEIWE,GST111,49.0,M-FIRST-YEAR-FIRST-SEMESTER,SET2023,0,49.0,Failed,2025-12-12 16:35:32,Active
7626,UNUABOR PHILIP OSEIWE,GST113,46.0,M-FIRST-YEAR-FIRST-SEMESTER,SET2023,0,46.0,Failed,2025-12-12 16:35:32,Active
7626,UNUABOR PHILIP OSEIWE,GST114,28.0,M-FIRST-YEAR-FIRST-SEMESTER,SET2023,0,28.0,Failed,2025-12-12 16:35:32,Active
