EXAMS NUMBER,NAME,COURSE CODE,ORIGINAL SCORE,SEMESTER,SET,RESIT ATTEMPTS,BEST SCORE,STATUS,IDENTIFIED DATE,OVERALL_STATUS
7593,OSIPITAN ESTHER ARIBIYO,MID111,30.0,M-FIRST-YEAR-FIRST-SEMESTER,SET2023,0,30.0,Failed,2025-12-12 16:35:32,Active
7593,OSIPITAN ESTHER ARIBIYO,MID113,39.0,M-FIRST-YEAR-FIRST-SEMESTER,SET2023,0,39.0,Failed,2025-12-12 16:35:32,Active
7593,OSIPITAN ESTHER ARIBIYO,GST111,44.0,M-FIRST-YEAR-FIRST-SEMESTER,SET2023,0,44.0,Failed,2025-12-12 16:35:32,Active
7593,OSIPITAN ESTHER ARIBIYO,MID115,44.0,M-FIRST-YEAR-FIRST-SEMESTER,SET2023,0,44.0,Failed,2025-12-12 16:35:32,Active
