EXAMS NUMBER,NAME,COURSE CODE,ORIGINAL SCORE,SEMESTER,SET,RESIT ATTEMPTS,BEST SCORE,STATUS,IDENTIFIED DATE,OVERALL_STATUS
7460,ALHAMDU ISAAC,MID112,24.0,M-FIRST-YEAR-FIRST-SEMESTER,SET2023,0,24.0,Failed,2025-12-12 16:35:32,Active
7460,ALHAMDU ISAAC,MID113,20.0,M-FIRST-YEAR-FIRST-SEMESTER,SET2023,0,20.0,Failed,2025-12-12 16:35:32,Active
7460,ALHAMDU ISAAC,MID114,43.0,M-FIRST-YEAR-FIRST-SEMESTER,SET2023,0,43.0,Failed,2025-12-12 16:35:32,Active
7460,ALHAMDU ISAAC,GST111,34.0,M-FIRST-YEAR-FIRST-SEMESTER,SET2023,0,34.0,Failed,2025-12-12 16:35:32,Active
7460,ALHAMDU ISAAC,GST112,42.0,M-FIRST-YEAR-FIRST-SEMESTER,SET2023,0,42.0,Failed,2025-12-12 16:35:32,Active
7460,ALHAMDU ISAAC,GST113,30.0,M-FIRST-YEAR-FIRST-SEMESTER,SET2023,0,30.0,Failed,2025-12-12 16:35:32,Active
