EXAMS NUMBER,NAME,COURSE CODE,ORIGINAL SCORE,SEMESTER,SET,RESIT ATTEMPTS,BEST SCORE,STATUS,IDENTIFIED DATE,OVERALL_STATUS
7491,DAUDA  CYNTIKI KUYET,MID111,41.0,M-FIRST-YEAR-FIRST-SEMESTER,SET2023,0,41.0,Failed,2025-12-12 16:35:32,Active
7491,DAUDA  CYNTIKI KUYET,MID114,43.0,M-FIRST-YEAR-FIRST-SEMESTER,SET2023,0,43.0,Failed,2025-12-12 16:35:32,Active
7491,DAUDA  CYNTIKI KUYET,GST113,18.0,M-FIRST-YEAR-FIRST-SEMESTER,SET2023,0,18.0,Failed,2025-12-12 16:35:32,Active
7491,DAUDA  CYNTIKI KUYET,GST114,47.0,M-FIRST-YEAR-FIRST-SEMESTER,SET2023,0,47.0,Failed,2025-12-12 16:35:32,Active
