EXAMS NUMBER,NAME,COURSE CODE,ORIGINAL SCORE,SEMESTER,SET,RESIT ATTEMPTS,BEST SCORE,STATUS,IDENTIFIED DATE,OVERALL_STATUS
7483,BALA CHRISTOPHER BLAYA,MID111,34.0,M-FIRST-YEAR-FIRST-SEMESTER,SET2023,0,34.0,Failed,2025-12-12 16:35:32,Active
7483,BALA CHRISTOPHER BLAYA,MID112,22.0,M-FIRST-YEAR-FIRST-SEMESTER,SET2023,0,22.0,Failed,2025-12-12 16:35:32,Active
7483,BALA CHRISTOPHER BLAYA,MID113,47.0,M-FIRST-YEAR-FIRST-SEMESTER,SET2023,0,47.0,Failed,2025-12-12 16:35:32,Active
7483,BALA CHRISTOPHER BLAYA,MID114,24.0,M-FIRST-YEAR-FIRST-SEMESTER,SET2023,0,24.0,Failed,2025-12-12 16:35:32,Active
7483,BALA CHRISTOPHER BLAYA,GST112,49.0,M-FIRST-YEAR-FIRST-SEMESTER,SET2023,0,49.0,Failed,2025-12-12 16:35:32,Active
7483,BALA CHRISTOPHER BLAYA,GST114,36.0,M-FIRST-YEAR-FIRST-SEMESTER,SET2023,0,36.0,Failed,2025-12-12 16:35:32,Active
7483,BALA CHRISTOPHER BLAYA,MID115,35.0,M-FIRST-YEAR-FIRST-SEMESTER,SET2023,0,35.0,Failed,2025-12-12 16:35:32,Active
