EXAMS NUMBER,NAME,COURSE CODE,ORIGINAL SCORE,SEMESTER,SET,RESIT ATTEMPTS,BEST SCORE,STATUS,IDENTIFIED DATE,OVERALL_STATUS
7457,AJEH MARTHA SYLVERA,MID113,31.0,M-FIRST-YEAR-FIRST-SEMESTER,SET2023,0,31.0,Failed,2025-12-12 16:35:32,Active
7457,AJEH MARTHA SYLVERA,GST112,40.0,M-FIRST-YEAR-FIRST-SEMESTER,SET2023,0,40.0,Failed,2025-12-12 16:35:32,Active
7457,AJEH MARTHA SYLVERA,GST113,46.0,M-FIRST-YEAR-FIRST-SEMESTER,SET2023,0,46.0,Failed,2025-12-12 16:35:32,Active
7457,AJEH MARTHA SYLVERA,GST114,42.0,M-FIRST-YEAR-FIRST-SEMESTER,SET2023,0,42.0,Failed,2025-12-12 16:35:32,Active
