EXAMS NUMBER,NAME,COURSE CODE,ORIGINAL SCORE,SEMESTER,SET,RESIT ATTEMPTS,BEST SCORE,STATUS,IDENTIFIED DATE,OVERALL_STATUS
7439,ABDULSALAM  HAUWA UMMI,MID111,13.0,M-FIRST-YEAR-FIRST-SEMESTER,SET2023,0,13.0,Failed,2025-12-12 16:35:32,Active
7439,ABDULSALAM  HAUWA UMMI,MID114,46.0,M-FIRST-YEAR-FIRST-SEMESTER,SET2023,0,46.0,Failed,2025-12-12 16:35:32,Active
7439,ABDULSALAM  HAUWA UMMI,GST111,41.0,M-FIRST-YEAR-FIRST-SEMESTER,SET2023,0,41.0,Failed,2025-12-12 16:35:32,Active
7439,ABDULSALAM  HAUWA UMMI,GST113,46.0,M-FIRST-YEAR-FIRST-SEMESTER,SET2023,0,46.0,Failed,2025-12-12 16:35:32,Active
7439,ABDULSALAM  HAUWA UMMI,GST114,41.0,M-FIRST-YEAR-FIRST-SEMESTER,SET2023,0,41.0,Failed,2025-12-12 16:35:32,Active
7439,ABDULSALAM  HAUWA UMMI,MID115,31.0,M-FIRST-YEAR-FIRST-SEMESTER,SET2023,0,31.0,Failed,2025-12-12 16:35:32,Active
