EXAMS NUMBER,NAME,COURSE CODE,ORIGINAL SCORE,SEMESTER,SET,RESIT ATTEMPTS,BEST SCORE,STATUS,IDENTIFIED DATE,OVERALL_STATUS
7478,AUGUSTINE  MONICA ENOSI,MID112,48.0,M-FIRST-YEAR-FIRST-SEMESTER,SET2023,0,48.0,Failed,2025-12-12 16:35:32,Active
7478,AUGUSTINE  MONICA ENOSI,MID113,23.0,M-FIRST-YEAR-FIRST-SEMESTER,SET2023,0,23.0,Failed,2025-12-12 16:35:32,Active
7478,AUGUSTINE  MONICA ENOSI,MID114,38.0,M-FIRST-YEAR-FIRST-SEMESTER,SET2023,0,38.0,Failed,2025-12-12 16:35:32,Active
7478,AUGUSTINE  MONICA ENOSI,GST111,30.0,M-FIRST-YEAR-FIRST-SEMESTER,SET2023,0,30.0,Failed,2025-12-12 16:35:32,Active
7478,AUGUSTINE  MONICA ENOSI,GST113,44.0,M-FIRST-YEAR-FIRST-SEMESTER,SET2023,0,44.0,Failed,2025-12-12 16:35:32,Active
7478,AUGUSTINE  MONICA ENOSI,GST114,42.0,M-FIRST-YEAR-FIRST-SEMESTER,SET2023,0,42.0,Failed,2025-12-12 16:35:32,Active
7478,AUGUSTINE  MONICA ENOSI,MID115,32.0,M-FIRST-YEAR-FIRST-SEMESTER,SET2023,0,32.0,Failed,2025-12-12 16:35:32,Active
