EXAMS NUMBER,NAME,COURSE CODE,ORIGINAL SCORE,SEMESTER,SET,RESIT ATTEMPTS,BEST SCORE,STATUS,IDENTIFIED DATE,OVERALL_STATUS
7565,MUHAMMAD DAWUD LAKPA,MID111,37.0,M-FIRST-YEAR-FIRST-SEMESTER,SET2023,0,37.0,Failed,2025-12-12 16:35:32,Active
7565,MUHAMMAD DAWUD LAKPA,MID112,46.0,M-FIRST-YEAR-FIRST-SEMESTER,SET2023,0,46.0,Failed,2025-12-12 16:35:32,Active
7565,MUHAMMAD DAWUD LAKPA,MID113,34.0,M-FIRST-YEAR-FIRST-SEMESTER,SET2023,0,34.0,Failed,2025-12-12 16:35:32,Active
7565,MUHAMMAD DAWUD LAKPA,GST112,40.0,M-FIRST-YEAR-FIRST-SEMESTER,SET2023,0,40.0,Failed,2025-12-12 16:35:32,Active
7565,MUHAMMAD DAWUD LAKPA,GST114,48.0,M-FIRST-YEAR-FIRST-SEMESTER,SET2023,0,48.0,Failed,2025-12-12 16:35:32,Active
7565,MUHAMMAD DAWUD LAKPA,MID115,41.0,M-FIRST-YEAR-FIRST-SEMESTER,SET2023,0,41.0,Failed,2025-12-12 16:35:32,Active
