EXAMS NUMBER,NAME,COURSE CODE,ORIGINAL SCORE,SEMESTER,SET,RESIT ATTEMPTS,BEST SCORE,STATUS,IDENTIFIED DATE,OVERALL_STATUS
7594,OTTAH PRECIOUS HILARY,MID111,46.0,M-FIRST-YEAR-FIRST-SEMESTER,SET2023,0,46.0,Failed,2025-12-12 16:35:32,Active
7594,OTTAH PRECIOUS HILARY,MID112,30.0,M-FIRST-YEAR-FIRST-SEMESTER,SET2023,0,30.0,Failed,2025-12-12 16:35:32,Active
7594,OTTAH PRECIOUS HILARY,GST111,46.0,M-FIRST-YEAR-FIRST-SEMESTER,SET2023,0,46.0,Failed,2025-12-12 16:35:32,Active
7594,OTTAH PRECIOUS HILARY,GST114,38.0,M-FIRST-YEAR-FIRST-SEMESTER,SET2023,0,38.0,Failed,2025-12-12 16:35:32,Active
