EXAMS NUMBER,NAME,COURSE CODE,ORIGINAL SCORE,SEMESTER,SET,RESIT ATTEMPTS,BEST SCORE,STATUS,IDENTIFIED DATE,OVERALL_STATUS
7607,SANUSI MABEL,MID112,39.0,M-FIRST-YEAR-FIRST-SEMESTER,SET2023,0,39.0,Failed,2025-12-12 16:35:32,Active
7607,SANUSI MABEL,MID113,18.0,M-FIRST-YEAR-FIRST-SEMESTER,SET2023,0,18.0,Failed,2025-12-12 16:35:32,Active
7607,SANUSI MABEL,GST111,43.0,M-FIRST-YEAR-FIRST-SEMESTER,SET2023,0,43.0,Failed,2025-12-12 16:35:32,Active
7607,SANUSI MABEL,GST112,31.0,M-FIRST-YEAR-FIRST-SEMESTER,SET2023,0,31.0,Failed,2025-12-12 16:35:32,Active
7607,SANUSI MABEL,GST114,24.0,M-FIRST-YEAR-FIRST-SEMESTER,SET2023,0,24.0,Failed,2025-12-12 16:35:32,Active
