EXAMS NUMBER,NAME,COURSE CODE,ORIGINAL SCORE,SEMESTER,SET,RESIT ATTEMPTS,BEST SCORE,STATUS,IDENTIFIED DATE,OVERALL_STATUS
7634,YAKUBU AKUMISHI PATIENCE,MID111,44.0,M-FIRST-YEAR-FIRST-SEMESTER,SET2023,0,44.0,Failed,2025-12-12 16:35:32,Active
7634,YAKUBU AKUMISHI PATIENCE,MID112,10.0,M-FIRST-YEAR-FIRST-SEMESTER,SET2023,0,10.0,Failed,2025-12-12 16:35:32,Active
7634,YAKUBU AKUMISHI PATIENCE,MID114,45.0,M-FIRST-YEAR-FIRST-SEMESTER,SET2023,0,45.0,Failed,2025-12-12 16:35:32,Active
7634,YAKUBU AKUMISHI PATIENCE,GST111,40.0,M-FIRST-YEAR-FIRST-SEMESTER,SET2023,0,40.0,Failed,2025-12-12 16:35:32,Active
