EXAMS NUMBER,NAME,COURSE CODE,ORIGINAL SCORE,SEMESTER,SET,RESIT ATTEMPTS,BEST SCORE,STATUS,IDENTIFIED DATE,OVERALL_STATUS
7600,PHILIP EFFORT,MID111,36.0,M-FIRST-YEAR-FIRST-SEMESTER,SET2023,0,36.0,Failed,2025-12-12 16:35:32,Active
7600,PHILIP EFFORT,MID112,39.0,M-FIRST-YEAR-FIRST-SEMESTER,SET2023,0,39.0,Failed,2025-12-12 16:35:32,Active
7600,PHILIP EFFORT,MID113,35.0,M-FIRST-YEAR-FIRST-SEMESTER,SET2023,0,35.0,Failed,2025-12-12 16:35:32,Active
7600,PHILIP EFFORT,GST113,48.0,M-FIRST-YEAR-FIRST-SEMESTER,SET2023,0,48.0,Failed,2025-12-12 16:35:32,Active
7600,PHILIP EFFORT,GST114,46.0,M-FIRST-YEAR-FIRST-SEMESTER,SET2023,0,46.0,Failed,2025-12-12 16:35:32,Active
