EXAMS NUMBER,NAME,COURSE CODE,ORIGINAL SCORE,SEMESTER,SET,RESIT ATTEMPTS,BEST SCORE,STATUS,IDENTIFIED DATE,OVERALL_STATUS
7633,YAKUBU AMEER HASSAN,MID113,40.0,M-FIRST-YEAR-FIRST-SEMESTER,SET2023,0,40.0,Failed,2025-12-12 16:35:32,Active
7633,YAKUBU AMEER HASSAN,GST111,32.0,M-FIRST-YEAR-FIRST-SEMESTER,SET2023,0,32.0,Failed,2025-12-12 16:35:32,Active
7633,YAKUBU AMEER HASSAN,GST113,48.0,M-FIRST-YEAR-FIRST-SEMESTER,SET2023,0,48.0,Failed,2025-12-12 16:35:32,Active
7633,YAKUBU AMEER HASSAN,GST114,40.0,M-FIRST-YEAR-FIRST-SEMESTER,SET2023,0,40.0,Failed,2025-12-12 16:35:32,Active
7633,YAKUBU AMEER HASSAN,MID115,38.0,M-FIRST-YEAR-FIRST-SEMESTER,SET2023,0,38.0,Failed,2025-12-12 16:35:32,Active
