EXAMS NUMBER,NAME,COURSE CODE,ORIGINAL SCORE,SEMESTER,SET,RESIT ATTEMPTS,BEST SCORE,STATUS,IDENTIFIED DATE,OVERALL_STATUS
7639,ZAEED  HABIBA IZE,MID114,32.0,M-FIRST-YEAR-FIRST-SEMESTER,SET2023,0,32.0,Failed,2025-12-12 16:35:32,Active
7639,ZAEED  HABIBA IZE,GST112,24.0,M-FIRST-YEAR-FIRST-SEMESTER,SET2023,0,24.0,Failed,2025-12-12 16:35:32,Active
7639,ZAEED  HABIBA IZE,GST113,22.0,M-FIRST-YEAR-FIRST-SEMESTER,SET2023,0,22.0,Failed,2025-12-12 16:35:32,Active
7639,ZAEED  HABIBA IZE,GST114,29.0,M-FIRST-YEAR-FIRST-SEMESTER,SET2023,0,29.0,Failed,2025-12-12 16:35:32,Active
