EXAMS NUMBER,NAME,COURSE CODE,ORIGINAL SCORE,SEMESTER,SET,RESIT ATTEMPTS,BEST SCORE,STATUS,IDENTIFIED DATE,OVERALL_STATUS
7456,AHMED-RUFAI ASMAU,MID112,20.0,M-FIRST-YEAR-FIRST-SEMESTER,SET2023,0,20.0,Failed,2025-12-12 16:35:32,Active
7456,AHMED-RUFAI ASMAU,MID114,32.0,M-FIRST-YEAR-FIRST-SEMESTER,SET2023,0,32.0,Failed,2025-12-12 16:35:32,Active
7456,AHMED-RUFAI ASMAU,GST111,31.0,M-FIRST-YEAR-FIRST-SEMESTER,SET2023,0,31.0,Failed,2025-12-12 16:35:32,Active
7456,AHMED-RUFAI ASMAU,MID115,42.0,M-FIRST-YEAR-FIRST-SEMESTER,SET2023,0,42.0,Failed,2025-12-12 16:35:32,Active
