EXAMS NUMBER,NAME,COURSE CODE,ORIGINAL SCORE,SEMESTER,SET,RESIT ATTEMPTS,BEST SCORE,STATUS,IDENTIFIED DATE,OVERALL_STATUS
7555,MOHAMMED  SULEIMAN,MID111,48.0,M-FIRST-YEAR-FIRST-SEMESTER,SET2023,0,48.0,Failed,2025-12-12 16:35:32,Active
7555,MOHAMMED  SULEIMAN,MID112,14.0,M-FIRST-YEAR-FIRST-SEMESTER,SET2023,0,14.0,Failed,2025-12-12 16:35:32,Active
7555,MOHAMMED  SULEIMAN,MID113,32.0,M-FIRST-YEAR-FIRST-SEMESTER,SET2023,0,32.0,Failed,2025-12-12 16:35:32,Active
7555,MOHAMMED  SULEIMAN,GST111,36.0,M-FIRST-YEAR-FIRST-SEMESTER,SET2023,0,36.0,Failed,2025-12-12 16:35:32,Active
7555,MOHAMMED  SULEIMAN,GST112,46.0,M-FIRST-YEAR-FIRST-SEMESTER,SET2023,0,46.0,Failed,2025-12-12 16:35:32,Active
7555,MOHAMMED  SULEIMAN,GST114,46.0,M-FIRST-YEAR-FIRST-SEMESTER,SET2023,0,46.0,Failed,2025-12-12 16:35:32,Active
