EXAMS NUMBER,NAME,COURSE CODE,ORIGINAL SCORE,SEMESTER,SET,RESIT ATTEMPTS,BEST SCORE,STATUS,IDENTIFIED DATE,OVERALL_STATUS
7547,MAIWADA MARIYA ALI,MID112,44.0,M-FIRST-YEAR-FIRST-SEMESTER,SET2023,0,44.0,Failed,2025-12-12 16:35:32,Active
7547,MAIWADA MARIYA ALI,MID113,30.0,M-FIRST-YEAR-FIRST-SEMESTER,SET2023,0,30.0,Failed,2025-12-12 16:35:32,Active
7547,MAIWADA MARIYA ALI,GST112,28.0,M-FIRST-YEAR-FIRST-SEMESTER,SET2023,0,28.0,Failed,2025-12-12 16:35:32,Active
7547,MAIWADA MARIYA ALI,GST113,24.0,M-FIRST-YEAR-FIRST-SEMESTER,SET2023,0,24.0,Failed,2025-12-12 16:35:32,Active
7547,MAIWADA MARIYA ALI,GST114,18.0,M-FIRST-YEAR-FIRST-SEMESTER,SET2023,0,18.0,Failed,2025-12-12 16:35:32,Active
