EXAMS NUMBER,NAME,COURSE CODE,ORIGINAL SCORE,SEMESTER,SET,RESIT ATTEMPTS,BEST SCORE,STATUS,IDENTIFIED DATE,OVERALL_STATUS
7515,HARUNA  HAFSAT UMAR,MID112,40.0,M-FIRST-YEAR-FIRST-SEMESTER,SET2023,0,40.0,Failed,2025-12-12 16:35:32,Active
7515,HARUNA  HAFSAT UMAR,MID113,33.0,M-FIRST-YEAR-FIRST-SEMESTER,SET2023,0,33.0,Failed,2025-12-12 16:35:32,Active
7515,HARUNA  HAFSAT UMAR,MID114,33.0,M-FIRST-YEAR-FIRST-SEMESTER,SET2023,0,33.0,Failed,2025-12-12 16:35:32,Active
7515,HARUNA  HAFSAT UMAR,GST113,48.0,M-FIRST-YEAR-FIRST-SEMESTER,SET2023,0,48.0,Failed,2025-12-12 16:35:32,Active
7515,HARUNA  HAFSAT UMAR,GST114,44.0,M-FIRST-YEAR-FIRST-SEMESTER,SET2023,0,44.0,Failed,2025-12-12 16:35:32,Active
