EXAMS NUMBER,NAME,COURSE CODE,ORIGINAL SCORE,SEMESTER,SET,RESIT ATTEMPTS,BEST SCORE,STATUS,IDENTIFIED DATE,OVERALL_STATUS
7461,ALHASSAN  FATIMA,MID111,22.0,M-FIRST-YEAR-FIRST-SEMESTER,SET2023,0,22.0,Failed,2025-12-12 16:35:32,Active
7461,ALHASSAN  FATIMA,MID113,29.0,M-FIRST-YEAR-FIRST-SEMESTER,SET2023,0,29.0,Failed,2025-12-12 16:35:32,Active
7461,ALHASSAN  FATIMA,MID114,38.0,M-FIRST-YEAR-FIRST-SEMESTER,SET2023,0,38.0,Failed,2025-12-12 16:35:32,Active
7461,ALHASSAN  FATIMA,GST111,27.0,M-FIRST-YEAR-FIRST-SEMESTER,SET2023,0,27.0,Failed,2025-12-12 16:35:32,Active
7461,ALHASSAN  FATIMA,GST112,38.0,M-FIRST-YEAR-FIRST-SEMESTER,SET2023,0,38.0,Failed,2025-12-12 16:35:32,Active
7461,ALHASSAN  FATIMA,MID115,48.0,M-FIRST-YEAR-FIRST-SEMESTER,SET2023,0,48.0,Failed,2025-12-12 16:35:32,Active
