EXAMS NUMBER,NAME,COURSE CODE,ORIGINAL SCORE,SEMESTER,SET,RESIT ATTEMPTS,BEST SCORE,STATUS,IDENTIFIED DATE,OVERALL_STATUS
7450,ADEKOYA SAMUEL EBUNOLUWA,MID112,46.0,M-FIRST-YEAR-FIRST-SEMESTER,SET2023,0,46.0,Failed,2025-12-12 16:35:32,Active
7450,ADEKOYA SAMUEL EBUNOLUWA,MID113,48.0,M-FIRST-YEAR-FIRST-SEMESTER,SET2023,0,48.0,Failed,2025-12-12 16:35:32,Active
7450,ADEKOYA SAMUEL EBUNOLUWA,MID114,33.0,M-FIRST-YEAR-FIRST-SEMESTER,SET2023,0,33.0,Failed,2025-12-12 16:35:32,Active
7450,ADEKOYA SAMUEL EBUNOLUWA,GST113,26.0,M-FIRST-YEAR-FIRST-SEMESTER,SET2023,0,26.0,Failed,2025-12-12 16:35:32,Active
7450,ADEKOYA SAMUEL EBUNOLUWA,GST114,48.0,M-FIRST-YEAR-FIRST-SEMESTER,SET2023,0,48.0,Failed,2025-12-12 16:35:32,Active
7450,ADEKOYA SAMUEL EBUNOLUWA,MID115,23.0,M-FIRST-YEAR-FIRST-SEMESTER,SET2023,0,23.0,Failed,2025-12-12 16:35:32,Active
