EXAMS NUMBER,NAME,COURSE CODE,ORIGINAL SCORE,SEMESTER,SET,RESIT ATTEMPTS,BEST SCORE,STATUS,IDENTIFIED DATE,OVERALL_STATUS
7605,SAMSON ERNEST ALLU,MID111,46.0,M-FIRST-YEAR-FIRST-SEMESTER,SET2023,0,46.0,Failed,2025-12-12 16:35:32,Active
7605,SAMSON ERNEST ALLU,MID113,49.0,M-FIRST-YEAR-FIRST-SEMESTER,SET2023,0,49.0,Failed,2025-12-12 16:35:32,Active
7605,SAMSON ERNEST ALLU,GST111,30.0,M-FIRST-YEAR-FIRST-SEMESTER,SET2023,0,30.0,Failed,2025-12-12 16:35:32,Active
7605,SAMSON ERNEST ALLU,GST114,44.0,M-FIRST-YEAR-FIRST-SEMESTER,SET2023,0,44.0,Failed,2025-12-12 16:35:32,Active
