EXAMS NUMBER,NAME,COURSE CODE,ORIGINAL SCORE,SEMESTER,SET,RESIT ATTEMPTS,BEST SCORE,STATUS,IDENTIFIED DATE,OVERALL_STATUS
7502,EMMANUEL MARY CORNELIUS,MID111,46.0,M-FIRST-YEAR-FIRST-SEMESTER,SET2023,0,46.0,Failed,2025-12-12 16:35:32,Active
7502,EMMANUEL MARY CORNELIUS,MID112,38.0,M-FIRST-YEAR-FIRST-SEMESTER,SET2023,0,38.0,Failed,2025-12-12 16:35:32,Active
7502,EMMANUEL MARY CORNELIUS,MID113,44.0,M-FIRST-YEAR-FIRST-SEMESTER,SET2023,0,44.0,Failed,2025-12-12 16:35:32,Active
7502,EMMANUEL MARY CORNELIUS,MID114,12.0,M-FIRST-YEAR-FIRST-SEMESTER,SET2023,0,12.0,Failed,2025-12-12 16:35:32,Active
7502,EMMANUEL MARY CORNELIUS,MID115,12.0,M-FIRST-YEAR-FIRST-SEMESTER,SET2023,0,12.0,Failed,2025-12-12 16:35:32,Active
