EXAMS NUMBER,NAME,COURSE CODE,ORIGINAL SCORE,SEMESTER,SET,RESIT ATTEMPTS,BEST SCORE,STATUS,IDENTIFIED DATE,OVERALL_STATUS
7568,MUSA  MAIMUNAT ABUBAKAR,MID111,40.0,M-FIRST-YEAR-FIRST-SEMESTER,SET2023,0,40.0,Failed,2025-12-12 16:35:32,Active
7568,MUSA  MAIMUNAT ABUBAKAR,MID113,34.0,M-FIRST-YEAR-FIRST-SEMESTER,SET2023,0,34.0,Failed,2025-12-12 16:35:32,Active
7568,MUSA  MAIMUNAT ABUBAKAR,MID114,38.0,M-FIRST-YEAR-FIRST-SEMESTER,SET2023,0,38.0,Failed,2025-12-12 16:35:32,Active
7568,MUSA  MAIMUNAT ABUBAKAR,GST111,37.0,M-FIRST-YEAR-FIRST-SEMESTER,SET2023,0,37.0,Failed,2025-12-12 16:35:32,Active
7568,MUSA  MAIMUNAT ABUBAKAR,GST112,42.0,M-FIRST-YEAR-FIRST-SEMESTER,SET2023,0,42.0,Failed,2025-12-12 16:35:32,Active
7568,MUSA  MAIMUNAT ABUBAKAR,GST114,42.0,M-FIRST-YEAR-FIRST-SEMESTER,SET2023,0,42.0,Failed,2025-12-12 16:35:32,Active
7568,MUSA  MAIMUNAT ABUBAKAR,MID115,28.0,M-FIRST-YEAR-FIRST-SEMESTER,SET2023,0,28.0,Failed,2025-12-12 16:35:32,Active
