EXAMS NUMBER,NAME,COURSE CODE,ORIGINAL SCORE,SEMESTER,SET,RESIT ATTEMPTS,BEST SCORE,STATUS,IDENTIFIED DATE,OVERALL_STATUS
7440,ABDULSALAM  ZULIEHAT,MID112,32.0,M-FIRST-YEAR-FIRST-SEMESTER,SET2023,0,32.0,Failed,2025-12-12 16:35:32,Active
7440,ABDULSALAM  ZULIEHAT,MID113,31.0,M-FIRST-YEAR-FIRST-SEMESTER,SET2023,0,31.0,Failed,2025-12-12 16:35:32,Active
7440,ABDULSALAM  ZULIEHAT,MID114,44.0,M-FIRST-YEAR-FIRST-SEMESTER,SET2023,0,44.0,Failed,2025-12-12 16:35:32,Active
7440,ABDULSALAM  ZULIEHAT,GST112,16.0,M-FIRST-YEAR-FIRST-SEMESTER,SET2023,0,16.0,Failed,2025-12-12 16:35:32,Active
7440,ABDULSALAM  ZULIEHAT,GST113,26.0,M-FIRST-YEAR-FIRST-SEMESTER,SET2023,0,26.0,Failed,2025-12-12 16:35:32,Active
7440,ABDULSALAM  ZULIEHAT,GST114,18.0,M-FIRST-YEAR-FIRST-SEMESTER,SET2023,0,18.0,Failed,2025-12-12 16:35:32,Active
7440,ABDULSALAM  ZULIEHAT,MID115,36.0,M-FIRST-YEAR-FIRST-SEMESTER,SET2023,0,36.0,Failed,2025-12-12 16:35:32,Active
