EXAMS NUMBER,NAME,COURSE CODE,ORIGINAL SCORE,SEMESTER,SET,RESIT ATTEMPTS,BEST SCORE,STATUS,IDENTIFIED DATE,OVERALL_STATUS
7559,MOSES VICTORY ESHIOFUNE,MID111,47.0,M-FIRST-YEAR-FIRST-SEMESTER,SET2023,0,47.0,Failed,2025-12-12 16:35:32,Active
7559,MOSES VICTORY ESHIOFUNE,MID112,46.0,M-FIRST-YEAR-FIRST-SEMESTER,SET2023,0,46.0,Failed,2025-12-12 16:35:32,Active
7559,MOSES VICTORY ESHIOFUNE,MID113,26.0,M-FIRST-YEAR-FIRST-SEMESTER,SET2023,0,26.0,Failed,2025-12-12 16:35:32,Active
7559,MOSES VICTORY ESHIOFUNE,MID114,28.0,M-FIRST-YEAR-FIRST-SEMESTER,SET2023,0,28.0,Failed,2025-12-12 16:35:32,Active
