EXAMS NUMBER,NAME,COURSE CODE,ORIGINAL SCORE,SEMESTER,SET,RESIT ATTEMPTS,BEST SCORE,STATUS,IDENTIFIED DATE,OVERALL_STATUS
7495,DOKIH BLESSING IVREN,MID112,19.0,M-FIRST-YEAR-FIRST-SEMESTER,SET2023,0,19.0,Failed,2025-12-12 16:35:32,Active
7495,DOKIH BLESSING IVREN,MID114,12.0,M-FIRST-YEAR-FIRST-SEMESTER,SET2023,0,12.0,Failed,2025-12-12 16:35:32,Active
7495,DOKIH BLESSING IVREN,GST113,24.0,M-FIRST-YEAR-FIRST-SEMESTER,SET2023,0,24.0,Failed,2025-12-12 16:35:32,Active
7495,DOKIH BLESSING IVREN,GST114,38.0,M-FIRST-YEAR-FIRST-SEMESTER,SET2023,0,38.0,Failed,2025-12-12 16:35:32,Active
