EXAMS NUMBER,NAME,COURSE CODE,ORIGINAL SCORE,SEMESTER,SET,RESIT ATTEMPTS,BEST SCORE,STATUS,IDENTIFIED DATE,OVERALL_STATUS
7618,THEOPHILUS BUKOLA CHRYSOPRASE,MID112,28.0,M-FIRST-YEAR-FIRST-SEMESTER,SET2023,0,28.0,Failed,2025-12-12 16:35:32,Active
7618,THEOPHILUS BUKOLA CHRYSOPRASE,MID114,22.0,M-FIRST-YEAR-FIRST-SEMESTER,SET2023,0,22.0,Failed,2025-12-12 16:35:32,Active
7618,THEOPHILUS BUKOLA CHRYSOPRASE,GST111,44.0,M-FIRST-YEAR-FIRST-SEMESTER,SET2023,0,44.0,Failed,2025-12-12 16:35:32,Active
7618,THEOPHILUS BUKOLA CHRYSOPRASE,GST112,42.0,M-FIRST-YEAR-FIRST-SEMESTER,SET2023,0,42.0,Failed,2025-12-12 16:35:32,Active
7618,THEOPHILUS BUKOLA CHRYSOPRASE,GST113,47.0,M-FIRST-YEAR-FIRST-SEMESTER,SET2023,0,47.0,Failed,2025-12-12 16:35:32,Active
7618,THEOPHILUS BUKOLA CHRYSOPRASE,GST114,31.0,M-FIRST-YEAR-FIRST-SEMESTER,SET2023,0,31.0,Failed,2025-12-12 16:35:32,Active
