EXAMS NUMBER,NAME,COURSE CODE,ORIGINAL SCORE,SEMESTER,SET,RESIT ATTEMPTS,BEST SCORE,STATUS,IDENTIFIED DATE,OVERALL_STATUS
7443,ABUBAKAR  NABILA,MID113,24.0,M-FIRST-YEAR-FIRST-SEMESTER,SET2023,0,24.0,Failed,2025-12-12 16:35:32,Active
7443,ABUBAKAR  NABILA,MID114,34.0,M-FIRST-YEAR-FIRST-SEMESTER,SET2023,0,34.0,Failed,2025-12-12 16:35:32,Active
7443,ABUBAKAR  NABILA,GST111,6.0,M-FIRST-YEAR-FIRST-SEMESTER,SET2023,0,6.0,Failed,2025-12-12 16:35:32,Active
7443,ABUBAKAR  NABILA,MID115,42.0,M-FIRST-YEAR-FIRST-SEMESTER,SET2023,0,42.0,Failed,2025-12-12 16:35:32,Active
