EXAMS NUMBER,NAME,COURSE CODE,ORIGINAL SCORE,SEMESTER,SET,RESIT ATTEMPTS,BEST SCORE,STATUS,IDENTIFIED DATE,OVERALL_STATUS
7581,OKAM BELIEVE  ONENO,MID111,46.0,M-FIRST-YEAR-FIRST-SEMESTER,SET2023,0,46.0,Failed,2025-12-12 16:35:32,Active
7581,OKAM BELIEVE  ONENO,MID113,46.0,M-FIRST-YEAR-FIRST-SEMESTER,SET2023,0,46.0,Failed,2025-12-12 16:35:32,Active
7581,OKAM BELIEVE  ONENO,MID114,41.0,M-FIRST-YEAR-FIRST-SEMESTER,SET2023,0,41.0,Failed,2025-12-12 16:35:32,Active
7581,OKAM BELIEVE  ONENO,GST111,30.0,M-FIRST-YEAR-FIRST-SEMESTER,SET2023,0,30.0,Failed,2025-12-12 16:35:32,Active
7581,OKAM BELIEVE  ONENO,GST113,44.0,M-FIRST-YEAR-FIRST-SEMESTER,SET2023,0,44.0,Failed,2025-12-12 16:35:32,Active
7581,OKAM BELIEVE  ONENO,MID115,37.0,M-FIRST-YEAR-FIRST-SEMESTER,SET2023,0,37.0,Failed,2025-12-12 16:35:32,Active
