EXAMS NUMBER,NAME,COURSE CODE,ORIGINAL SCORE,SEMESTER,SET,RESIT ATTEMPTS,BEST SCORE,STATUS,IDENTIFIED DATE,OVERALL_STATUS
7558,MORGAN MARY SOKOGA,MID111,28.0,M-FIRST-YEAR-FIRST-SEMESTER,SET2023,0,28.0,Failed,2025-12-12 16:35:32,Active
7558,MORGAN MARY SOKOGA,MID112,40.0,M-FIRST-YEAR-FIRST-SEMESTER,SET2023,0,40.0,Failed,2025-12-12 16:35:32,Active
7558,MORGAN MARY SOKOGA,GST112,36.0,M-FIRST-YEAR-FIRST-SEMESTER,SET2023,0,36.0,Failed,2025-12-12 16:35:32,Active
7558,MORGAN MARY SOKOGA,GST113,24.0,M-FIRST-YEAR-FIRST-SEMESTER,SET2023,0,24.0,Failed,2025-12-12 16:35:32,Active
7558,MORGAN MARY SOKOGA,GST114,44.0,M-FIRST-YEAR-FIRST-SEMESTER,SET2023,0,44.0,Failed,2025-12-12 16:35:32,Active
