EXAMS NUMBER,NAME,COURSE CODE,ORIGINAL SCORE,SEMESTER,SET,RESIT ATTEMPTS,BEST SCORE,STATUS,IDENTIFIED DATE,OVERALL_STATUS
7508,EZE CHUKWUEMEKA EMMANUEL,MID111,44.0,M-FIRST-YEAR-FIRST-SEMESTER,SET2023,0,44.0,Failed,2025-12-12 16:35:32,Active
7508,EZE CHUKWUEMEKA EMMANUEL,GST112,29.0,M-FIRST-YEAR-FIRST-SEMESTER,SET2023,0,29.0,Failed,2025-12-12 16:35:32,Active
7508,EZE CHUKWUEMEKA EMMANUEL,GST114,32.0,M-FIRST-YEAR-FIRST-SEMESTER,SET2023,0,32.0,Failed,2025-12-12 16:35:32,Active
7508,EZE CHUKWUEMEKA EMMANUEL,MID115,43.0,M-FIRST-YEAR-FIRST-SEMESTER,SET2023,0,43.0,Failed,2025-12-12 16:35:32,Active
