EXAMS NUMBER,NAME,COURSE CODE,ORIGINAL SCORE,SEMESTER,SET,RESIT ATTEMPTS,BEST SCORE,STATUS,IDENTIFIED DATE,OVERALL_STATUS
7616,TACHI DORCAS SHEKWOPAMBOLO,MID111,26.0,M-FIRST-YEAR-FIRST-SEMESTER,SET2023,0,26.0,Failed,2025-12-12 16:35:32,Active
7616,TACHI DORCAS SHEKWOPAMBOLO,MID112,45.0,M-FIRST-YEAR-FIRST-SEMESTER,SET2023,0,45.0,Failed,2025-12-12 16:35:32,Active
7616,TACHI DORCAS SHEKWOPAMBOLO,GST112,26.0,M-FIRST-YEAR-FIRST-SEMESTER,SET2023,0,26.0,Failed,2025-12-12 16:35:32,Active
7616,TACHI DORCAS SHEKWOPAMBOLO,GST113,14.0,M-FIRST-YEAR-FIRST-SEMESTER,SET2023,0,14.0,Failed,2025-12-12 16:35:32,Active
