EXAMS NUMBER,NAME,COURSE CODE,ORIGINAL SCORE,SEMESTER,SET,RESIT ATTEMPTS,BEST SCORE,STATUS,IDENTIFIED DATE,OVERALL_STATUS
7492,DAVID JIKHIRIT FAITH,GST111,18.0,M-FIRST-YEAR-FIRST-SEMESTER,SET2023,0,18.0,Failed,2025-12-12 16:35:32,Active
7492,DAVID JIKHIRIT FAITH,GST112,33.0,M-FIRST-YEAR-FIRST-SEMESTER,SET2023,0,33.0,Failed,2025-12-12 16:35:32,Active
7492,DAVID JIKHIRIT FAITH,GST113,42.0,M-FIRST-YEAR-FIRST-SEMESTER,SET2023,0,42.0,Failed,2025-12-12 16:35:32,Active
7492,DAVID JIKHIRIT FAITH,GST114,38.0,M-FIRST-YEAR-FIRST-SEMESTER,SET2023,0,38.0,Failed,2025-12-12 16:35:32,Active
7492,DAVID JIKHIRIT FAITH,MID115,46.0,M-FIRST-YEAR-FIRST-SEMESTER,SET2023,0,46.0,Failed,2025-12-12 16:35:32,Active
