EXAMS NUMBER,NAME,COURSE CODE,ORIGINAL SCORE,SEMESTER,SET,RESIT ATTEMPTS,BEST SCORE,STATUS,IDENTIFIED DATE,OVERALL_STATUS
7497,EBERECHUKWU DIVINE STEPHEN,MID111,46.0,M-FIRST-YEAR-FIRST-SEMESTER,SET2023,0,46.0,Failed,2025-12-12 16:35:32,Active
7497,EBERECHUKWU DIVINE STEPHEN,GST111,18.0,M-FIRST-YEAR-FIRST-SEMESTER,SET2023,0,18.0,Failed,2025-12-12 16:35:32,Active
7497,EBERECHUKWU DIVINE STEPHEN,GST112,22.0,M-FIRST-YEAR-FIRST-SEMESTER,SET2023,0,22.0,Failed,2025-12-12 16:35:32,Active
7497,EBERECHUKWU DIVINE STEPHEN,GST114,39.0,M-FIRST-YEAR-FIRST-SEMESTER,SET2023,0,39.0,Failed,2025-12-12 16:35:32,Active
