EXAMS NUMBER,NAME,COURSE CODE,ORIGINAL SCORE,SEMESTER,SET,RESIT ATTEMPTS,BEST SCORE,STATUS,IDENTIFIED DATE,OVERALL_STATUS
7587,OMOERA PRISCILLA ONEYI,MID114,41.0,M-FIRST-YEAR-FIRST-SEMESTER,SET2023,0,41.0,Failed,2025-12-12 16:35:32,Active
7587,OMOERA PRISCILLA ONEYI,GST111,42.0,M-FIRST-YEAR-FIRST-SEMESTER,SET2023,0,42.0,Failed,2025-12-12 16:35:32,Active
7587,OMOERA PRISCILLA ONEYI,GST112,30.0,M-FIRST-YEAR-FIRST-SEMESTER,SET2023,0,30.0,Failed,2025-12-12 16:35:32,Active
7587,OMOERA PRISCILLA ONEYI,GST114,30.0,M-FIRST-YEAR-FIRST-SEMESTER,SET2023,0,30.0,Failed,2025-12-12 16:35:32,Active
7587,OMOERA PRISCILLA ONEYI,MID115,29.0,M-FIRST-YEAR-FIRST-SEMESTER,SET2023,0,29.0,Failed,2025-12-12 16:35:32,Active
