EXAMS NUMBER,NAME,COURSE CODE,ORIGINAL SCORE,SEMESTER,SET,RESIT ATTEMPTS,BEST SCORE,STATUS,IDENTIFIED DATE,OVERALL_STATUS
7612,SHUAIBU MUSTAPHA IBRAHIM,MID113,38.0,M-FIRST-YEAR-FIRST-SEMESTER,SET2023,0,38.0,Failed,2025-12-12 16:35:32,Active
7612,SHUAIBU MUSTAPHA IBRAHIM,GST111,34.0,M-FIRST-YEAR-FIRST-SEMESTER,SET2023,0,34.0,Failed,2025-12-12 16:35:32,Active
7612,SHUAIBU MUSTAPHA IBRAHIM,GST114,38.0,M-FIRST-YEAR-FIRST-SEMESTER,SET2023,0,38.0,Failed,2025-12-12 16:35:32,Active
7612,SHUAIBU MUSTAPHA IBRAHIM,MID115,43.0,M-FIRST-YEAR-FIRST-SEMESTER,SET2023,0,43.0,Failed,2025-12-12 16:35:32,Active
