EXAMS NUMBER,NAME,COURSE CODE,ORIGINAL SCORE,SEMESTER,SET,RESIT ATTEMPTS,BEST SCORE,STATUS,IDENTIFIED DATE,OVERALL_STATUS
7463,ALIU MARIA OCHUWA,MID112,26.0,M-FIRST-YEAR-FIRST-SEMESTER,SET2023,0,26.0,Failed,2025-12-12 16:35:32,Active
7463,ALIU MARIA OCHUWA,MID114,47.0,M-FIRST-YEAR-FIRST-SEMESTER,SET2023,0,47.0,Failed,2025-12-12 16:35:32,Active
7463,ALIU MARIA OCHUWA,GST111,12.0,M-FIRST-YEAR-FIRST-SEMESTER,SET2023,0,12.0,Failed,2025-12-12 16:35:32,Active
7463,ALIU MARIA OCHUWA,GST112,34.0,M-FIRST-YEAR-FIRST-SEMESTER,SET2023,0,34.0,Failed,2025-12-12 16:35:32,Active
7463,ALIU MARIA OCHUWA,MID115,42.0,M-FIRST-YEAR-FIRST-SEMESTER,SET2023,0,42.0,Failed,2025-12-12 16:35:32,Active
