EXAMS NUMBER,NAME,COURSE CODE,ORIGINAL SCORE,SEMESTER,SET,RESIT ATTEMPTS,BEST SCORE,STATUS,IDENTIFIED DATE,OVERALL_STATUS
7542,LAWAL ANAS,MID111,38.0,M-FIRST-YEAR-FIRST-SEMESTER,SET2023,0,38.0,Failed,2025-12-12 16:35:32,Active
7542,LAWAL ANAS,MID114,15.0,M-FIRST-YEAR-FIRST-SEMESTER,SET2023,0,15.0,Failed,2025-12-12 16:35:32,Active
7542,LAWAL ANAS,GST111,26.0,M-FIRST-YEAR-FIRST-SEMESTER,SET2023,0,26.0,Failed,2025-12-12 16:35:32,Active
7542,LAWAL ANAS,GST112,8.0,M-FIRST-YEAR-FIRST-SEMESTER,SET2023,0,8.0,Failed,2025-12-12 16:35:32,Active
7542,LAWAL ANAS,GST113,30.0,M-FIRST-YEAR-FIRST-SEMESTER,SET2023,0,30.0,Failed,2025-12-12 16:35:32,Active
7542,LAWAL ANAS,GST114,36.0,M-FIRST-YEAR-FIRST-SEMESTER,SET2023,0,36.0,Failed,2025-12-12 16:35:32,Active
7542,LAWAL ANAS,MID115,24.0,M-FIRST-YEAR-FIRST-SEMESTER,SET2023,0,24.0,Failed,2025-12-12 16:35:32,Active
