ND CARRYOVER RESULT REPORT,,,,,
FCT COLLEGE OF NURSING SCIENCES,,,,,
ND Set: ND-2024,,,,,
ND Semester: ND-SECOND-YEAR-FIRST-SEMESTER,,,,,
,,,,,
ND STUDENT INFORMATION,,,,,
Exam Number:,FCTCONS/ND24/091,,,,
Name:,DANLADI MERCY,,,,
,,,,,
ND PREVIOUS GPAs,,,,,
Semester 1:,3.6,,,,
Semester 2:,4.65,,,,
,,,,,
ND CURRENT ACADEMIC RECORD,,,,,
Current GPA:,3.48,,,,
Current CGPA:,3.96,,,,
,,,,,
ND RESIT COURSES,,,,,
Course Code,Course Title,Credit Unit,Original Score,Resit Score,Status
NUR211,Foundations Of Nursing III,3.0,42.0,63.0,PASSED
NUR212,Primary Health Care(PHC) II,3.0,44.0,63.0,PASSED
