ND CARRYOVER RESULT REPORT,,,,,
FCT COLLEGE OF NURSING SCIENCES,,,,,
ND Set: ND-2024,,,,,
ND Semester: ND-SECOND-YEAR-FIRST-SEMESTER,,,,,
,,,,,
ND STUDENT INFORMATION,,,,,
Exam Number:,FCTCONS/ND24/086,,,,
Name:,BARNABAS RITA SIMNOM,,,,
,,,,,
ND PREVIOUS GPAs,,,,,
Semester 1:,3.36,,,,
Semester 2:,4.04,,,,
,,,,,
ND CURRENT ACADEMIC RECORD,,,,,
Current GPA:,3.92,,,,
Current CGPA:,3.81,,,,
,,,,,
ND RESIT COURSES,,,,,
Course Code,Course Title,Credit Unit,Original Score,Resit Score,Status
NUR211,Foundations Of Nursing III,3.0,37.0,50.0,PASSED
