ND CARRYOVER RESULT REPORT,,,,,
FCT COLLEGE OF NURSING SCIENCES,,,,,
ND Set: ND-2024,,,,,
ND Semester: ND-SECOND-YEAR-FIRST-SEMESTER,,,,,
,,,,,
ND STUDENT INFORMATION,,,,,
Exam Number:,FCTCONS/ND24/019,,,,
Name:,OGAH PRINCESS UWENYI,,,,
,,,,,
ND PREVIOUS GPAs,,,,,
Semester 1:,3.52,,,,
Semester 2:,3.39,,,,
,,,,,
ND CURRENT ACADEMIC RECORD,,,,,
Current GPA:,3.8,,,,
Current CGPA:,3.57,,,,
,,,,,
ND RESIT COURSES,,,,,
Course Code,Course Title,Credit Unit,Original Score,Resit Score,Status
NUR213,Medical- Surgical Nursing I,4.0,46.0,63.0,PASSED
NUS214,Dietetics,2.0,44.0,65.0,PASSED
