ND CARRYOVER RESULT REPORT,,,,,
FCT COLLEGE OF NURSING SCIENCES,,,,,
ND Set: ND-2024,,,,,
ND Semester: ND-SECOND-YEAR-FIRST-SEMESTER,,,,,
,,,,,
ND STUDENT INFORMATION,,,,,
Exam Number:,FCTCONS/ND24/073,,,,
Name:,ONYEHI PRAISE MAXWELL,,,,
,,,,,
ND PREVIOUS GPAs,,,,,
Semester 1:,3.24,,,,
Semester 2:,4.04,,,,
,,,,,
ND CURRENT ACADEMIC RECORD,,,,,
Current GPA:,3.28,,,,
Current CGPA:,3.53,,,,
,,,,,
ND RESIT COURSES,,,,,
Course Code,Course Title,Credit Unit,Original Score,Resit Score,Status
NUR212,Primary Health Care(PHC) II,3.0,40.0,69.0,PASSED
NUR213,Medical- Surgical Nursing I,4.0,39.0,58.0,PASSED
