ND CARRYOVER RESULT REPORT,,,,,
FCT COLLEGE OF NURSING SCIENCES,,,,,
ND Set: ND-2024,,,,,
ND Semester: ND-SECOND-YEAR-FIRST-SEMESTER,,,,,
,,,,,
ND STUDENT INFORMATION,,,,,
Exam Number:,FCTCONS/ND24/092,,,,
Name:,OKUCHE KOSISOCHUKWU SCHOLARSTICA,,,,
,,,,,
ND PREVIOUS GPAs,,,,,
Semester 1:,2.72,,,,
Semester 2:,3.65,,,,
,,,,,
ND CURRENT ACADEMIC RECORD,,,,,
Current GPA:,4.04,,,,
Current CGPA:,3.5,,,,
,,,,,
ND RESIT COURSES,,,,,
Course Code,Course Title,Credit Unit,Original Score,Resit Score,Status
NUS213,Pharmacology II,2.0,48.0,66.0,PASSED
NUS215,Biostatistics,2.0,46.0,64.0,PASSED
