ND CARRYOVER RESULT REPORT,,,,,
FCT COLLEGE OF NURSING SCIENCES,,,,,
ND Set: ND-2024,,,,,
ND Semester: ND-SECOND-YEAR-FIRST-SEMESTER,,,,,
,,,,,
ND STUDENT INFORMATION,,,,,
Exam Number:,FCTCONS/ND24/119,,,,
Name:,OGUEJI TREASURE UKAMAKA,,,,
,,,,,
ND PREVIOUS GPAs,,,,,
Semester 1:,3.2,,,,
Semester 2:,4.43,,,,
,,,,,
ND CURRENT ACADEMIC RECORD,,,,,
Current GPA:,3.44,,,,
Current CGPA:,3.74,,,,
,,,,,
ND RESIT COURSES,,,,,
Course Code,Course Title,Credit Unit,Original Score,Resit Score,Status
NUR213,Medical- Surgical Nursing I,4.0,44.0,68.0,PASSED
NUS213,Pharmacology II,2.0,47.0,71.0,PASSED
