ND CARRYOVER RESULT REPORT,,,,,
FCT COLLEGE OF NURSING SCIENCES,,,,,
ND Set: ND-2024,,,,,
ND Semester: ND-SECOND-YEAR-FIRST-SEMESTER,,,,,
,,,,,
ND STUDENT INFORMATION,,,,,
Exam Number:,FCTCONS/ND24/120,,,,
Name:,EMMANUEL ZIPPORAH,,,,
,,,,,
ND PREVIOUS GPAs,,,,,
Semester 1:,3.04,,,,
Semester 2:,4.09,,,,
,,,,,
ND CURRENT ACADEMIC RECORD,,,,,
Current GPA:,4.32,,,,
Current CGPA:,3.87,,,,
,,,,,
ND RESIT COURSES,,,,,
Course Code,Course Title,Credit Unit,Original Score,Resit Score,Status
NUS213,Pharmacology II,2.0,49.0,74.0,PASSED
