ND CARRYOVER RESULT REPORT,,,,,
FCT COLLEGE OF NURSING SCIENCES,,,,,
ND Set: ND-2024,,,,,
ND Semester: ND-SECOND-YEAR-FIRST-SEMESTER,,,,,
,,,,,
ND STUDENT INFORMATION,,,,,
Exam Number:,FCTCONS/ND24/128,,,,
Name:,CHIME KENECHI PAULINE,,,,
,,,,,
ND PREVIOUS GPAs,,,,,
Semester 1:,2.84,,,,
Semester 2:,4.35,,,,
,,,,,
ND CURRENT ACADEMIC RECORD,,,,,
Current GPA:,4.08,,,,
Current CGPA:,3.88,,,,
,,,,,
ND RESIT COURSES,,,,,
Course Code,Course Title,Credit Unit,Original Score,Resit Score,Status
NUS213,Pharmacology II,2.0,47.0,73.0,PASSED
