ND CARRYOVER RESULT REPORT,,,,,
FCT COLLEGE OF NURSING SCIENCES,,,,,
ND Set: ND-2024,,,,,
ND Semester: ND-SECOND-YEAR-FIRST-SEMESTER,,,,,
,,,,,
ND STUDENT INFORMATION,,,,,
Exam Number:,FCTCONS/ND24/006,,,,
Name:,YOHANNA DORATHY TAVINAZA,,,,
,,,,,
ND PREVIOUS GPAs,,,,,
Semester 1:,3.28,,,,
Semester 2:,4.35,,,,
,,,,,
ND CURRENT ACADEMIC RECORD,,,,,
Current GPA:,3.24,,,,
Current CGPA:,3.68,,,,
,,,,,
ND RESIT COURSES,,,,,
Course Code,Course Title,Credit Unit,Original Score,Resit Score,Status
NUR211,Foundations Of Nursing III,3.0,45.0,53.0,PASSED
NUR213,Medical- Surgical Nursing I,4.0,42.0,79.0,PASSED
