ND CARRYOVER RESULT REPORT,,,,,
FCT COLLEGE OF NURSING SCIENCES,,,,,
ND Set: ND-2024,,,,,
ND Semester: ND-SECOND-YEAR-FIRST-SEMESTER,,,,,
,,,,,
ND STUDENT INFORMATION,,,,,
Exam Number:,FCTCONS/ND24/114,,,,
Name:,YUSUF BASHIRAT ADEOLA,,,,
,,,,,
ND PREVIOUS GPAs,,,,,
Semester 1:,3.48,,,,
Semester 2:,4.43,,,,
,,,,,
ND CURRENT ACADEMIC RECORD,,,,,
Current GPA:,3.32,,,,
Current CGPA:,3.79,,,,
,,,,,
ND RESIT COURSES,,,,,
Course Code,Course Title,Credit Unit,Original Score,Resit Score,Status
NUR211,Foundations Of Nursing III,3.0,39.0,51.0,PASSED
NUR212,Primary Health Care(PHC) II,3.0,42.0,50.0,PASSED
NUS214,Dietetics,2.0,47.0,68.0,PASSED
