ND CARRYOVER RESULT REPORT,,,,,
FCT COLLEGE OF NURSING SCIENCES,,,,,
ND Set: ND-2024,,,,,
ND Semester: ND-SECOND-YEAR-FIRST-SEMESTER,,,,,
,,,,,
ND STUDENT INFORMATION,,,,,
Exam Number:,FCTCONS/ND24/102,,,,
Name:,MICHEAL CATHERINE,,,,
,,,,,
ND PREVIOUS GPAs,,,,,
Semester 1:,2.84,,,,
Semester 2:,3.57,,,,
,,,,,
ND CURRENT ACADEMIC RECORD,,,,,
Current GPA:,3.44,,,,
Current CGPA:,3.33,,,,
,,,,,
ND RESIT COURSES,,,,,
Course Code,Course Title,Credit Unit,Original Score,Resit Score,Status
NUS211,Human Anatomy III,4.0,45.0,50.0,PASSED
NUS214,Dietetics,2.0,37.0,70.0,PASSED
