[
  {
    "exam_number": "7434",
    "name": "ABDULKADIR MARYAM IKPEMOSIME",
    "failed_courses": [
      {
        "course_code": "GNS221",
        "original_score": 32.0,
        "semester": "N-SECOND-YEAR-SECOND-SEMESTER",
        "set": "SET47",
        "resit_attempts": 0,
        "best_score": 32.0,
        "status": "Failed"
      },
      {
        "course_code": "GNS224",
        "original_score": 20.0,
        "semester": "N-SECOND-YEAR-SECOND-SEMESTER",
        "set": "SET47",
        "resit_attempts": 0,
        "best_score": 20.0,
        "status": "Failed"
      },
      {
        "course_code": "GNS226",
        "original_score": 16.0,
        "semester": "N-SECOND-YEAR-SECOND-SEMESTER",
        "set": "SET47",
        "resit_attempts": 0,
        "best_score": 16.0,
        "status": "Failed"
      },
      {
        "course_code": "GNS227",
        "original_score": 44.0,
        "semester": "N-SECOND-YEAR-SECOND-SEMESTER",
        "set": "SET47",
        "resit_attempts": 0,
        "best_score": 44.0,
        "status": "Failed"
      },
      {
        "course_code": "GNS228",
        "original_score": 44.0,
        "semester": "N-SECOND-YEAR-SECOND-SEMESTER",
        "set": "SET47",
        "resit_attempts": 0,
        "best_score": 44.0,
        "status": "Failed"
      }
    ],
    "semester": "N-SECOND-YEAR-SECOND-SEMESTER",
    "set": "SET47",
    "identified_date": "2025-11-05 15:32:44",
    "total_resit_attempts": 0,
    "status": "Active"
  },
  {
    "exam_number": "7440",
    "name": "ABDULSALAM  ZULIEHAT",
    "failed_courses": [
      {
        "course_code": "GNS222",
        "original_score": 38.0,
        "semester": "N-SECOND-YEAR-SECOND-SEMESTER",
        "set": "SET47",
        "resit_attempts": 0,
        "best_score": 38.0,
        "status": "Failed"
      },
      {
        "course_code": "GNS223",
        "original_score": 32.0,
        "semester": "N-SECOND-YEAR-SECOND-SEMESTER",
        "set": "SET47",
        "resit_attempts": 0,
        "best_score": 32.0,
        "status": "Failed"
      },
      {
        "course_code": "GNS224",
        "original_score": 40.0,
        "semester": "N-SECOND-YEAR-SECOND-SEMESTER",
        "set": "SET47",
        "resit_attempts": 0,
        "best_score": 40.0,
        "status": "Failed"
      },
      {
        "course_code": "GNS225",
        "original_score": 17.0,
        "semester": "N-SECOND-YEAR-SECOND-SEMESTER",
        "set": "SET47",
        "resit_attempts": 0,
        "best_score": 17.0,
        "status": "Failed"
      },
      {
        "course_code": "GNS228",
        "original_score": 16.0,
        "semester": "N-SECOND-YEAR-SECOND-SEMESTER",
        "set": "SET47",
        "resit_attempts": 0,
        "best_score": 16.0,
        "status": "Failed"
      }
    ],
    "semester": "N-SECOND-YEAR-SECOND-SEMESTER",
    "set": "SET47",
    "identified_date": "2025-11-05 15:32:44",
    "total_resit_attempts": 0,
    "status": "Active"
  },
  {
    "exam_number": "7463",
    "name": "ALIU MARIA OCHUWA",
    "failed_courses": [
      {
        "course_code": "GNS224",
        "original_score": 44.0,
        "semester": "N-SECOND-YEAR-SECOND-SEMESTER",
        "set": "SET47",
        "resit_attempts": 0,
        "best_score": 44.0,
        "status": "Failed"
      }
    ],
    "semester": "N-SECOND-YEAR-SECOND-SEMESTER",
    "set": "SET47",
    "identified_date": "2025-11-05 15:32:44",
    "total_resit_attempts": 0,
    "status": "Active"
  },
  {
    "exam_number": "7579",
    "name": "ODEAHAN ITOHAN ABIGAIL",
    "failed_courses": [
      {
        "course_code": "GNS224",
        "original_score": 46.0,
        "semester": "N-SECOND-YEAR-SECOND-SEMESTER",
        "set": "SET47",
        "resit_attempts": 0,
        "best_score": 46.0,
        "status": "Failed"
      },
      {
        "course_code": "GNS226",
        "original_score": 5.0,
        "semester": "N-SECOND-YEAR-SECOND-SEMESTER",
        "set": "SET47",
        "resit_attempts": 0,
        "best_score": 5.0,
        "status": "Failed"
      },
      {
        "course_code": "GNS227",
        "original_score": 40.0,
        "semester": "N-SECOND-YEAR-SECOND-SEMESTER",
        "set": "SET47",
        "resit_attempts": 0,
        "best_score": 40.0,
        "status": "Failed"
      }
    ],
    "semester": "N-SECOND-YEAR-SECOND-SEMESTER",
    "set": "SET47",
    "identified_date": "2025-11-05 15:32:44",
    "total_resit_attempts": 0,
    "status": "Active"
  },
  {
    "exam_number": "7607",
    "name": "SANUSI MABEL",
    "failed_courses": [
      {
        "course_code": "GNS221",
        "original_score": 48.0,
        "semester": "N-SECOND-YEAR-SECOND-SEMESTER",
        "set": "SET47",
        "resit_attempts": 0,
        "best_score": 48.0,
        "status": "Failed"
      },
      {
        "course_code": "GNS222",
        "original_score": 42.0,
        "semester": "N-SECOND-YEAR-SECOND-SEMESTER",
        "set": "SET47",
        "resit_attempts": 0,
        "best_score": 42.0,
        "status": "Failed"
      },
      {
        "course_code": "GNS223",
        "original_score": 14.0,
        "semester": "N-SECOND-YEAR-SECOND-SEMESTER",
        "set": "SET47",
        "resit_attempts": 0,
        "best_score": 14.0,
        "status": "Failed"
      },
      {
        "course_code": "GNS224",
        "original_score": 29.0,
        "semester": "N-SECOND-YEAR-SECOND-SEMESTER",
        "set": "SET47",
        "resit_attempts": 0,
        "best_score": 29.0,
        "status": "Failed"
      },
      {
        "course_code": "GNS225",
        "original_score": 21.0,
        "semester": "N-SECOND-YEAR-SECOND-SEMESTER",
        "set": "SET47",
        "resit_attempts": 0,
        "best_score": 21.0,
        "status": "Failed"
      },
      {
        "course_code": "GNS228",
        "original_score": 44.0,
        "semester": "N-SECOND-YEAR-SECOND-SEMESTER",
        "set": "SET47",
        "resit_attempts": 0,
        "best_score": 44.0,
        "status": "Failed"
      }
    ],
    "semester": "N-SECOND-YEAR-SECOND-SEMESTER",
    "set": "SET47",
    "identified_date": "2025-11-05 15:32:44",
    "total_resit_attempts": 0,
    "status": "Active"
  }
]