ND CARRYOVER RESULT REPORT,,,,,
FCT COLLEGE OF NURSING SCIENCES,,,,,
ND Set: ND-2024,,,,,
ND Semester: ND-FIRST-YEAR-FIRST-SEMESTER,,,,,
,,,,,
ND STUDENT INFORMATION,,,,,
Exam Number:,FCTCONS/ND24/077,,,,
Name:,OODOH COMFORT ONYENEFU,,,,
,,,,,
ND PREVIOUS GPAs,,,,,
,,,,,
ND CURRENT ACADEMIC RECORD,,,,,
Current GPA:,4.16,,,,
Current CGPA:,4.16,,,,
,,,,,
ND RESIT COURSES,,,,,
Course Code,Course Title,Credit Unit,Original Score,Resit Score,Status
NUS112,Applied Physics,2.0,38.0,78.0,PASSED
NUS113,Human Anatomy I,4.0,22.0,56.0,PASSED
NUS116,Use of Computer,2.0,20.0,78.0,PASSED
