ND CARRYOVER RESULT REPORT,,,,,
FCT COLLEGE OF NURSING SCIENCES,,,,,
ND Set: ND-2024,,,,,
ND Semester: ND-FIRST-YEAR-FIRST-SEMESTER,,,,,
,,,,,
ND STUDENT INFORMATION,,,,,
Exam Number:,FCTCONS/ND24/035,,,,
Name:,AGBOOLA OLATOMIWA,,,,
,,,,,
ND PREVIOUS GPAs,,,,,
,,,,,
ND CURRENT ACADEMIC RECORD,,,,,
Current GPA:,4.4,,,,
Current CGPA:,4.4,,,,
,,,,,
ND RESIT COURSES,,,,,
Course Code,Course Title,Credit Unit,Original Score,Resit Score,Status
GNS111,Citizenship Education I,2.0,24.0,60.0,PASSED
NUS112,Applied Physics,2.0,16.0,73.0,PASSED
NUS115,Introduction to Sociology,2.0,24.0,64.0,PASSED
NUS116,Use of Computer,2.0,49.0,68.0,PASSED
