S/N,STATE_SN,FULL NAME,APPLICATION ID,PHONE NUMBER,STATE,Score/100.00,Score/100
1,1,Osondu Joy Chidera,202550088195CA,,Abia,47.50,48
2,2,Miracle Ebere Chisom,202550992879CF,,Abia,40.00,40
3,1,Otong Favour Ifiok,202550755490EA,,Akwa-Ibom,57.50,57
4,2,Lesley-Ann Ekpo Samuel,202550911307FA,,Akwa-Ibom,57.50,57
5,3,Grace Akpan Kiddy,202551483326CF,,Akwa-Ibom,57.50,57
6,4,Peter Gift Prosper,202551778280DF,,Akwa-Ibom,56.25,56
7,5,James Confidence Ndifrekeabasi,202550252367FF,,Akwa-Ibom,52.50,52
8,6,Etim Grace Emmanuel,202550766710IF,,Akwa-Ibom,51.25,51
9,7,Ekwere Blessing Bassey,202550204755EF,,Akwa-Ibom,48.75,49
10,8,Glory Etukudoh Daniel,202551189568CA,,Akwa-Ibom,30.00,30
11,1,Okafor Helen Chinasa,202550265423EA,,Anambra,50.00,50
12,2,Ezike Chinecherem Maryjane,202551083625BF,,Anambra,36.25,36
13,3,Maduakolam Oluebube Gracious,202551021258GA,,Anambra,35.00,35
14,4,Ifunanya Nwankwo Elizabeth,202551155887IF,,Anambra,35.00,35
15,5,Ugochukwu Daniella Chisom,202550153182IA,,Anambra,33.75,34
16,6,Uchendu Treasure Onyinyechukwu,202550762819GF,,Anambra,31.25,31
17,7,Peter Victoria Chinenye,202550950564DF,,Anambra,31.25,31
18,1,Habila Charity Clara,202550826432GA,,Bauchi,48.75,49
19,2,Yusuf Zainab Sulaiman,202551581992DA,,Bauchi,43.75,44
20,3,Maikasuwa Alheri Samaila,202551150523CA,,Bauchi,25.00,25
21,1,Patrick Ene Monalisa,202550325933GF,,Benue,42.50,42
22,2,Clifford Fortune Uhi,202552022216GA,,Benue,41.25,41
23,3,Iduh Stephen Sunday,202551197634GF,,Benue,40.00,40
24,4,Adah Daniel Edache,202550349927IA,,Benue,38.75,39
25,5,Ogwuche Divine Ehi,202550341738IA,,Benue,38.75,39
26,6,Angel Onuh Ene,202551869655BF,,Benue,36.25,36
27,7,Terlumun Doose Faith,202551029421JF,,Benue,36.25,36
28,8,Ejeh Victoria Ehi,202550000659DF,,Benue,32.50,32
29,9,Oyigbeche Asebe Marvelous,202551181615HF,,Benue,30.00,30
30,1,Egbedeogar Victoria Esiokpahe,202551519491IA,,Cross-River,43.75,44
31,2,Ashang Joshua Akinle,202551358894DA,,Cross-River,43.75,44
32,3,Ogar Catherine Ukwung,202551363761BF,,Cross-River,42.50,42
33,4,Godstime Adie Akunnufo,202550721279JF,,Cross-River,38.75,39
34,5,Oko Janet Ochuele,202550165959DF,,Cross-River,31.25,31
35,1,Efeoghenetobore Omose Amakashe,202550194858DF,,Delta,50.00,50
36,1,Obia Uchechi,202550075141CF,,Ebonyi,42.50,42
37,2,Nwachukwu Blessing Chizube,202550784653FA,,Ebonyi,38.75,39
38,1,Osagie Etin-Osa Star,202551025650EF,,Edo,63.75,64
39,2,Oboh Precious Oseahumen,202550771532BA,,Edo,57.50,57
40,3,Ernest Tessy Eshiomegia,202550412019IA,,Edo,46.25,46
41,4,Daniel Favour Okawodiyong,202550078224JF,,Edo,45.00,45
42,5,Joseph Gloria,202550123467HF,,Edo,43.75,44
43,6,Isaac Gift Emike,202551174843CA,,Edo,42.50,42
44,7,Akhaine Princess Treasure,202550040751CF,,Edo,41.25,41
45,8,Sabidat Ige Mercy,202550490399FF,,Edo,35.00,35
46,9,Usifo Sekinat,202551027027JF,,Edo,31.25,31
47,10,Ruth Braimoh Oneshiorona,202550048491IF,,Edo,23.75,24
48,1,Alao Oluwaseun Oluwatimileyin,202550042997AF,,Ekiti,38.75,39
49,1,Chukwuzoba Marvelous Ebube,202550621886CA,,Enugu,56.25,56
50,2,Onovo Favour Chisomaga,202551576477FF,,Enugu,50.00,50
51,3,Chinenye Elom Christabel,202550485442EF,,Enugu,47.50,48
52,4,Nmesooma Ezemma Joyce,202551196567IA,,Enugu,45.00,45
53,5,Omeke Vivian Soromutochukwu,202550117215IA,,Enugu,41.25,41
54,6,Ogwuche Mercy Oyabor,202550983918IF,,Enugu,40.00,40
55,7,Chineme Caris Chiamaka,202550996261CF,,Enugu,37.50,38
56,8,Christopher Mirabel Akuoma,202550171674FF,,Enugu,36.25,36
57,9,Onuigbo Eberechukwu Emmaculate,202550990793AF,,Enugu,36.25,36
58,10,Emmanuel Mary Nmesoma,202550576960HA,,Enugu,35.00,35
59,11,Amechi Praise Chioma,202551894684IA,,Enugu,32.50,32
60,12,Ameh Mercy Onyeoma,202550831138JA,,Enugu,30.00,30
61,13,Romanus Favour,202550112974AF,,Enugu,20.00,20
62,1,Shewomyi Midah Iliya,202550063786IF,,FCT-Abuja,56.25,56
63,2,Danlami Tabitha,202550585917DA,,FCT-Abuja,50.00,50
64,3,Peter Kenneth,202550021210HA,,FCT-Abuja,45.00,45
65,4,Abdulganiyyu Adamu Gani,202550065600EA,,FCT-Abuja,43.75,44
66,5,Joel Agbadalo Comfort,202550124981BA,,FCT-Abuja,41.25,41
67,6,Ibrahim Maimunat Suleiman,202551090790AF,,FCT-Abuja,37.50,38
68,7,Abdullahi Amira,202550069302FF,,FCT-Abuja,32.50,32
69,8,Magdalene Hassan Yesaba,202550594057IF,,FCT-Abuja,27.50,28
70,1,Shelkumbi Jericho Jochebed,202551679792JA,,Gombe,35.00,35
71,1,Odor Ihechukwu Deborah,202550413789GF,,Imo,67.50,68
72,2,Okoli Christabel Gift Chidubem,202550521901FF,,Imo,50.00,50
73,3,Sunday Favour Adanna,202551224255FF,,Imo,50.00,50
74,4,Chidiebere Stephnie Chgozirim,202550581148DA,,Imo,48.75,49
75,5,Enwerem Faith Chioma,202551125513FA,,Imo,45.00,45
76,6,Munachi Ifeanyi Emmanuela,202550812147EF,,Imo,43.75,44
77,7,Peter Maryann Chidera,202550029055IA,,Imo,40.00,40
78,8,Blessing Jonathan Chikamso,202550585956CF,,Imo,38.75,39
79,9,Favour Ezemoye Okechi,202550077173DA,,Imo,35.00,35
80,10,Miracle Uzodimma Ogechi,202551128140CF,,Imo,35.00,35
81,11,Onyemaechi Precious Amarachi,202550856552DF,,Imo,26.25,26
82,12,Adaeze Chukwu Maryann,202551854386HF,,Imo,23.75,24
83,1,Elkanah Jeremiah,202550282771DF,,Kaduna,57.50,57
84,2,Mukhtar Habiba Danjuma,202551345179BF,,Kaduna,37.50,38
85,3,Bulus Shekwotayazan Praise,202551401652IF,,Kaduna,37.50,38
86,4,Bello Keziah,202550067062EF,,Kaduna,36.25,36
87,5,Madaki Prosper Yahaya,202551103052GF,,Kaduna,35.00,35
88,6,Ezekiel Mary,202551942044CA,,Kaduna,33.75,34
89,7,Maiyaki Jovita Godwin,202550970961IA,,Kaduna,33.75,34
90,8,Kozah Naomi Nancy,202550288925EF,,Kaduna,28.75,29
91,1,Joshua Josiah,202551365332EF,,Kebbi,40.00,40
92,1,Musa Uminat Onozasi,202550580452JA,,Kogi,53.75,54
93,2,Muhammed Latifat Asipita,202551107388EF,,Kogi,53.75,54
94,3,Michael Innocent,202551430479GF,,Kogi,53.75,54
95,4,Joshua Favour Ojoma,202551171228EF,,Kogi,48.75,49
96,5,Ismaila Barakat Ugbede,202550386434EA,,Kogi,40.00,40
97,6,Musa Princess Rehina,202550065497IA,,Kogi,35.00,35
98,7,Musa Mariam Ufedo-Ojo,202550035088DA,,Kogi,33.75,34
99,8,Nafisat Yusuf,202550965603IA,,Kogi,31.25,31
100,9,Musa Sherifat,202550494554IF,,Kogi,30.00,30
101,10,Idoko Saviour Rebecca,202551635711JF,,Kogi,30.00,30
102,11,Shaibu Munirat,202551970395AF,,Kogi,28.75,29
103,12,Muhammed Nana Khadijat,202550972801JF,,Kogi,21.25,21
104,1,Abdulrasheed Lateefat Eniola,202550389920JA,,Kwara,38.75,39
105,2,Sanusi Faridat Omotola,202550214065EF,,Kwara,37.50,38
106,1,Abdullahi Salimat Husseina,202551508180BF,,Nassarawa,58.75,59
107,2,Taimako Grace Adamu,202551073881JF,,Nassarawa,51.25,51
108,3,Ridwan Hajara,202550686544BF,,Nassarawa,33.75,34
109,4,Musa Aisha,202550820165EF,,Nassarawa,21.25,21
110,1,Noah Patience,202551576458FF,,Niger,51.25,51
111,1,Damilola Adebowale Adesola,202551118178FF,,Ogun,52.50,52
112,2,Mateen Sodimu Oreoluwa,202551249040BA,,Ogun,51.25,51
113,3,Akinwande Temitayo Hannah,202551066894HA,,Ogun,42.50,42
114,4,Aromokun Racheal Teniola,202551025280JA,,Ogun,38.75,39
115,1,Elizabeth Omolanwo Olamide,202551072873AF,,Ondo,56.25,56
116,2,Obaremo Olawunmi Ruth,202550302730IF,,Ondo,43.75,44
117,3,Akinyemi Deborah Omotola,202550739045JA,,Ondo,36.25,36
118,4,Moore Victory Esther,202550013408DF,,Ondo,18.75,19
119,1,Tijani Mary Kehinde,202551018453CF,,Osun,31.25,31
120,2,Deborah Elujoba,202550602848CA,,Osun,28.75,29
121,3,Abdulakeem Yusrah Akinbode,202550175962IF,,Osun,27.50,28
122,1,Oladoke Elizabeth Omolara,202550273849JA,,Oyo,56.25,56
123,2,Lawuyi Racheal Oluwanefemi,202551325978HA,,Oyo,48.75,49
124,3,Zainab Mohammed Adeola,202551311621DF,,Oyo,45.00,45
125,4,Adisa Racheal Kehinde,202551991106JF,,Oyo,43.75,44
126,5,Ajani Sarah Oluwafunmilayo,202551046294JA,,Oyo,43.75,44
127,6,Halima Adeniyi Ajoke,202551104841FA,,Oyo,38.75,39
128,7,Raji Aishat Ayomide,202550769995JF,,Oyo,23.75,24
129,1,Dabau Muankyen Matthew,202550573885FF,,Plateau,21.25,21
130,1,Andrew Patience,202551149547FF,,Taraba,45.00,45
