[
  {
    "exam_number": "7439",
    "name": "ABDULSALAM  HAUWA UMMI",
    "failed_courses": [
      {
        "course_code": "GNS312",
        "original_score": 30.0,
        "semester": "N-THIRD-YEAR-FIRST-SEMESTER",
        "set": "SET47",
        "resit_attempts": 0,
        "best_score": 30.0,
        "status": "Failed"
      },
      {
        "course_code": "GNS315",
        "original_score": 36.0,
        "semester": "N-THIRD-YEAR-FIRST-SEMESTER",
        "set": "SET47",
        "resit_attempts": 0,
        "best_score": 36.0,
        "status": "Failed"
      },
      {
        "course_code": "GNS318",
        "original_score": 5.0,
        "semester": "N-THIRD-YEAR-FIRST-SEMESTER",
        "set": "SET47",
        "resit_attempts": 0,
        "best_score": 5.0,
        "status": "Failed"
      },
      {
        "course_code": "GNS317",
        "original_score": 38.0,
        "semester": "N-THIRD-YEAR-FIRST-SEMESTER",
        "set": "SET47",
        "resit_attempts": 0,
        "best_score": 38.0,
        "status": "Failed"
      }
    ],
    "semester": "N-THIRD-YEAR-FIRST-SEMESTER",
    "set": "SET47",
    "identified_date": "2025-11-20 17:33:58",
    "total_resit_attempts": 0,
    "status": "Active",
    "probation_status": false
  },
  {
    "exam_number": "7440",
    "name": "ABDULSALAM  ZULIEHAT",
    "failed_courses": [
      {
        "course_code": "GNS313",
        "original_score": 45.0,
        "semester": "N-THIRD-YEAR-FIRST-SEMESTER",
        "set": "SET47",
        "resit_attempts": 0,
        "best_score": 45.0,
        "status": "Failed"
      },
      {
        "course_code": "GNS318",
        "original_score": 3.0,
        "semester": "N-THIRD-YEAR-FIRST-SEMESTER",
        "set": "SET47",
        "resit_attempts": 0,
        "best_score": 3.0,
        "status": "Failed"
      }
    ],
    "semester": "N-THIRD-YEAR-FIRST-SEMESTER",
    "set": "SET47",
    "identified_date": "2025-11-20 17:33:58",
    "total_resit_attempts": 0,
    "status": "Active",
    "probation_status": false
  },
  {
    "exam_number": "7443",
    "name": "ABUBAKAR  NABILA",
    "failed_courses": [
      {
        "course_code": "GNS311",
        "original_score": 46.0,
        "semester": "N-THIRD-YEAR-FIRST-SEMESTER",
        "set": "SET47",
        "resit_attempts": 0,
        "best_score": 46.0,
        "status": "Failed"
      },
      {
        "course_code": "GNS316",
        "original_score": 48.0,
        "semester": "N-THIRD-YEAR-FIRST-SEMESTER",
        "set": "SET47",
        "resit_attempts": 0,
        "best_score": 48.0,
        "status": "Failed"
      },
      {
        "course_code": "GNS318",
        "original_score": 19.0,
        "semester": "N-THIRD-YEAR-FIRST-SEMESTER",
        "set": "SET47",
        "resit_attempts": 0,
        "best_score": 19.0,
        "status": "Failed"
      },
      {
        "course_code": "GNS317",
        "original_score": 44.0,
        "semester": "N-THIRD-YEAR-FIRST-SEMESTER",
        "set": "SET47",
        "resit_attempts": 0,
        "best_score": 44.0,
        "status": "Failed"
      }
    ],
    "semester": "N-THIRD-YEAR-FIRST-SEMESTER",
    "set": "SET47",
    "identified_date": "2025-11-20 17:33:58",
    "total_resit_attempts": 0,
    "status": "Active",
    "probation_status": false
  },
  {
    "exam_number": "7451",
    "name": "ADO AMATULLAH",
    "failed_courses": [
      {
        "course_code": "GNS314",
        "original_score": 28.0,
        "semester": "N-THIRD-YEAR-FIRST-SEMESTER",
        "set": "SET47",
        "resit_attempts": 0,
        "best_score": 28.0,
        "status": "Failed"
      },
      {
        "course_code": "GNS315",
        "original_score": 48.0,
        "semester": "N-THIRD-YEAR-FIRST-SEMESTER",
        "set": "SET47",
        "resit_attempts": 0,
        "best_score": 48.0,
        "status": "Failed"
      },
      {
        "course_code": "GNS318",
        "original_score": 20.0,
        "semester": "N-THIRD-YEAR-FIRST-SEMESTER",
        "set": "SET47",
        "resit_attempts": 0,
        "best_score": 20.0,
        "status": "Failed"
      }
    ],
    "semester": "N-THIRD-YEAR-FIRST-SEMESTER",
    "set": "SET47",
    "identified_date": "2025-11-20 17:33:58",
    "total_resit_attempts": 0,
    "status": "Active",
    "probation_status": false
  },
  {
    "exam_number": "7461",
    "name": "ALHASSAN  FATIMA",
    "failed_courses": [
      {
        "course_code": "GNS313",
        "original_score": 42.0,
        "semester": "N-THIRD-YEAR-FIRST-SEMESTER",
        "set": "SET47",
        "resit_attempts": 0,
        "best_score": 42.0,
        "status": "Failed"
      },
      {
        "course_code": "GNS318",
        "original_score": 9.0,
        "semester": "N-THIRD-YEAR-FIRST-SEMESTER",
        "set": "SET47",
        "resit_attempts": 0,
        "best_score": 9.0,
        "status": "Failed"
      }
    ],
    "semester": "N-THIRD-YEAR-FIRST-SEMESTER",
    "set": "SET47",
    "identified_date": "2025-11-20 17:33:58",
    "total_resit_attempts": 0,
    "status": "Active",
    "probation_status": false
  },
  {
    "exam_number": "7462",
    "name": "ALIU MARTHA ODUFA",
    "failed_courses": [
      {
        "course_code": "GNS311",
        "original_score": 47.0,
        "semester": "N-THIRD-YEAR-FIRST-SEMESTER",
        "set": "SET47",
        "resit_attempts": 0,
        "best_score": 47.0,
        "status": "Failed"
      },
      {
        "course_code": "GNS315",
        "original_score": 44.0,
        "semester": "N-THIRD-YEAR-FIRST-SEMESTER",
        "set": "SET47",
        "resit_attempts": 0,
        "best_score": 44.0,
        "status": "Failed"
      },
      {
        "course_code": "GNS316",
        "original_score": 23.0,
        "semester": "N-THIRD-YEAR-FIRST-SEMESTER",
        "set": "SET47",
        "resit_attempts": 0,
        "best_score": 23.0,
        "status": "Failed"
      },
      {
        "course_code": "GNS318",
        "original_score": 18.0,
        "semester": "N-THIRD-YEAR-FIRST-SEMESTER",
        "set": "SET47",
        "resit_attempts": 0,
        "best_score": 18.0,
        "status": "Failed"
      }
    ],
    "semester": "N-THIRD-YEAR-FIRST-SEMESTER",
    "set": "SET47",
    "identified_date": "2025-11-20 17:33:58",
    "total_resit_attempts": 0,
    "status": "Active",
    "probation_status": false
  },
  {
    "exam_number": "7463",
    "name": "ALIU MARIA OCHUWA",
    "failed_courses": [
      {
        "course_code": "GNS311",
        "original_score": 47.0,
        "semester": "N-THIRD-YEAR-FIRST-SEMESTER",
        "set": "SET47",
        "resit_attempts": 0,
        "best_score": 47.0,
        "status": "Failed"
      },
      {
        "course_code": "GNS314",
        "original_score": 36.0,
        "semester": "N-THIRD-YEAR-FIRST-SEMESTER",
        "set": "SET47",
        "resit_attempts": 0,
        "best_score": 36.0,
        "status": "Failed"
      },
      {
        "course_code": "GNS316",
        "original_score": 47.0,
        "semester": "N-THIRD-YEAR-FIRST-SEMESTER",
        "set": "SET47",
        "resit_attempts": 0,
        "best_score": 47.0,
        "status": "Failed"
      },
      {
        "course_code": "GNS318",
        "original_score": 11.0,
        "semester": "N-THIRD-YEAR-FIRST-SEMESTER",
        "set": "SET47",
        "resit_attempts": 0,
        "best_score": 11.0,
        "status": "Failed"
      }
    ],
    "semester": "N-THIRD-YEAR-FIRST-SEMESTER",
    "set": "SET47",
    "identified_date": "2025-11-20 17:33:58",
    "total_resit_attempts": 0,
    "status": "Active",
    "probation_status": false
  },
  {
    "exam_number": "7472",
    "name": "ANTHONY OBADIAH",
    "failed_courses": [
      {
        "course_code": "GNS312",
        "original_score": 45.0,
        "semester": "N-THIRD-YEAR-FIRST-SEMESTER",
        "set": "SET47",
        "resit_attempts": 0,
        "best_score": 45.0,
        "status": "Failed"
      },
      {
        "course_code": "GNS313",
        "original_score": 47.0,
        "semester": "N-THIRD-YEAR-FIRST-SEMESTER",
        "set": "SET47",
        "resit_attempts": 0,
        "best_score": 47.0,
        "status": "Failed"
      },
      {
        "course_code": "GNS316",
        "original_score": 19.0,
        "semester": "N-THIRD-YEAR-FIRST-SEMESTER",
        "set": "SET47",
        "resit_attempts": 0,
        "best_score": 19.0,
        "status": "Failed"
      },
      {
        "course_code": "GNS318",
        "original_score": 6.0,
        "semester": "N-THIRD-YEAR-FIRST-SEMESTER",
        "set": "SET47",
        "resit_attempts": 0,
        "best_score": 6.0,
        "status": "Failed"
      }
    ],
    "semester": "N-THIRD-YEAR-FIRST-SEMESTER",
    "set": "SET47",
    "identified_date": "2025-11-20 17:33:58",
    "total_resit_attempts": 0,
    "status": "Active",
    "probation_status": false
  },
  {
    "exam_number": "7474",
    "name": "ATUMAH NAYSA CHIOMA",
    "failed_courses": [
      {
        "course_code": "GNS312",
        "original_score": 48.0,
        "semester": "N-THIRD-YEAR-FIRST-SEMESTER",
        "set": "SET47",
        "resit_attempts": 0,
        "best_score": 48.0,
        "status": "Failed"
      },
      {
        "course_code": "GNS313",
        "original_score": 33.0,
        "semester": "N-THIRD-YEAR-FIRST-SEMESTER",
        "set": "SET47",
        "resit_attempts": 0,
        "best_score": 33.0,
        "status": "Failed"
      },
      {
        "course_code": "GNS314",
        "original_score": 46.0,
        "semester": "N-THIRD-YEAR-FIRST-SEMESTER",
        "set": "SET47",
        "resit_attempts": 0,
        "best_score": 46.0,
        "status": "Failed"
      },
      {
        "course_code": "GNS315",
        "original_score": 16.0,
        "semester": "N-THIRD-YEAR-FIRST-SEMESTER",
        "set": "SET47",
        "resit_attempts": 0,
        "best_score": 16.0,
        "status": "Failed"
      },
      {
        "course_code": "GNS318",
        "original_score": 3.0,
        "semester": "N-THIRD-YEAR-FIRST-SEMESTER",
        "set": "SET47",
        "resit_attempts": 0,
        "best_score": 3.0,
        "status": "Failed"
      }
    ],
    "semester": "N-THIRD-YEAR-FIRST-SEMESTER",
    "set": "SET47",
    "identified_date": "2025-11-20 17:33:58",
    "total_resit_attempts": 0,
    "status": "Active",
    "probation_status": false
  },
  {
    "exam_number": "7478",
    "name": "AUGUSTINE  MONICA ENOSI",
    "failed_courses": [
      {
        "course_code": "GNS311",
        "original_score": 48.0,
        "semester": "N-THIRD-YEAR-FIRST-SEMESTER",
        "set": "SET47",
        "resit_attempts": 0,
        "best_score": 48.0,
        "status": "Failed"
      },
      {
        "course_code": "GNS314",
        "original_score": 31.0,
        "semester": "N-THIRD-YEAR-FIRST-SEMESTER",
        "set": "SET47",
        "resit_attempts": 0,
        "best_score": 31.0,
        "status": "Failed"
      },
      {
        "course_code": "GNS318",
        "original_score": 7.0,
        "semester": "N-THIRD-YEAR-FIRST-SEMESTER",
        "set": "SET47",
        "resit_attempts": 0,
        "best_score": 7.0,
        "status": "Failed"
      },
      {
        "course_code": "GNS317",
        "original_score": 40.0,
        "semester": "N-THIRD-YEAR-FIRST-SEMESTER",
        "set": "SET47",
        "resit_attempts": 0,
        "best_score": 40.0,
        "status": "Failed"
      }
    ],
    "semester": "N-THIRD-YEAR-FIRST-SEMESTER",
    "set": "SET47",
    "identified_date": "2025-11-20 17:33:58",
    "total_resit_attempts": 0,
    "status": "Active",
    "probation_status": false
  },
  {
    "exam_number": "7479",
    "name": "AWENEBI AYOMIKUN ESTHER",
    "failed_courses": [
      {
        "course_code": "GNS313",
        "original_score": 47.0,
        "semester": "N-THIRD-YEAR-FIRST-SEMESTER",
        "set": "SET47",
        "resit_attempts": 0,
        "best_score": 47.0,
        "status": "Failed"
      },
      {
        "course_code": "GNS318",
        "original_score": 6.0,
        "semester": "N-THIRD-YEAR-FIRST-SEMESTER",
        "set": "SET47",
        "resit_attempts": 0,
        "best_score": 6.0,
        "status": "Failed"
      },
      {
        "course_code": "GNS317",
        "original_score": 37.0,
        "semester": "N-THIRD-YEAR-FIRST-SEMESTER",
        "set": "SET47",
        "resit_attempts": 0,
        "best_score": 37.0,
        "status": "Failed"
      }
    ],
    "semester": "N-THIRD-YEAR-FIRST-SEMESTER",
    "set": "SET47",
    "identified_date": "2025-11-20 17:33:58",
    "total_resit_attempts": 0,
    "status": "Active",
    "probation_status": false
  },
  {
    "exam_number": "7491",
    "name": "DAUDA  CYNTIKI KUYET",
    "failed_courses": [
      {
        "course_code": "GNS311",
        "original_score": 34.0,
        "semester": "N-THIRD-YEAR-FIRST-SEMESTER",
        "set": "SET47",
        "resit_attempts": 0,
        "best_score": 34.0,
        "status": "Failed"
      },
      {
        "course_code": "GNS315",
        "original_score": 12.0,
        "semester": "N-THIRD-YEAR-FIRST-SEMESTER",
        "set": "SET47",
        "resit_attempts": 0,
        "best_score": 12.0,
        "status": "Failed"
      },
      {
        "course_code": "GNS316",
        "original_score": 49.0,
        "semester": "N-THIRD-YEAR-FIRST-SEMESTER",
        "set": "SET47",
        "resit_attempts": 0,
        "best_score": 49.0,
        "status": "Failed"
      },
      {
        "course_code": "GNS318",
        "original_score": 3.0,
        "semester": "N-THIRD-YEAR-FIRST-SEMESTER",
        "set": "SET47",
        "resit_attempts": 0,
        "best_score": 3.0,
        "status": "Failed"
      }
    ],
    "semester": "N-THIRD-YEAR-FIRST-SEMESTER",
    "set": "SET47",
    "identified_date": "2025-11-20 17:33:58",
    "total_resit_attempts": 0,
    "status": "Active",
    "probation_status": false
  },
  {
    "exam_number": "7492",
    "name": "DAVID JIKHIRIT FAITH",
    "failed_courses": [
      {
        "course_code": "GNS312",
        "original_score": 34.0,
        "semester": "N-THIRD-YEAR-FIRST-SEMESTER",
        "set": "SET47",
        "resit_attempts": 0,
        "best_score": 34.0,
        "status": "Failed"
      },
      {
        "course_code": "GNS314",
        "original_score": 25.0,
        "semester": "N-THIRD-YEAR-FIRST-SEMESTER",
        "set": "SET47",
        "resit_attempts": 0,
        "best_score": 25.0,
        "status": "Failed"
      },
      {
        "course_code": "GNS315",
        "original_score": 38.0,
        "semester": "N-THIRD-YEAR-FIRST-SEMESTER",
        "set": "SET47",
        "resit_attempts": 0,
        "best_score": 38.0,
        "status": "Failed"
      },
      {
        "course_code": "GNS318",
        "original_score": 4.0,
        "semester": "N-THIRD-YEAR-FIRST-SEMESTER",
        "set": "SET47",
        "resit_attempts": 0,
        "best_score": 4.0,
        "status": "Failed"
      }
    ],
    "semester": "N-THIRD-YEAR-FIRST-SEMESTER",
    "set": "SET47",
    "identified_date": "2025-11-20 17:33:58",
    "total_resit_attempts": 0,
    "status": "Active",
    "probation_status": true
  },
  {
    "exam_number": "7493",
    "name": "DAVID JAMES",
    "failed_courses": [
      {
        "course_code": "GNS311",
        "original_score": 47.0,
        "semester": "N-THIRD-YEAR-FIRST-SEMESTER",
        "set": "SET47",
        "resit_attempts": 0,
        "best_score": 47.0,
        "status": "Failed"
      },
      {
        "course_code": "GNS316",
        "original_score": 18.0,
        "semester": "N-THIRD-YEAR-FIRST-SEMESTER",
        "set": "SET47",
        "resit_attempts": 0,
        "best_score": 18.0,
        "status": "Failed"
      },
      {
        "course_code": "GNS318",
        "original_score": 6.0,
        "semester": "N-THIRD-YEAR-FIRST-SEMESTER",
        "set": "SET47",
        "resit_attempts": 0,
        "best_score": 6.0,
        "status": "Failed"
      },
      {
        "course_code": "GNS317",
        "original_score": 36.0,
        "semester": "N-THIRD-YEAR-FIRST-SEMESTER",
        "set": "SET47",
        "resit_attempts": 0,
        "best_score": 36.0,
        "status": "Failed"
      }
    ],
    "semester": "N-THIRD-YEAR-FIRST-SEMESTER",
    "set": "SET47",
    "identified_date": "2025-11-20 17:33:58",
    "total_resit_attempts": 0,
    "status": "Active",
    "probation_status": true
  },
  {
    "exam_number": "7500",
    "name": "ELOCHUKWU PROMISE ONYINYECHI",
    "failed_courses": [
      {
        "course_code": "GNS311",
        "original_score": 35.0,
        "semester": "N-THIRD-YEAR-FIRST-SEMESTER",
        "set": "SET47",
        "resit_attempts": 0,
        "best_score": 35.0,
        "status": "Failed"
      },
      {
        "course_code": "GNS314",
        "original_score": 44.0,
        "semester": "N-THIRD-YEAR-FIRST-SEMESTER",
        "set": "SET47",
        "resit_attempts": 0,
        "best_score": 44.0,
        "status": "Failed"
      },
      {
        "course_code": "GNS318",
        "original_score": 15.0,
        "semester": "N-THIRD-YEAR-FIRST-SEMESTER",
        "set": "SET47",
        "resit_attempts": 0,
        "best_score": 15.0,
        "status": "Failed"
      },
      {
        "course_code": "GNS317",
        "original_score": 48.0,
        "semester": "N-THIRD-YEAR-FIRST-SEMESTER",
        "set": "SET47",
        "resit_attempts": 0,
        "best_score": 48.0,
        "status": "Failed"
      }
    ],
    "semester": "N-THIRD-YEAR-FIRST-SEMESTER",
    "set": "SET47",
    "identified_date": "2025-11-20 17:33:58",
    "total_resit_attempts": 0,
    "status": "Active",
    "probation_status": false
  },
  {
    "exam_number": "7502",
    "name": "EMMANUEL MARY CORNELIUS",
    "failed_courses": [
      {
        "course_code": "GNS311",
        "original_score": 36.0,
        "semester": "N-THIRD-YEAR-FIRST-SEMESTER",
        "set": "SET47",
        "resit_attempts": 0,
        "best_score": 36.0,
        "status": "Failed"
      },
      {
        "course_code": "GNS313",
        "original_score": 25.0,
        "semester": "N-THIRD-YEAR-FIRST-SEMESTER",
        "set": "SET47",
        "resit_attempts": 0,
        "best_score": 25.0,
        "status": "Failed"
      },
      {
        "course_code": "GNS314",
        "original_score": 30.0,
        "semester": "N-THIRD-YEAR-FIRST-SEMESTER",
        "set": "SET47",
        "resit_attempts": 0,
        "best_score": 30.0,
        "status": "Failed"
      },
      {
        "course_code": "GNS318",
        "original_score": 17.0,
        "semester": "N-THIRD-YEAR-FIRST-SEMESTER",
        "set": "SET47",
        "resit_attempts": 0,
        "best_score": 17.0,
        "status": "Failed"
      }
    ],
    "semester": "N-THIRD-YEAR-FIRST-SEMESTER",
    "set": "SET47",
    "identified_date": "2025-11-20 17:33:58",
    "total_resit_attempts": 0,
    "status": "Active",
    "probation_status": false
  },
  {
    "exam_number": "7504",
    "name": "EMEKA  FAVOUR CHISOM",
    "failed_courses": [
      {
        "course_code": "GNS316",
        "original_score": 34.0,
        "semester": "N-THIRD-YEAR-FIRST-SEMESTER",
        "set": "SET47",
        "resit_attempts": 0,
        "best_score": 34.0,
        "status": "Failed"
      },
      {
        "course_code": "GNS318",
        "original_score": 20.0,
        "semester": "N-THIRD-YEAR-FIRST-SEMESTER",
        "set": "SET47",
        "resit_attempts": 0,
        "best_score": 20.0,
        "status": "Failed"
      },
      {
        "course_code": "GNS317",
        "original_score": 22.0,
        "semester": "N-THIRD-YEAR-FIRST-SEMESTER",
        "set": "SET47",
        "resit_attempts": 0,
        "best_score": 22.0,
        "status": "Failed"
      }
    ],
    "semester": "N-THIRD-YEAR-FIRST-SEMESTER",
    "set": "SET47",
    "identified_date": "2025-11-20 17:33:58",
    "total_resit_attempts": 0,
    "status": "Active",
    "probation_status": false
  },
  {
    "exam_number": "7507",
    "name": "ESIKE  CHINENYE STEPHANIE",
    "failed_courses": [
      {
        "course_code": "GNS311",
        "original_score": 45.0,
        "semester": "N-THIRD-YEAR-FIRST-SEMESTER",
        "set": "SET47",
        "resit_attempts": 0,
        "best_score": 45.0,
        "status": "Failed"
      },
      {
        "course_code": "GNS312",
        "original_score": 32.0,
        "semester": "N-THIRD-YEAR-FIRST-SEMESTER",
        "set": "SET47",
        "resit_attempts": 0,
        "best_score": 32.0,
        "status": "Failed"
      },
      {
        "course_code": "GNS316",
        "original_score": 17.0,
        "semester": "N-THIRD-YEAR-FIRST-SEMESTER",
        "set": "SET47",
        "resit_attempts": 0,
        "best_score": 17.0,
        "status": "Failed"
      },
      {
        "course_code": "GNS318",
        "original_score": 0.0,
        "semester": "N-THIRD-YEAR-FIRST-SEMESTER",
        "set": "SET47",
        "resit_attempts": 0,
        "best_score": 0.0,
        "status": "Failed"
      }
    ],
    "semester": "N-THIRD-YEAR-FIRST-SEMESTER",
    "set": "SET47",
    "identified_date": "2025-11-20 17:33:58",
    "total_resit_attempts": 0,
    "status": "Active",
    "probation_status": false
  },
  {
    "exam_number": "7508",
    "name": "EZE CHUKWUEMEKA EMMANUEL",
    "failed_courses": [
      {
        "course_code": "GNS313",
        "original_score": 48.0,
        "semester": "N-THIRD-YEAR-FIRST-SEMESTER",
        "set": "SET47",
        "resit_attempts": 0,
        "best_score": 48.0,
        "status": "Failed"
      },
      {
        "course_code": "GNS318",
        "original_score": 3.0,
        "semester": "N-THIRD-YEAR-FIRST-SEMESTER",
        "set": "SET47",
        "resit_attempts": 0,
        "best_score": 3.0,
        "status": "Failed"
      },
      {
        "course_code": "GNS317",
        "original_score": 42.0,
        "semester": "N-THIRD-YEAR-FIRST-SEMESTER",
        "set": "SET47",
        "resit_attempts": 0,
        "best_score": 42.0,
        "status": "Failed"
      }
    ],
    "semester": "N-THIRD-YEAR-FIRST-SEMESTER",
    "set": "SET47",
    "identified_date": "2025-11-20 17:33:58",
    "total_resit_attempts": 0,
    "status": "Active",
    "probation_status": false
  },
  {
    "exam_number": "7512",
    "name": "GEORGE  JOSEPH GEORGE",
    "failed_courses": [
      {
        "course_code": "GNS311",
        "original_score": 27.0,
        "semester": "N-THIRD-YEAR-FIRST-SEMESTER",
        "set": "SET47",
        "resit_attempts": 0,
        "best_score": 27.0,
        "status": "Failed"
      },
      {
        "course_code": "GNS312",
        "original_score": 24.0,
        "semester": "N-THIRD-YEAR-FIRST-SEMESTER",
        "set": "SET47",
        "resit_attempts": 0,
        "best_score": 24.0,
        "status": "Failed"
      },
      {
        "course_code": "GNS315",
        "original_score": 36.0,
        "semester": "N-THIRD-YEAR-FIRST-SEMESTER",
        "set": "SET47",
        "resit_attempts": 0,
        "best_score": 36.0,
        "status": "Failed"
      },
      {
        "course_code": "GNS318",
        "original_score": 11.0,
        "semester": "N-THIRD-YEAR-FIRST-SEMESTER",
        "set": "SET47",
        "resit_attempts": 0,
        "best_score": 11.0,
        "status": "Failed"
      }
    ],
    "semester": "N-THIRD-YEAR-FIRST-SEMESTER",
    "set": "SET47",
    "identified_date": "2025-11-20 17:33:58",
    "total_resit_attempts": 0,
    "status": "Active",
    "probation_status": false
  },
  {
    "exam_number": "7514",
    "name": "HARUNA  PRINCESS ALHERI",
    "failed_courses": [
      {
        "course_code": "GNS314",
        "original_score": 22.0,
        "semester": "N-THIRD-YEAR-FIRST-SEMESTER",
        "set": "SET47",
        "resit_attempts": 0,
        "best_score": 22.0,
        "status": "Failed"
      },
      {
        "course_code": "GNS318",
        "original_score": 12.0,
        "semester": "N-THIRD-YEAR-FIRST-SEMESTER",
        "set": "SET47",
        "resit_attempts": 0,
        "best_score": 12.0,
        "status": "Failed"
      },
      {
        "course_code": "GNS317",
        "original_score": 28.0,
        "semester": "N-THIRD-YEAR-FIRST-SEMESTER",
        "set": "SET47",
        "resit_attempts": 0,
        "best_score": 28.0,
        "status": "Failed"
      }
    ],
    "semester": "N-THIRD-YEAR-FIRST-SEMESTER",
    "set": "SET47",
    "identified_date": "2025-11-20 17:33:58",
    "total_resit_attempts": 0,
    "status": "Active",
    "probation_status": false
  },
  {
    "exam_number": "7523",
    "name": "IKWUEZE SANDRA CHINAZA",
    "failed_courses": [
      {
        "course_code": "GNS311",
        "original_score": 36.0,
        "semester": "N-THIRD-YEAR-FIRST-SEMESTER",
        "set": "SET47",
        "resit_attempts": 0,
        "best_score": 36.0,
        "status": "Failed"
      },
      {
        "course_code": "GNS314",
        "original_score": 26.0,
        "semester": "N-THIRD-YEAR-FIRST-SEMESTER",
        "set": "SET47",
        "resit_attempts": 0,
        "best_score": 26.0,
        "status": "Failed"
      },
      {
        "course_code": "GNS318",
        "original_score": 13.0,
        "semester": "N-THIRD-YEAR-FIRST-SEMESTER",
        "set": "SET47",
        "resit_attempts": 0,
        "best_score": 13.0,
        "status": "Failed"
      }
    ],
    "semester": "N-THIRD-YEAR-FIRST-SEMESTER",
    "set": "SET47",
    "identified_date": "2025-11-20 17:33:58",
    "total_resit_attempts": 0,
    "status": "Active",
    "probation_status": false
  },
  {
    "exam_number": "7533",
    "name": "JAMES  ELIJAH",
    "failed_courses": [
      {
        "course_code": "GNS311",
        "original_score": 47.0,
        "semester": "N-THIRD-YEAR-FIRST-SEMESTER",
        "set": "SET47",
        "resit_attempts": 0,
        "best_score": 47.0,
        "status": "Failed"
      },
      {
        "course_code": "GNS312",
        "original_score": 27.0,
        "semester": "N-THIRD-YEAR-FIRST-SEMESTER",
        "set": "SET47",
        "resit_attempts": 0,
        "best_score": 27.0,
        "status": "Failed"
      },
      {
        "course_code": "GNS318",
        "original_score": 3.0,
        "semester": "N-THIRD-YEAR-FIRST-SEMESTER",
        "set": "SET47",
        "resit_attempts": 0,
        "best_score": 3.0,
        "status": "Failed"
      },
      {
        "course_code": "GNS317",
        "original_score": 38.0,
        "semester": "N-THIRD-YEAR-FIRST-SEMESTER",
        "set": "SET47",
        "resit_attempts": 0,
        "best_score": 38.0,
        "status": "Failed"
      }
    ],
    "semester": "N-THIRD-YEAR-FIRST-SEMESTER",
    "set": "SET47",
    "identified_date": "2025-11-20 17:33:58",
    "total_resit_attempts": 0,
    "status": "Active",
    "probation_status": false
  },
  {
    "exam_number": "7535",
    "name": "JAMES  MERCY NDOUK",
    "failed_courses": [
      {
        "course_code": "GNS318",
        "original_score": 1.0,
        "semester": "N-THIRD-YEAR-FIRST-SEMESTER",
        "set": "SET47",
        "resit_attempts": 0,
        "best_score": 1.0,
        "status": "Failed"
      },
      {
        "course_code": "GNS317",
        "original_score": 39.0,
        "semester": "N-THIRD-YEAR-FIRST-SEMESTER",
        "set": "SET47",
        "resit_attempts": 0,
        "best_score": 39.0,
        "status": "Failed"
      }
    ],
    "semester": "N-THIRD-YEAR-FIRST-SEMESTER",
    "set": "SET47",
    "identified_date": "2025-11-20 17:33:58",
    "total_resit_attempts": 0,
    "status": "Active",
    "probation_status": false
  },
  {
    "exam_number": "7538",
    "name": "JOSEPHAT RUTH CHIDERA",
    "failed_courses": [
      {
        "course_code": "GNS311",
        "original_score": 27.0,
        "semester": "N-THIRD-YEAR-FIRST-SEMESTER",
        "set": "SET47",
        "resit_attempts": 0,
        "best_score": 27.0,
        "status": "Failed"
      },
      {
        "course_code": "GNS312",
        "original_score": 24.0,
        "semester": "N-THIRD-YEAR-FIRST-SEMESTER",
        "set": "SET47",
        "resit_attempts": 0,
        "best_score": 24.0,
        "status": "Failed"
      },
      {
        "course_code": "GNS315",
        "original_score": 37.0,
        "semester": "N-THIRD-YEAR-FIRST-SEMESTER",
        "set": "SET47",
        "resit_attempts": 0,
        "best_score": 37.0,
        "status": "Failed"
      },
      {
        "course_code": "GNS318",
        "original_score": 8.0,
        "semester": "N-THIRD-YEAR-FIRST-SEMESTER",
        "set": "SET47",
        "resit_attempts": 0,
        "best_score": 8.0,
        "status": "Failed"
      }
    ],
    "semester": "N-THIRD-YEAR-FIRST-SEMESTER",
    "set": "SET47",
    "identified_date": "2025-11-20 17:33:58",
    "total_resit_attempts": 0,
    "status": "Active",
    "probation_status": false
  },
  {
    "exam_number": "7540",
    "name": "KALU IKECHUKWU IDIKA",
    "failed_courses": [
      {
        "course_code": "GNS311",
        "original_score": 24.0,
        "semester": "N-THIRD-YEAR-FIRST-SEMESTER",
        "set": "SET47",
        "resit_attempts": 0,
        "best_score": 24.0,
        "status": "Failed"
      },
      {
        "course_code": "GNS315",
        "original_score": 47.0,
        "semester": "N-THIRD-YEAR-FIRST-SEMESTER",
        "set": "SET47",
        "resit_attempts": 0,
        "best_score": 47.0,
        "status": "Failed"
      },
      {
        "course_code": "GNS318",
        "original_score": 4.0,
        "semester": "N-THIRD-YEAR-FIRST-SEMESTER",
        "set": "SET47",
        "resit_attempts": 0,
        "best_score": 4.0,
        "status": "Failed"
      }
    ],
    "semester": "N-THIRD-YEAR-FIRST-SEMESTER",
    "set": "SET47",
    "identified_date": "2025-11-20 17:33:58",
    "total_resit_attempts": 0,
    "status": "Active",
    "probation_status": false
  },
  {
    "exam_number": "7543",
    "name": "LAWAL GLORY IFEOLUWA",
    "failed_courses": [
      {
        "course_code": "GNS312",
        "original_score": 34.0,
        "semester": "N-THIRD-YEAR-FIRST-SEMESTER",
        "set": "SET47",
        "resit_attempts": 0,
        "best_score": 34.0,
        "status": "Failed"
      },
      {
        "course_code": "GNS314",
        "original_score": 40.0,
        "semester": "N-THIRD-YEAR-FIRST-SEMESTER",
        "set": "SET47",
        "resit_attempts": 0,
        "best_score": 40.0,
        "status": "Failed"
      },
      {
        "course_code": "GNS316",
        "original_score": 28.0,
        "semester": "N-THIRD-YEAR-FIRST-SEMESTER",
        "set": "SET47",
        "resit_attempts": 0,
        "best_score": 28.0,
        "status": "Failed"
      },
      {
        "course_code": "GNS318",
        "original_score": 14.0,
        "semester": "N-THIRD-YEAR-FIRST-SEMESTER",
        "set": "SET47",
        "resit_attempts": 0,
        "best_score": 14.0,
        "status": "Failed"
      }
    ],
    "semester": "N-THIRD-YEAR-FIRST-SEMESTER",
    "set": "SET47",
    "identified_date": "2025-11-20 17:33:58",
    "total_resit_attempts": 0,
    "status": "Active",
    "probation_status": false
  },
  {
    "exam_number": "7544",
    "name": "LAWRENCE  ESTHER AMARACHI",
    "failed_courses": [
      {
        "course_code": "GNS312",
        "original_score": 42.0,
        "semester": "N-THIRD-YEAR-FIRST-SEMESTER",
        "set": "SET47",
        "resit_attempts": 0,
        "best_score": 42.0,
        "status": "Failed"
      },
      {
        "course_code": "GNS318",
        "original_score": 11.0,
        "semester": "N-THIRD-YEAR-FIRST-SEMESTER",
        "set": "SET47",
        "resit_attempts": 0,
        "best_score": 11.0,
        "status": "Failed"
      },
      {
        "course_code": "GNS317",
        "original_score": 22.0,
        "semester": "N-THIRD-YEAR-FIRST-SEMESTER",
        "set": "SET47",
        "resit_attempts": 0,
        "best_score": 22.0,
        "status": "Failed"
      }
    ],
    "semester": "N-THIRD-YEAR-FIRST-SEMESTER",
    "set": "SET47",
    "identified_date": "2025-11-20 17:33:58",
    "total_resit_attempts": 0,
    "status": "Active",
    "probation_status": false
  },
  {
    "exam_number": "7546",
    "name": "MAHMOOD HAJARA ABDULLAHI",
    "failed_courses": [
      {
        "course_code": "GNS311",
        "original_score": 44.0,
        "semester": "N-THIRD-YEAR-FIRST-SEMESTER",
        "set": "SET47",
        "resit_attempts": 0,
        "best_score": 44.0,
        "status": "Failed"
      },
      {
        "course_code": "GNS313",
        "original_score": 48.0,
        "semester": "N-THIRD-YEAR-FIRST-SEMESTER",
        "set": "SET47",
        "resit_attempts": 0,
        "best_score": 48.0,
        "status": "Failed"
      },
      {
        "course_code": "GNS318",
        "original_score": 20.0,
        "semester": "N-THIRD-YEAR-FIRST-SEMESTER",
        "set": "SET47",
        "resit_attempts": 0,
        "best_score": 20.0,
        "status": "Failed"
      },
      {
        "course_code": "GNS317",
        "original_score": 36.0,
        "semester": "N-THIRD-YEAR-FIRST-SEMESTER",
        "set": "SET47",
        "resit_attempts": 0,
        "best_score": 36.0,
        "status": "Failed"
      }
    ],
    "semester": "N-THIRD-YEAR-FIRST-SEMESTER",
    "set": "SET47",
    "identified_date": "2025-11-20 17:33:58",
    "total_resit_attempts": 0,
    "status": "Active",
    "probation_status": false
  },
  {
    "exam_number": "7549",
    "name": "MAXWELL SHEKWOYA HANNAH",
    "failed_courses": [
      {
        "course_code": "GNS312",
        "original_score": 34.0,
        "semester": "N-THIRD-YEAR-FIRST-SEMESTER",
        "set": "SET47",
        "resit_attempts": 0,
        "best_score": 34.0,
        "status": "Failed"
      },
      {
        "course_code": "GNS314",
        "original_score": 39.0,
        "semester": "N-THIRD-YEAR-FIRST-SEMESTER",
        "set": "SET47",
        "resit_attempts": 0,
        "best_score": 39.0,
        "status": "Failed"
      },
      {
        "course_code": "GNS315",
        "original_score": 43.0,
        "semester": "N-THIRD-YEAR-FIRST-SEMESTER",
        "set": "SET47",
        "resit_attempts": 0,
        "best_score": 43.0,
        "status": "Failed"
      },
      {
        "course_code": "GNS318",
        "original_score": 8.0,
        "semester": "N-THIRD-YEAR-FIRST-SEMESTER",
        "set": "SET47",
        "resit_attempts": 0,
        "best_score": 8.0,
        "status": "Failed"
      }
    ],
    "semester": "N-THIRD-YEAR-FIRST-SEMESTER",
    "set": "SET47",
    "identified_date": "2025-11-20 17:33:58",
    "total_resit_attempts": 0,
    "status": "Active",
    "probation_status": false
  },
  {
    "exam_number": "7553",
    "name": "MICHAEL  OGHENEKOME FAVOUR",
    "failed_courses": [
      {
        "course_code": "GNS311",
        "original_score": 14.0,
        "semester": "N-THIRD-YEAR-FIRST-SEMESTER",
        "set": "SET47",
        "resit_attempts": 0,
        "best_score": 14.0,
        "status": "Failed"
      },
      {
        "course_code": "GNS313",
        "original_score": 36.0,
        "semester": "N-THIRD-YEAR-FIRST-SEMESTER",
        "set": "SET47",
        "resit_attempts": 0,
        "best_score": 36.0,
        "status": "Failed"
      },
      {
        "course_code": "GNS318",
        "original_score": 10.0,
        "semester": "N-THIRD-YEAR-FIRST-SEMESTER",
        "set": "SET47",
        "resit_attempts": 0,
        "best_score": 10.0,
        "status": "Failed"
      }
    ],
    "semester": "N-THIRD-YEAR-FIRST-SEMESTER",
    "set": "SET47",
    "identified_date": "2025-11-20 17:33:58",
    "total_resit_attempts": 0,
    "status": "Active",
    "probation_status": false
  },
  {
    "exam_number": "7558",
    "name": "MORGAN MARY SOKOGA",
    "failed_courses": [
      {
        "course_code": "GNS314",
        "original_score": 34.0,
        "semester": "N-THIRD-YEAR-FIRST-SEMESTER",
        "set": "SET47",
        "resit_attempts": 0,
        "best_score": 34.0,
        "status": "Failed"
      },
      {
        "course_code": "GNS315",
        "original_score": 42.0,
        "semester": "N-THIRD-YEAR-FIRST-SEMESTER",
        "set": "SET47",
        "resit_attempts": 0,
        "best_score": 42.0,
        "status": "Failed"
      },
      {
        "course_code": "GNS316",
        "original_score": 37.0,
        "semester": "N-THIRD-YEAR-FIRST-SEMESTER",
        "set": "SET47",
        "resit_attempts": 0,
        "best_score": 37.0,
        "status": "Failed"
      },
      {
        "course_code": "GNS318",
        "original_score": 1.0,
        "semester": "N-THIRD-YEAR-FIRST-SEMESTER",
        "set": "SET47",
        "resit_attempts": 0,
        "best_score": 1.0,
        "status": "Failed"
      }
    ],
    "semester": "N-THIRD-YEAR-FIRST-SEMESTER",
    "set": "SET47",
    "identified_date": "2025-11-20 17:33:58",
    "total_resit_attempts": 0,
    "status": "Active",
    "probation_status": true
  },
  {
    "exam_number": "7559",
    "name": "MOSES VICTORY ESHIOFUNE",
    "failed_courses": [
      {
        "course_code": "GNS316",
        "original_score": 25.0,
        "semester": "N-THIRD-YEAR-FIRST-SEMESTER",
        "set": "SET47",
        "resit_attempts": 0,
        "best_score": 25.0,
        "status": "Failed"
      },
      {
        "course_code": "GNS318",
        "original_score": 15.0,
        "semester": "N-THIRD-YEAR-FIRST-SEMESTER",
        "set": "SET47",
        "resit_attempts": 0,
        "best_score": 15.0,
        "status": "Failed"
      }
    ],
    "semester": "N-THIRD-YEAR-FIRST-SEMESTER",
    "set": "SET47",
    "identified_date": "2025-11-20 17:33:58",
    "total_resit_attempts": 0,
    "status": "Active",
    "probation_status": false
  },
  {
    "exam_number": "7560",
    "name": "MOSES ESTHER SATI",
    "failed_courses": [
      {
        "course_code": "GNS312",
        "original_score": 36.0,
        "semester": "N-THIRD-YEAR-FIRST-SEMESTER",
        "set": "SET47",
        "resit_attempts": 0,
        "best_score": 36.0,
        "status": "Failed"
      },
      {
        "course_code": "GNS313",
        "original_score": 40.0,
        "semester": "N-THIRD-YEAR-FIRST-SEMESTER",
        "set": "SET47",
        "resit_attempts": 0,
        "best_score": 40.0,
        "status": "Failed"
      },
      {
        "course_code": "GNS315",
        "original_score": 24.0,
        "semester": "N-THIRD-YEAR-FIRST-SEMESTER",
        "set": "SET47",
        "resit_attempts": 0,
        "best_score": 24.0,
        "status": "Failed"
      },
      {
        "course_code": "GNS316",
        "original_score": 45.0,
        "semester": "N-THIRD-YEAR-FIRST-SEMESTER",
        "set": "SET47",
        "resit_attempts": 0,
        "best_score": 45.0,
        "status": "Failed"
      },
      {
        "course_code": "GNS318",
        "original_score": 2.0,
        "semester": "N-THIRD-YEAR-FIRST-SEMESTER",
        "set": "SET47",
        "resit_attempts": 0,
        "best_score": 2.0,
        "status": "Failed"
      }
    ],
    "semester": "N-THIRD-YEAR-FIRST-SEMESTER",
    "set": "SET47",
    "identified_date": "2025-11-20 17:33:58",
    "total_resit_attempts": 0,
    "status": "Active",
    "probation_status": false
  },
  {
    "exam_number": "7562",
    "name": "MOYOSORE JUMOKE DOLAPO-GRACE",
    "failed_courses": [
      {
        "course_code": "GNS311",
        "original_score": 18.0,
        "semester": "N-THIRD-YEAR-FIRST-SEMESTER",
        "set": "SET47",
        "resit_attempts": 0,
        "best_score": 18.0,
        "status": "Failed"
      },
      {
        "course_code": "GNS315",
        "original_score": 38.0,
        "semester": "N-THIRD-YEAR-FIRST-SEMESTER",
        "set": "SET47",
        "resit_attempts": 0,
        "best_score": 38.0,
        "status": "Failed"
      },
      {
        "course_code": "GNS318",
        "original_score": 5.0,
        "semester": "N-THIRD-YEAR-FIRST-SEMESTER",
        "set": "SET47",
        "resit_attempts": 0,
        "best_score": 5.0,
        "status": "Failed"
      }
    ],
    "semester": "N-THIRD-YEAR-FIRST-SEMESTER",
    "set": "SET47",
    "identified_date": "2025-11-20 17:33:58",
    "total_resit_attempts": 0,
    "status": "Active",
    "probation_status": false
  },
  {
    "exam_number": "7564",
    "name": "MUHAMMAD ARSALA BAKO",
    "failed_courses": [
      {
        "course_code": "GNS312",
        "original_score": 48.0,
        "semester": "N-THIRD-YEAR-FIRST-SEMESTER",
        "set": "SET47",
        "resit_attempts": 0,
        "best_score": 48.0,
        "status": "Failed"
      },
      {
        "course_code": "GNS318",
        "original_score": 16.0,
        "semester": "N-THIRD-YEAR-FIRST-SEMESTER",
        "set": "SET47",
        "resit_attempts": 0,
        "best_score": 16.0,
        "status": "Failed"
      }
    ],
    "semester": "N-THIRD-YEAR-FIRST-SEMESTER",
    "set": "SET47",
    "identified_date": "2025-11-20 17:33:58",
    "total_resit_attempts": 0,
    "status": "Active",
    "probation_status": false
  },
  {
    "exam_number": "7568",
    "name": "MUSA  MAIMUNAT ABUBAKAR",
    "failed_courses": [
      {
        "course_code": "GNS311",
        "original_score": 36.0,
        "semester": "N-THIRD-YEAR-FIRST-SEMESTER",
        "set": "SET47",
        "resit_attempts": 0,
        "best_score": 36.0,
        "status": "Failed"
      },
      {
        "course_code": "GNS312",
        "original_score": 34.0,
        "semester": "N-THIRD-YEAR-FIRST-SEMESTER",
        "set": "SET47",
        "resit_attempts": 0,
        "best_score": 34.0,
        "status": "Failed"
      },
      {
        "course_code": "GNS313",
        "original_score": 28.0,
        "semester": "N-THIRD-YEAR-FIRST-SEMESTER",
        "set": "SET47",
        "resit_attempts": 0,
        "best_score": 28.0,
        "status": "Failed"
      },
      {
        "course_code": "GNS314",
        "original_score": 42.0,
        "semester": "N-THIRD-YEAR-FIRST-SEMESTER",
        "set": "SET47",
        "resit_attempts": 0,
        "best_score": 42.0,
        "status": "Failed"
      },
      {
        "course_code": "GNS318",
        "original_score": 16.0,
        "semester": "N-THIRD-YEAR-FIRST-SEMESTER",
        "set": "SET47",
        "resit_attempts": 0,
        "best_score": 16.0,
        "status": "Failed"
      }
    ],
    "semester": "N-THIRD-YEAR-FIRST-SEMESTER",
    "set": "SET47",
    "identified_date": "2025-11-20 17:33:58",
    "total_resit_attempts": 0,
    "status": "Active",
    "probation_status": false
  },
  {
    "exam_number": "7570",
    "name": "MUSA  GIDEON HAI",
    "failed_courses": [
      {
        "course_code": "GNS311",
        "original_score": 44.0,
        "semester": "N-THIRD-YEAR-FIRST-SEMESTER",
        "set": "SET47",
        "resit_attempts": 0,
        "best_score": 44.0,
        "status": "Failed"
      },
      {
        "course_code": "GNS313",
        "original_score": 36.0,
        "semester": "N-THIRD-YEAR-FIRST-SEMESTER",
        "set": "SET47",
        "resit_attempts": 0,
        "best_score": 36.0,
        "status": "Failed"
      },
      {
        "course_code": "GNS318",
        "original_score": 11.0,
        "semester": "N-THIRD-YEAR-FIRST-SEMESTER",
        "set": "SET47",
        "resit_attempts": 0,
        "best_score": 11.0,
        "status": "Failed"
      }
    ],
    "semester": "N-THIRD-YEAR-FIRST-SEMESTER",
    "set": "SET47",
    "identified_date": "2025-11-20 17:33:58",
    "total_resit_attempts": 0,
    "status": "Active",
    "probation_status": false
  },
  {
    "exam_number": "7579",
    "name": "ODEAHAN ITOHAN ABIGAIL",
    "failed_courses": [
      {
        "course_code": "GNS311",
        "original_score": 28.0,
        "semester": "N-THIRD-YEAR-FIRST-SEMESTER",
        "set": "SET47",
        "resit_attempts": 0,
        "best_score": 28.0,
        "status": "Failed"
      },
      {
        "course_code": "GNS314",
        "original_score": 38.0,
        "semester": "N-THIRD-YEAR-FIRST-SEMESTER",
        "set": "SET47",
        "resit_attempts": 0,
        "best_score": 38.0,
        "status": "Failed"
      },
      {
        "course_code": "GNS316",
        "original_score": 23.0,
        "semester": "N-THIRD-YEAR-FIRST-SEMESTER",
        "set": "SET47",
        "resit_attempts": 0,
        "best_score": 23.0,
        "status": "Failed"
      },
      {
        "course_code": "GNS318",
        "original_score": 11.0,
        "semester": "N-THIRD-YEAR-FIRST-SEMESTER",
        "set": "SET47",
        "resit_attempts": 0,
        "best_score": 11.0,
        "status": "Failed"
      }
    ],
    "semester": "N-THIRD-YEAR-FIRST-SEMESTER",
    "set": "SET47",
    "identified_date": "2025-11-20 17:33:58",
    "total_resit_attempts": 0,
    "status": "Active",
    "probation_status": false
  },
  {
    "exam_number": "7580",
    "name": "OGBE  INNOCENT OCHE",
    "failed_courses": [
      {
        "course_code": "GNS311",
        "original_score": 42.0,
        "semester": "N-THIRD-YEAR-FIRST-SEMESTER",
        "set": "SET47",
        "resit_attempts": 0,
        "best_score": 42.0,
        "status": "Failed"
      },
      {
        "course_code": "GNS312",
        "original_score": 38.0,
        "semester": "N-THIRD-YEAR-FIRST-SEMESTER",
        "set": "SET47",
        "resit_attempts": 0,
        "best_score": 38.0,
        "status": "Failed"
      },
      {
        "course_code": "GNS318",
        "original_score": 18.0,
        "semester": "N-THIRD-YEAR-FIRST-SEMESTER",
        "set": "SET47",
        "resit_attempts": 0,
        "best_score": 18.0,
        "status": "Failed"
      }
    ],
    "semester": "N-THIRD-YEAR-FIRST-SEMESTER",
    "set": "SET47",
    "identified_date": "2025-11-20 17:33:58",
    "total_resit_attempts": 0,
    "status": "Active",
    "probation_status": false
  },
  {
    "exam_number": "7581",
    "name": "OKAM BELIEVE  ONENO",
    "failed_courses": [
      {
        "course_code": "GNS311",
        "original_score": 42.0,
        "semester": "N-THIRD-YEAR-FIRST-SEMESTER",
        "set": "SET47",
        "resit_attempts": 0,
        "best_score": 42.0,
        "status": "Failed"
      },
      {
        "course_code": "GNS313",
        "original_score": 42.0,
        "semester": "N-THIRD-YEAR-FIRST-SEMESTER",
        "set": "SET47",
        "resit_attempts": 0,
        "best_score": 42.0,
        "status": "Failed"
      },
      {
        "course_code": "GNS314",
        "original_score": 40.0,
        "semester": "N-THIRD-YEAR-FIRST-SEMESTER",
        "set": "SET47",
        "resit_attempts": 0,
        "best_score": 40.0,
        "status": "Failed"
      },
      {
        "course_code": "GNS318",
        "original_score": 5.0,
        "semester": "N-THIRD-YEAR-FIRST-SEMESTER",
        "set": "SET47",
        "resit_attempts": 0,
        "best_score": 5.0,
        "status": "Failed"
      }
    ],
    "semester": "N-THIRD-YEAR-FIRST-SEMESTER",
    "set": "SET47",
    "identified_date": "2025-11-20 17:33:58",
    "total_resit_attempts": 0,
    "status": "Active",
    "probation_status": false
  },
  {
    "exam_number": "7585",
    "name": "OLUWADAMILARE BLESSING RUTH",
    "failed_courses": [
      {
        "course_code": "GNS314",
        "original_score": 28.0,
        "semester": "N-THIRD-YEAR-FIRST-SEMESTER",
        "set": "SET47",
        "resit_attempts": 0,
        "best_score": 28.0,
        "status": "Failed"
      },
      {
        "course_code": "GNS316",
        "original_score": 29.0,
        "semester": "N-THIRD-YEAR-FIRST-SEMESTER",
        "set": "SET47",
        "resit_attempts": 0,
        "best_score": 29.0,
        "status": "Failed"
      },
      {
        "course_code": "GNS318",
        "original_score": 3.0,
        "semester": "N-THIRD-YEAR-FIRST-SEMESTER",
        "set": "SET47",
        "resit_attempts": 0,
        "best_score": 3.0,
        "status": "Failed"
      },
      {
        "course_code": "GNS317",
        "original_score": 31.0,
        "semester": "N-THIRD-YEAR-FIRST-SEMESTER",
        "set": "SET47",
        "resit_attempts": 0,
        "best_score": 31.0,
        "status": "Failed"
      }
    ],
    "semester": "N-THIRD-YEAR-FIRST-SEMESTER",
    "set": "SET47",
    "identified_date": "2025-11-20 17:33:58",
    "total_resit_attempts": 0,
    "status": "Active",
    "probation_status": true
  },
  {
    "exam_number": "7587",
    "name": "OMOERA PRISCILLA ONEYI",
    "failed_courses": [
      {
        "course_code": "GNS313",
        "original_score": 35.0,
        "semester": "N-THIRD-YEAR-FIRST-SEMESTER",
        "set": "SET47",
        "resit_attempts": 0,
        "best_score": 35.0,
        "status": "Failed"
      },
      {
        "course_code": "GNS315",
        "original_score": 42.0,
        "semester": "N-THIRD-YEAR-FIRST-SEMESTER",
        "set": "SET47",
        "resit_attempts": 0,
        "best_score": 42.0,
        "status": "Failed"
      },
      {
        "course_code": "GNS318",
        "original_score": 3.0,
        "semester": "N-THIRD-YEAR-FIRST-SEMESTER",
        "set": "SET47",
        "resit_attempts": 0,
        "best_score": 3.0,
        "status": "Failed"
      }
    ],
    "semester": "N-THIRD-YEAR-FIRST-SEMESTER",
    "set": "SET47",
    "identified_date": "2025-11-20 17:33:58",
    "total_resit_attempts": 0,
    "status": "Active",
    "probation_status": false
  },
  {
    "exam_number": "7593",
    "name": "OSIPITAN ESTHER ARIBIYO",
    "failed_courses": [
      {
        "course_code": "GNS312",
        "original_score": 22.0,
        "semester": "N-THIRD-YEAR-FIRST-SEMESTER",
        "set": "SET47",
        "resit_attempts": 0,
        "best_score": 22.0,
        "status": "Failed"
      },
      {
        "course_code": "GNS318",
        "original_score": 10.0,
        "semester": "N-THIRD-YEAR-FIRST-SEMESTER",
        "set": "SET47",
        "resit_attempts": 0,
        "best_score": 10.0,
        "status": "Failed"
      }
    ],
    "semester": "N-THIRD-YEAR-FIRST-SEMESTER",
    "set": "SET47",
    "identified_date": "2025-11-20 17:33:58",
    "total_resit_attempts": 0,
    "status": "Active",
    "probation_status": false
  },
  {
    "exam_number": "7594",
    "name": "OTTAH PRECIOUS HILARY",
    "failed_courses": [
      {
        "course_code": "GNS313",
        "original_score": 40.0,
        "semester": "N-THIRD-YEAR-FIRST-SEMESTER",
        "set": "SET47",
        "resit_attempts": 0,
        "best_score": 40.0,
        "status": "Failed"
      },
      {
        "course_code": "GNS314",
        "original_score": 24.0,
        "semester": "N-THIRD-YEAR-FIRST-SEMESTER",
        "set": "SET47",
        "resit_attempts": 0,
        "best_score": 24.0,
        "status": "Failed"
      },
      {
        "course_code": "GNS318",
        "original_score": 14.0,
        "semester": "N-THIRD-YEAR-FIRST-SEMESTER",
        "set": "SET47",
        "resit_attempts": 0,
        "best_score": 14.0,
        "status": "Failed"
      }
    ],
    "semester": "N-THIRD-YEAR-FIRST-SEMESTER",
    "set": "SET47",
    "identified_date": "2025-11-20 17:33:58",
    "total_resit_attempts": 0,
    "status": "Active",
    "probation_status": false
  },
  {
    "exam_number": "7599",
    "name": "PETER ISHAKU",
    "failed_courses": [
      {
        "course_code": "GNS312",
        "original_score": 6.0,
        "semester": "N-THIRD-YEAR-FIRST-SEMESTER",
        "set": "SET47",
        "resit_attempts": 0,
        "best_score": 6.0,
        "status": "Failed"
      },
      {
        "course_code": "GNS314",
        "original_score": 29.0,
        "semester": "N-THIRD-YEAR-FIRST-SEMESTER",
        "set": "SET47",
        "resit_attempts": 0,
        "best_score": 29.0,
        "status": "Failed"
      },
      {
        "course_code": "GNS316",
        "original_score": 36.0,
        "semester": "N-THIRD-YEAR-FIRST-SEMESTER",
        "set": "SET47",
        "resit_attempts": 0,
        "best_score": 36.0,
        "status": "Failed"
      },
      {
        "course_code": "GNS318",
        "original_score": 6.0,
        "semester": "N-THIRD-YEAR-FIRST-SEMESTER",
        "set": "SET47",
        "resit_attempts": 0,
        "best_score": 6.0,
        "status": "Failed"
      }
    ],
    "semester": "N-THIRD-YEAR-FIRST-SEMESTER",
    "set": "SET47",
    "identified_date": "2025-11-20 17:33:58",
    "total_resit_attempts": 0,
    "status": "Active",
    "probation_status": false
  },
  {
    "exam_number": "7607",
    "name": "SANUSI MABEL",
    "failed_courses": [
      {
        "course_code": "GNS311",
        "original_score": 28.0,
        "semester": "N-THIRD-YEAR-FIRST-SEMESTER",
        "set": "SET47",
        "resit_attempts": 0,
        "best_score": 28.0,
        "status": "Failed"
      },
      {
        "course_code": "GNS314",
        "original_score": 42.0,
        "semester": "N-THIRD-YEAR-FIRST-SEMESTER",
        "set": "SET47",
        "resit_attempts": 0,
        "best_score": 42.0,
        "status": "Failed"
      },
      {
        "course_code": "GNS315",
        "original_score": 28.0,
        "semester": "N-THIRD-YEAR-FIRST-SEMESTER",
        "set": "SET47",
        "resit_attempts": 0,
        "best_score": 28.0,
        "status": "Failed"
      },
      {
        "course_code": "GNS318",
        "original_score": 3.0,
        "semester": "N-THIRD-YEAR-FIRST-SEMESTER",
        "set": "SET47",
        "resit_attempts": 0,
        "best_score": 3.0,
        "status": "Failed"
      }
    ],
    "semester": "N-THIRD-YEAR-FIRST-SEMESTER",
    "set": "SET47",
    "identified_date": "2025-11-20 17:33:58",
    "total_resit_attempts": 0,
    "status": "Active",
    "probation_status": true
  },
  {
    "exam_number": "7612",
    "name": "SHUAIBU MUSTAPHA IBRAHIM",
    "failed_courses": [
      {
        "course_code": "GNS315",
        "original_score": 24.0,
        "semester": "N-THIRD-YEAR-FIRST-SEMESTER",
        "set": "SET47",
        "resit_attempts": 0,
        "best_score": 24.0,
        "status": "Failed"
      },
      {
        "course_code": "GNS318",
        "original_score": 15.0,
        "semester": "N-THIRD-YEAR-FIRST-SEMESTER",
        "set": "SET47",
        "resit_attempts": 0,
        "best_score": 15.0,
        "status": "Failed"
      }
    ],
    "semester": "N-THIRD-YEAR-FIRST-SEMESTER",
    "set": "SET47",
    "identified_date": "2025-11-20 17:33:58",
    "total_resit_attempts": 0,
    "status": "Active",
    "probation_status": false
  },
  {
    "exam_number": "7616",
    "name": "TACHI DORCAS SHEKWOPAMBOLO",
    "failed_courses": [
      {
        "course_code": "GNS311",
        "original_score": 35.0,
        "semester": "N-THIRD-YEAR-FIRST-SEMESTER",
        "set": "SET47",
        "resit_attempts": 0,
        "best_score": 35.0,
        "status": "Failed"
      },
      {
        "course_code": "GNS312",
        "original_score": 45.0,
        "semester": "N-THIRD-YEAR-FIRST-SEMESTER",
        "set": "SET47",
        "resit_attempts": 0,
        "best_score": 45.0,
        "status": "Failed"
      },
      {
        "course_code": "GNS318",
        "original_score": 4.0,
        "semester": "N-THIRD-YEAR-FIRST-SEMESTER",
        "set": "SET47",
        "resit_attempts": 0,
        "best_score": 4.0,
        "status": "Failed"
      }
    ],
    "semester": "N-THIRD-YEAR-FIRST-SEMESTER",
    "set": "SET47",
    "identified_date": "2025-11-20 17:33:58",
    "total_resit_attempts": 0,
    "status": "Active",
    "probation_status": false
  },
  {
    "exam_number": "7619",
    "name": "TUKUR COMFORT",
    "failed_courses": [
      {
        "course_code": "GNS312",
        "original_score": 44.0,
        "semester": "N-THIRD-YEAR-FIRST-SEMESTER",
        "set": "SET47",
        "resit_attempts": 0,
        "best_score": 44.0,
        "status": "Failed"
      },
      {
        "course_code": "GNS316",
        "original_score": 44.0,
        "semester": "N-THIRD-YEAR-FIRST-SEMESTER",
        "set": "SET47",
        "resit_attempts": 0,
        "best_score": 44.0,
        "status": "Failed"
      },
      {
        "course_code": "GNS318",
        "original_score": 16.0,
        "semester": "N-THIRD-YEAR-FIRST-SEMESTER",
        "set": "SET47",
        "resit_attempts": 0,
        "best_score": 16.0,
        "status": "Failed"
      },
      {
        "course_code": "GNS317",
        "original_score": 32.0,
        "semester": "N-THIRD-YEAR-FIRST-SEMESTER",
        "set": "SET47",
        "resit_attempts": 0,
        "best_score": 32.0,
        "status": "Failed"
      }
    ],
    "semester": "N-THIRD-YEAR-FIRST-SEMESTER",
    "set": "SET47",
    "identified_date": "2025-11-20 17:33:58",
    "total_resit_attempts": 0,
    "status": "Active",
    "probation_status": true
  },
  {
    "exam_number": "7620",
    "name": "UDEH SHULAMMITE AMARANNA",
    "failed_courses": [
      {
        "course_code": "GNS311",
        "original_score": 48.0,
        "semester": "N-THIRD-YEAR-FIRST-SEMESTER",
        "set": "SET47",
        "resit_attempts": 0,
        "best_score": 48.0,
        "status": "Failed"
      },
      {
        "course_code": "GNS315",
        "original_score": 28.0,
        "semester": "N-THIRD-YEAR-FIRST-SEMESTER",
        "set": "SET47",
        "resit_attempts": 0,
        "best_score": 28.0,
        "status": "Failed"
      },
      {
        "course_code": "GNS316",
        "original_score": 43.0,
        "semester": "N-THIRD-YEAR-FIRST-SEMESTER",
        "set": "SET47",
        "resit_attempts": 0,
        "best_score": 43.0,
        "status": "Failed"
      },
      {
        "course_code": "GNS318",
        "original_score": 2.0,
        "semester": "N-THIRD-YEAR-FIRST-SEMESTER",
        "set": "SET47",
        "resit_attempts": 0,
        "best_score": 2.0,
        "status": "Failed"
      }
    ],
    "semester": "N-THIRD-YEAR-FIRST-SEMESTER",
    "set": "SET47",
    "identified_date": "2025-11-20 17:33:58",
    "total_resit_attempts": 0,
    "status": "Active",
    "probation_status": false
  },
  {
    "exam_number": "7626",
    "name": "UNUABOR PHILIP OSEIWE",
    "failed_courses": [
      {
        "course_code": "GNS311",
        "original_score": 34.0,
        "semester": "N-THIRD-YEAR-FIRST-SEMESTER",
        "set": "SET47",
        "resit_attempts": 0,
        "best_score": 34.0,
        "status": "Failed"
      },
      {
        "course_code": "GNS312",
        "original_score": 41.0,
        "semester": "N-THIRD-YEAR-FIRST-SEMESTER",
        "set": "SET47",
        "resit_attempts": 0,
        "best_score": 41.0,
        "status": "Failed"
      },
      {
        "course_code": "GNS313",
        "original_score": 43.0,
        "semester": "N-THIRD-YEAR-FIRST-SEMESTER",
        "set": "SET47",
        "resit_attempts": 0,
        "best_score": 43.0,
        "status": "Failed"
      },
      {
        "course_code": "GNS315",
        "original_score": 21.0,
        "semester": "N-THIRD-YEAR-FIRST-SEMESTER",
        "set": "SET47",
        "resit_attempts": 0,
        "best_score": 21.0,
        "status": "Failed"
      },
      {
        "course_code": "GNS318",
        "original_score": 18.0,
        "semester": "N-THIRD-YEAR-FIRST-SEMESTER",
        "set": "SET47",
        "resit_attempts": 0,
        "best_score": 18.0,
        "status": "Failed"
      }
    ],
    "semester": "N-THIRD-YEAR-FIRST-SEMESTER",
    "set": "SET47",
    "identified_date": "2025-11-20 17:33:58",
    "total_resit_attempts": 0,
    "status": "Active",
    "probation_status": false
  },
  {
    "exam_number": "7634",
    "name": "YAKUBU AKUMISHI PATIENCE",
    "failed_courses": [
      {
        "course_code": "GNS311",
        "original_score": 32.0,
        "semester": "N-THIRD-YEAR-FIRST-SEMESTER",
        "set": "SET47",
        "resit_attempts": 0,
        "best_score": 32.0,
        "status": "Failed"
      },
      {
        "course_code": "GNS312",
        "original_score": 20.0,
        "semester": "N-THIRD-YEAR-FIRST-SEMESTER",
        "set": "SET47",
        "resit_attempts": 0,
        "best_score": 20.0,
        "status": "Failed"
      },
      {
        "course_code": "GNS313",
        "original_score": 33.0,
        "semester": "N-THIRD-YEAR-FIRST-SEMESTER",
        "set": "SET47",
        "resit_attempts": 0,
        "best_score": 33.0,
        "status": "Failed"
      },
      {
        "course_code": "GNS318",
        "original_score": 19.0,
        "semester": "N-THIRD-YEAR-FIRST-SEMESTER",
        "set": "SET47",
        "resit_attempts": 0,
        "best_score": 19.0,
        "status": "Failed"
      }
    ],
    "semester": "N-THIRD-YEAR-FIRST-SEMESTER",
    "set": "SET47",
    "identified_date": "2025-11-20 17:33:58",
    "total_resit_attempts": 0,
    "status": "Active",
    "probation_status": false
  }
]