S/N,STATE_SN,FULL NAME,APPLICATION ID,PHONE NUMBER,STATE,Score/100.00,Score/100
1,1,Victor Otaka Robert,202551209034GF,08146586759,Abia,56.25,56
2,2,Uzor Ruth Ujuamara,202551011835FF,09030993169,Abia,52.50,52
3,3,Precious Anthony Adachukwu,202551631112AF,09046549425,Abia,38.75,39
4,1,John Ijanada,202550537231HA,09028778098,Adamawa,31.25,31
5,1,Ekpenyong Irene Asuquo,202550255044GF,09162851980,Akwa-Ibom,43.75,44
6,2,Reuben Esther Enobong,202551702413DF,08060092134,Akwa-Ibom,35.00,35
7,1,Michael Ikeh Ebuka,202550233062GA,08132499749,Anambra,50.00,50
8,2,Izuegbunam Miracle Oluebube,202550550576DF,07077951013,Anambra,43.75,44
9,3,Esther Okoli Oby,202550817894JF,09132736685,Anambra,42.50,42
10,4,Mmaduabuchukwu Amara Favour,202551535465BA,09113578486,Anambra,38.75,39
11,5,Chiamaka David Confidence,202550401216EA,09152563085,Anambra,35.00,35
12,6,Precious Izunna Izuogu,202551475039EA,07049477010,Anambra,27.50,28
13,1,Adams Favour Ehigocho,202550785098BA,08104337142,Benue,68.75,69
14,2,Wisdom-Praise Ogwuche Ene,202550127197EF,07073831604,Benue,56.25,56
15,3,Princess Omaji Ona-Ihotu,202550398410BA,08153093968,Benue,42.50,42
16,4,Blessing Ali Ene,202550139245DF,08143025127,Benue,41.25,41
17,5,Roseline Ocheme Ejum,202551807098GA,08141758542,Benue,40.00,40
18,6,Peace Raphael Chinecherem,202550873295BF,09065228328,Benue,37.50,38
19,7,Catherine Okwoli Oneh,202551299194EA,08104769320,Benue,32.50,32
20,8,Odoje Stella,202551078283DA,08147285806,Benue,20.00,20
21,1,Hope Ipuole Owoche,202550312811DA,08068474906,Cross-River,41.25,41
22,1,Favour Okoro Ukamaka,202550644554BF,09065964783,Ebonyi,42.50,42
23,1,Michael Peace Aleakhue,202551586386AF,09076831396,Edo,53.75,54
24,2,Blessing Osariemen Johnson,202551798008AF,08095851128,Edo,47.50,48
25,3,Joseph Love Eshi,202551757643FA,08169799864,Edo,43.75,44
26,4,Mercy Okaisabor Osadebame,202551956757IA,09124087699,Edo,42.50,42
27,5,Kelvin Faith,202550102330CF,08145160338,Edo,35.00,35
28,6,Divine Dania Victoria,202551437352JA,08108493237,Edo,33.75,34
29,7,Muhammad Saadat,202551079877EA,08153682696,Edo,31.25,31
30,1,Ogunremi Olamide Victor,202551956179CF,09053191472,Ekiti,33.75,34
31,1,Blessing Ugwu Chimuanya,202550870399FF,07064512006,Enugu,48.75,49
32,2,Gabriel Rejoice,202550612691BF,09166100198,Enugu,42.50,42
33,3,Iruoma Nnaji Glory,202550244547BF,09167180935,Enugu,40.00,40
34,4,Uzodimma Tochukwu Favour,202551661387GA,09122300182,Enugu,36.25,36
35,1,Webiye Gbaji Favour,202551949834CA,07063582483,FCT-Abuja,57.50,57
36,2,Simeon Praise Alefiya,202550126005CA,07068110475,FCT-Abuja,43.75,44
37,3,Waziri Hope Gold,202551911576HF,08115603909,FCT-Abuja,41.25,41
38,4,Grace David Miracle,202551945233DF,07042492452,FCT-Abuja,37.50,38
39,5,Flora Samson Yemilo,202550125474BF,07066587266,FCT-Abuja,36.25,36
40,6,Khadijat Abubakar Bajara,202551659582GA,08069013688,FCT-Abuja,32.50,32
41,1,Paul Bonnke,202551673210DF,09034122413,Gombe,48.75,49
42,1,Angela Iheanyichukwu Chidera,202551203893CF,08062107886,Imo,51.25,51
43,2,Ifeyinwa Maduuzowuru Precious,202550487253BF,09024366181,Imo,47.50,48
44,3,Chukwuneye Angel Chiamaka,202550530755FF,08160792370,Imo,43.75,44
45,4,Ndubuisi Chiemerie Emmanuella,202551717483CA,08083286839,Imo,42.50,42
46,5,Ugochukwu Chiamaka Janefrancis,202551091719BF,08065833009,Imo,42.50,42
47,6,Peculiar Godwin Chiwendu,202551745864EF,08135711735,Imo,40.00,40
48,1,Precious Emmanuel,202551426802CA,09051980686,Kaduna,51.25,51
49,2,Sarah Bilatus,202550447838GA,09164796800,Kaduna,47.50,48
50,3,Deborah Danjuma Dodo,202550519108FF,08123203364,Kaduna,45.00,45
51,4,Audu Favour Ayimeh,202551747408CA,08022381916,Kaduna,42.50,42
52,5,Stephanie Joshua Nsuni,202550570053CF,07061187619,Kaduna,38.75,39
53,6,Faith Peter,202550797298JF,08135424431,Kaduna,38.75,39
54,7,Desire Angelina,202550975822JF,09064524095,Kaduna,32.50,32
55,8,Patience Dauda,202550761818DF,08149928832,Kaduna,31.25,31
56,9,Sim Dangana Geyi Emmanuella,202550279502EA,08141531608,Kaduna,31.25,31
57,10,Monica Innocent,202550225096IF,08124389005,Kaduna,27.50,28
58,11,Diwoma Ezekiel Daniella,202550063025JA,09034463239,Kaduna,26.25,26
59,1,Jummai Samaila,202550265651EA,08081324583,Katsina,26.25,26
60,1,Marcus Sunday Emmanuel,202551995643CA,09044570429,Kebbi,28.75,29
61,1,Peter Audu Joyrich,202550126135DF,08167777505,Kogi,48.75,49
62,2,Amirah Abdulazeez Atimpo,202550312926CF,09028800438,Kogi,45.00,45
63,3,Firdausi Aliyu Oyiza,202551084142JA,08130609012,Kogi,43.75,44
64,4,Aishat Abdul,202550622888EF,08165497539,Kogi,42.50,42
65,5,Musa Saratu,202551857238GF,08139094172,Kogi,41.25,41
66,6,Natasha Adubazi Ovaiyoza,202551087397GA,08020955252,Kogi,40.00,40
67,7,Victoria Anthony Praise,202550662242CA,08039559405,Kogi,38.75,39
68,8,Deborah Emmanuel Ufedo-Ojo,202550779527DA,08088406694,Kogi,38.75,39
69,9,Usman Abdullahi,202551671506AF,08144241452,Kogi,31.25,31
70,10,Gift Festus,202551082995DA,09162511333,Kogi,31.25,31
71,11,Yahaya Barikisu Ometere,202551207099FA,08038962481,Kogi,26.25,26
72,1,Arolahun Aishat Kofoworola,202551969878CF,09169684158,Kwara,36.25,36
73,2,Maimunat Badmus Ajobi,202551043488GA,07047971211,Kwara,33.75,34
74,3,Abdulhameed Adeshina,202550589044HA,07064516555,Kwara,32.50,32
75,1,Halimoh Bankole Ayinke,202550379421FA,08029362808,Lagos,32.50,32
76,1,Waibe Musa,202551616985FF,09045397651,Nassarawa,42.50,42
77,2,Ibrahim Maryam Chiroma,202550292037GF,08146469540,Nassarawa,27.50,28
78,1,Solomon Rejoice,202551638410JA,09131623574,Niger,48.75,49
79,2,Aisha Abdulrahman,202550800954FF,09032243656,Niger,28.75,29
80,1,Toluwalashe Odumade Rashidat,202551495273EF,09059131936,Ogun,42.50,42
81,2,Lydia Ige Morohunmubo,202551146448GF,07082555428,Ogun,42.50,42
82,1,Hameedat Tiamiyu Temitope,202550966228JA,09041268399,Ondo,38.75,39
83,2,Titilayo Ige Elizabeth,202550765122EF,07088575671,Ondo,33.75,34
84,3,Ademakinwa God'Sgift Ebunoluwa,202550666083AF,08036457692,Ondo,33.75,34
85,4,Bridget Ajisafe Olawumi,202550096580IF,09013758928,Ondo,30.00,30
86,1,Dorcas Ebenezer Ayomiposi,202550535484GF,07038032996,Osun,46.25,46
87,2,Rachael Fasipe Oluwaseun,202550562428FF,09028165713,Osun,43.75,44
88,3,Akinrole Halimat Fumilayo,202551767271HF,09161510161,Osun,35.00,35
89,4,Titilope Alani Racheal,202551824986BF,09060541485,Osun,33.75,34
90,1,Mary Adewale Oluwafeyikemi,202551223826BF,08124897169,Oyo,57.50,57
91,2,Blessing Ojo,202550672504BA,09047379992,Oyo,55.00,55
92,3,Ayooluwa Adepoju Victory,202550734359FF,07064195562,Oyo,43.75,44
93,4,Elizabeth Olayiwola Mercy,202550921193CA,08152011340,Oyo,41.25,41
94,5,Amirah Abdullahi Aliyu,202551942158CA,09051645412,Oyo,28.75,29
95,1,Ishaku Shallom Chen,202550875054FF,09169097884,Plateau,41.25,41
96,2,Joy Ishaya Dung,202551609403GA,08147633765,Plateau,30.00,30
97,1,Amadi Marvelous Temple,202550649776DA,07083309166,Rivers,40.00,40
