S/N,STATE_SN,FULL NAME,APPLICATION ID,PHONE NUMBER,STATE,Score/100.00,Score/100
1,1,Victor Chinaza Deborah,202550635100HA,09024228415,Abia,61.25,61
2,2,Moses Favour Oluomachi,202551223583JA,08088090328,Abia,55.00,55
3,3,Uka Success Ngozi,202550154253EF,07017005273,Abia,46.25,46
4,4,Udochukwu Favour Chinecherem,202550285622DA,07049332960,Abia,36.25,36
5,5,Confidence Ehiobuche Ezinne,202551464399EA,09057619970,Abia,31.25,31
6,1,Ukpa Ekponimo Emmanuel,202550430555CF,07017829120,Akwa-Ibom,28.75,29
7,1,Udoji Victor Onyedika,202550540856JA,09075032547,Anambra,73.75,74
8,2,Osoaku Chukwudalu Bethelmaria,202551258278IF,07061228436,Anambra,68.75,69
9,3,Madu Assumpta Mmachukwu,202550310586EA,08021902560,Anambra,56.25,56
10,4,Chika Favour,202551265291HF,09164785958,Anambra,48.75,49
11,5,Paul Goodness Ifunanya,202550965166IA,07046349844,Anambra,43.75,44
12,6,Okoye Victoria Amarachi,202551015058JA,08067681045,Anambra,38.75,39
13,1,Faith Jonah Enanya,202551161428CF,07032633724,Benue,63.75,64
14,2,Shaapera Mngohol Jennifer,202550790966CF,08151354790,Benue,60.00,60
15,3,Aondofa Deborah Msendoo,202550976118EA,07017817265,Benue,58.75,59
16,4,Sarah Peterson,202550923621EA,07012362093,Benue,56.25,56
17,5,Adima Bethel Onwanyi,202550969640DF,09046303737,Benue,52.50,52
18,6,Agbo Precious Ehi,202550990480FA,08139486113,Benue,52.50,52
19,7,Precious Onmaipu Edache,202550130780IF,08115885995,Benue,50.00,50
20,8,Mary Oche Ochanya,202551508095GA,09033035161,Benue,50.00,50
21,9,Akor Juliana Ogbene,202550598622GA,09064281315,Benue,50.00,50
22,10,Ede Lilian Ene,202551145684IF,09070225062,Benue,47.50,48
23,11,James Jennifer,202550975322DA,07077138577,Benue,46.25,46
24,12,Gabriel Precious Ochenya,202550956492DF,09026736702,Benue,45.00,45
25,13,Suurshater Victor Favour,202550137516DF,07083081321,Benue,41.25,41
26,14,Sunday Blessing,202550389787JA,09117615733,Benue,41.25,41
27,1,Thomas Cecilia Ndumari,202551728915FA,09070716964,Borno,51.25,51
28,1,Undebe Josephine Uwauyin,202550041838AF,07055371160,Cross-River,62.50,62
29,2,Wonah Agu Ferdinand,202551960885FF,09160704861,Cross-River,56.25,56
30,3,Odey Faith Agbo,202551133377GA,07013767246,Cross-River,55.00,55
31,4,Offem Precious Ikpi,202551797187CF,07042428984,Cross-River,42.50,42
32,5,Samuel Ruth Ipey,202550350286JA,09061677009,Cross-River,42.50,42
33,6,Inyambe Emmanuel Ekonesi,202551372269DF,09077138146,Cross-River,36.25,36
34,7,Okim Victory Rese-Okim,202550858924FA,09136490698,Cross-River,32.50,32
35,1,Awunor Miracle Chisom,202551571534HA,09114670093,Delta,66.25,66
36,2,Okpor Favour Happiness,202550474736JA,08167034566,Delta,57.50,57
37,1,Choice Davids Mmesoma,202550873309EA,07010874631,Ebonyi,82.50,82
38,2,Maureen Ogbuagu Chinenye,202551500052JA,09031244893,Ebonyi,61.25,61
39,3,Otu Elizabeth Chidiebere,202551498685IF,08148804247,Ebonyi,52.50,52
40,4,Ogeh Chinazaekpere Favour,202550890316DA,07065440693,Ebonyi,40.00,40
41,5,Akachukwu Kingsley Honourable,202550473528FA,09132405183,Ebonyi,40.00,40
42,6,Okoro Oluchi Miracle,202551666459GF,09129347580,Ebonyi,36.25,36
43,1,Ibrahim Ramotu Mabel,202550848975BF,08061478165,Edo,70.00,70
44,2,Bright Olivia Ashicome,202550011287JF,09070673631,Edo,55.00,55
45,3,Aikhoje Precious Olohirenuan,202551589435FF,08189085754,Edo,53.75,54
46,4,Christabel Eromosele Iyuwa,202550391414DA,09036103777,Edo,50.00,50
47,5,Osilukpon Deborah,202550391957HA,08058290789,Edo,50.00,50
48,6,Jessica Akhabue Ehiaghe,202550705958DF,08069075420,Edo,47.50,48
49,1,Medinat Olaniyan,202550796101JF,07047781317,Ekiti,45.00,45
50,1,Peace Innocent Onyinyechi,202551440833HA,09115762927,Enugu,70.00,70
51,2,Ugwu Onyinye Jennifer,202551131722HA,09040148043,Enugu,65.00,65
52,3,Ifechukwu Martins Precious,202550006797DA,08102760709,Enugu,63.75,64
53,4,Ani Chimaobi Miracle,202550699282HA,07047804713,Enugu,61.25,61
54,5,Onwudinjo Chinecherem Praise,202551855456EF,09079995847,Enugu,52.50,52
55,6,Hannah Onah Chinaza,202550763344AF,07025354781,Enugu,46.25,46
56,7,Ugwu Stella Odinaka,202550609854EF,07016220961,Enugu,42.50,42
57,8,Julieth Onuh Chinyere,202550094785DF,07080785881,Enugu,36.25,36
58,1,Averson Emmanuel,202550079224DF,08026831505,FCT-Abuja,57.50,57
59,2,Andrew Moses,202550007373JF,07044675724,FCT-Abuja,56.25,56
60,3,Micah Mercy Swosa,202550987928IA,08126946604,FCT-Abuja,47.50,48
61,4,Paul Christabel,202550107517CF,08119087361,FCT-Abuja,36.25,36
62,5,Sabeera Yunusa Shuaibu,202550573497JF,08035955953,FCT-Abuja,35.00,35
63,6,Ibrahim Abdullahi Nana Asiha,202550534800GF,08074010077,FCT-Abuja,23.75,24
64,1,Azubuike Williams Uzochukwu,202550581452DA,09123474013,Imo,73.75,74
65,2,Victor Hyginus Ikechukwu,202550896227CA,09166646378,Imo,60.00,60
66,3,Sunday Charity Onyedikachi,202550573640EF,09055395279,Imo,58.75,59
67,4,Ejiasi Izuchukwu Noble,202551635229DF,08028976086,Imo,57.50,57
68,5,Irona Lucia Chelsea,202550926437CA,09126074655,Imo,56.25,56
69,6,Nwachukwu Favour Akunna,202551620731EA,08106865576,Imo,52.50,52
70,7,Nwozuzu Mmesoma Grace,202550300895EF,07014541668,Imo,51.25,51
71,8,Opara Ijeoma Evelyn,202550581458JF,09160198639,Imo,50.00,50
72,9,Jeremiah Onuajula Seth,202550747485HA,08134620233,Imo,43.75,44
73,10,Chigozie Angel Uchechukwu,202550240885IF,09021426978,Imo,42.50,42
74,11,Amarachi Obioha Favour,202551468771DA,09114546607,Imo,42.50,42
75,1,Samson Bridget,202550489079AF,07067745135,Kaduna,60.00,60
76,2,Raphael Precious Yatai,202550314282IF,08024494457,Kaduna,58.75,59
77,3,Peace Acha,202550129912FF,08102944184,Kaduna,57.50,57
78,4,Patience Bachat Kuyet,202551138900JA,09079903199,Kaduna,57.50,57
79,5,Yakubu Halleluyah Alheri,202551060255BF,07038856995,Kaduna,55.00,55
80,6,Joseph Miracle,202551036581BF,08024036672,Kaduna,52.50,52
81,7,Shagibi Gbayal,202550187969JA,08100915921,Kaduna,50.00,50
82,8,Adamu Queen,202551851232HF,09071850638,Kaduna,43.75,44
83,1,Ibrahim Zahariya Garko,202551159393DF,09061360723,Kano,27.50,28
84,1,Johnson Praise Ojonugwa,202550716911IF,08029113528,Kogi,61.25,61
85,2,Fred Precious Ojotule,202550293237FA,07056858670,Kogi,58.75,59
86,3,Abu Jamila,202550876814JA,08147711834,Kogi,55.00,55
87,4,Okediji Daniela Olamide,202550041486FF,08152277990,Kogi,55.00,55
88,5,Adama Blessing Ojonemi,202550220426GF,07013065622,Kogi,55.00,55
89,6,Habibat Ndababo Idris,202550329865HA,08035687340,Kogi,55.00,55
90,7,Ayomide Michael Deborah,202550391114BA,08035883700,Kogi,53.75,54
91,8,Shuaibu Rukayat,202551474373EF,08181457237,Kogi,51.25,51
92,9,Praise Ishola,202551208445GF,09126781414,Kogi,51.25,51
93,10,Blessing Ameh Ojochide,202550375986DA,08064301956,Kogi,50.00,50
94,11,Mary Gabriel Agile,202550250885FF,07018021366,Kogi,46.25,46
95,12,Olushola Emmanuel Ayomide,202551466549CF,09013222732,Kogi,45.00,45
96,13,Joseph Queen,202550990700JA,09165932779,Kogi,37.50,38
97,14,Jelilu Mutmainat Onize,202550145620IA,08144050642,Kogi,35.00,35
98,15,Godwin Emmanuella Erdoo,202551262966BF,09167339056,Kogi,32.50,32
99,16,Jemilat Abdulazeez,202551999855FA,07076478048,Kogi,23.75,24
100,1,Ibrahim Shalom,202551609064EF,09012555746,Lagos,62.50,62
101,1,John Faith,202550125823HF,08080604912,Nassarawa,68.75,69
102,2,Paul Mercy,202550480441GF,09041848866,Nassarawa,50.00,50
103,3,Shekwonyadu Mary,202550013338AF,09073786793,Nassarawa,41.25,41
104,4,Timothy Beatrice Asheahe,202550990581CA,08067797963,Nassarawa,32.50,32
105,1,Tukur Hajara Aliyu,202550314170HF,09066097525,Niger,36.25,36
106,1,Olaniyi Ogunfayo Israel,202550165246IF,09030838197,Ogun,67.50,68
107,2,Omorinsola Onakoya Monsurat,202551672699CF,09077691742,Ogun,42.50,42
108,1,Eniola Adeshina Barakat,202550520987GF,08147632688,Ondo,60.00,60
109,2,Olorunmoni Esther Moyinoluwa,202550403902AF,08023410683,Ondo,60.00,60
110,3,Oluwatosin Inioluwa Rejoice,202550472530AF,07040333326,Ondo,50.00,50
111,4,Ayomide Alade Loveth,202551008135DA,08069697609,Ondo,47.50,48
112,5,Ruth Omotayo Oluwafunke,202551770410FF,09037838065,Ondo,42.50,42
113,1,Abdulraheem Aliyat Akinola,202550532181FA,09018367901,Osun,57.50,57
114,2,Mary Fajaye Oluwatimileyin,202550447669FA,08141554268,Osun,48.75,49
115,3,Adedokun Oluwatosin Grace,202551706272CF,07072392548,Osun,46.25,46
116,1,Adedeji Tessy Titoluwa,202550521330GA,07053424567,Oyo,75.00,75
117,2,Adewole Tijesu Treasure,202551288652CF,08069188697,Oyo,58.75,59
118,3,Kofoworola Miracle Eleojo,202550707181JF,08134689624,Oyo,51.25,51
119,1,Luka Wonders Nanbal,202551845468BF,07086487678,Plateau,72.50,72
120,2,Steven Sharon,202551796931HA,07047262933,Plateau,57.50,57
121,3,Yonmun Dakwar Kefas,202550075682HF,08142617710,Plateau,57.50,57
122,4,Justine Judith Lapang,202551518631BA,09134885951,Plateau,55.00,55
123,1,Eleyi-Walter Priscilla Omasilechi,202550818425AF,08080280959,Rivers,58.75,59
124,2,Etong-Awaji Aaron Fyneface,202551998000BF,08168766357,Rivers,50.00,50
