S/N,STATE_SN,FULL NAME,APPLICATION ID,PHONE NUMBER,STATE,Score/100.00,Score/100
1,1,Onyeoziri Tochi Victory,202551006010BF,08036461377,Abia,56.25,56
2,2,Comfort Udoha,202551587681IF,08166765813,Abia,48.75,49
3,3,Chukwuocha Ebube Goodluck,202550592119IF,07069773229,Abia,47.50,48
4,4,Ukaobasi Chioma Princess,202550504027DA,07080584089,Abia,46.25,46
5,5,Glory Ihekoronye Oluchi,202550321424JF,08140135447,Abia,46.25,46
6,6,Igbojionu Favour Ngozi,202550607213EF,08035285259,Abia,43.75,44
7,7,Okorie Blessing Amogu,202550209699CF,08065325960,Abia,42.50,42
8,8,Samuel Uchechukwu Princess,202550512380GF,09041344094,Abia,38.75,39
9,9,Anthony Nancy Amarachi,202550163548CF,08144374592,Abia,38.75,39
10,1,Olivia Oliver Kenegusi,202550123206FA,08101791656,Adamawa,50.00,50
11,1,Ekpo Esther Inyang,202550432709IF,07017712340,Akwa-Ibom,47.50,48
12,2,Michael Ndiana Udo,202550592248BA,07041249367,Akwa-Ibom,37.50,38
13,1,Okeke Uriel Ifunanya,202551011709CA,07031269900,Anambra,63.75,64
14,2,Ezekwe Melody Uzoma,202550023594CF,07057465364,Anambra,53.75,54
15,3,Ekwemmo Victoria Chidimma,202551447586DA,09069519728,Anambra,52.50,52
16,4,Joseph Favour Chinecherem,202551801790JF,08144210078,Anambra,48.75,49
17,5,Madu Ifebuche,202550380576HA,08100118153,Anambra,46.25,46
18,6,Okoye Chioma Pascaline,202550395757HA,09030403038,Anambra,45.00,45
19,7,Ifediba Chizoba Linus,202551095309CA,09038339537,Anambra,43.75,44
20,8,Ifemenam Philomina Chisom,202550506618JA,08025817945,Anambra,38.75,39
21,9,Isabella Udenkwo Kaima,202551964714AF,09015902005,Anambra,38.75,39
22,10,Okoye Valerie Chimamanda,202551569698DF,08039590384,Anambra,36.25,36
23,11,Chukwukwe Iruoma Divinegift,202550112953BF,07038534967,Anambra,27.50,28
24,1,Ogobeche Oyibo Nathaniel,202551606267GF,09059075027,Benue,61.25,61
25,2,Adeyi Mercy Onyemowo,202551358849GF,09016818022,Benue,53.75,54
26,3,Samuel Esther Linda,202550126318HA,07040610372,Benue,52.50,52
27,4,Shima Faith Nor,202551911489DF,09024031156,Benue,50.00,50
28,5,Umoru Angel Ehi,202550853774FF,09018415584,Benue,50.00,50
29,6,Ikpebe Lucy Eneoche,202551648638GA,09038010854,Benue,50.00,50
30,7,Ishan Lianater Grace,202551718135IF,07049509330,Benue,48.75,49
31,8,Echoda Deborah Obiye,202550942587CA,08084930956,Benue,45.00,45
32,9,Onyilokwu Franca Ene,202551961248EF,09130923029,Benue,41.25,41
33,10,Chianan Jimedoo Jessica,202551613853EA,09168765256,Benue,40.00,40
34,11,Florence Abuh Enekole,202551748268JA,08100819517,Benue,36.25,36
35,12,Ike Mary Anigo,202550266935IA,08164216251,Benue,33.75,34
36,13,Samuel Enechojo,202551511031BA,09026476583,Benue,28.75,29
37,14,Ibrahim Zuwaira,202550377095JA,07049929557,Benue,22.50,22
38,1,Kakaali Fatima,202550766718EF,09164542566,Borno,27.50,28
39,1,Ikpete Voevalequoni Etta,202551381842FA,08148848738,Cross-River,47.50,48
40,2,Ngaji Margaret Ishoba,202551830926FA,07051001387,Cross-River,43.75,44
41,3,Shalom Great Charity-Ebaji,202550399993HF,07019326620,Cross-River,37.50,38
42,4,Eteng Favour Onun,202551653662CA,08050796237,Cross-River,35.00,35
43,5,Odu Elizabeth,202550083171GA,09018662718,Cross-River,32.50,32
44,1,Umukoro Juliet Amaju,202550603594JA,08032921487,Delta,52.50,52
45,2,Elizabeth Odili Ogechi,202550600394DF,09065097271,Delta,52.50,52
46,3,Okwuole Glory Nwakuso,202550075568HF,08063307707,Delta,50.00,50
47,4,Okefe Rejoice Oboroghene,202550316315IF,07050612771,Delta,43.75,44
48,5,Nwodu Chiamaka Mary,202550460784CF,09161339475,Delta,42.50,42
49,6,Okoro Gift Eunice,202550577940BF,08168525006,Delta,42.50,42
50,1,Ogbonna Juliet Nneka,202550216782EF,08132048764,Ebonyi,55.00,55
51,2,Goodness Wealth Nnmesoma,202551116520IA,09113557390,Ebonyi,50.00,50
52,3,Felix Favour Chioma,202550173743GF,07034382762,Ebonyi,47.50,48
53,4,Ngele Precious Amarachi,202550577998BA,08022399142,Ebonyi,31.25,31
54,1,Subedat Al-Hassan Oshile,202550073657DF,08106842144,Edo,53.75,54
55,2,Johnson Deborah Jesuferanmi,202550097203BA,08050545474,Edo,51.25,51
56,3,Imona Sandra Ebosereme,202550223996HF,08124757173,Edo,40.00,40
57,4,Samuel Bernice Oneshioze,202550411460CF,08165570541,Edo,32.50,32
58,5,Aikhoje Favour Efe,202550552095EA,08160849539,Edo,32.50,32
59,6,Ismail Mariam,202550137854FF,08144833525,Edo,31.25,31
60,1,Ugwuanyi Perpetual Oluebube,202551825662FF,09154435355,Enugu,51.25,51
61,2,Ezimeke Makuochukwu Favour,202550675018HF,09168273542,Enugu,45.00,45
62,3,Simeon Ifunanya Judith,202550459242EA,09067970562,Enugu,41.25,41
63,4,Ogah Sandra Chidera,202551027678HA,09127625123,Enugu,41.25,41
64,5,Chinyere Kelechi Nelson,202551981313EA,08123626951,Enugu,40.00,40
65,6,Ezenma Veritas Ifechukwu,202550796943GF,08125948165,Enugu,40.00,40
66,7,Ozioko Bethel Chigozie,202550273860DF,07025320547,Enugu,38.75,39
67,8,Eneje Favour Makuochi,202551287104HA,09117367769,Enugu,38.75,39
68,9,Ezejiofor Nzubechukwu Raphael,202551011249EA,07053712194,Enugu,36.25,36
69,10,Chukwu Chisom Favour,202550205055GF,07086082100,Enugu,36.25,36
70,11,Nwambuba Kaylene Ogechi,202551652010BF,09025246708,Enugu,32.50,32
71,1,Yunusa Faith Shematsu,202550798708HF,09012586067,FCT-Abuja,43.75,44
72,2,Shaba Ruth Sheyemi,202550201165EA,09028543384,FCT-Abuja,42.50,42
73,3,Yunusa Ibrahim Biko,202551689353HA,09158914719,FCT-Abuja,37.50,38
74,4,Gracious Shekwogaza Sunday,202550255591IF,09055083029,FCT-Abuja,36.25,36
75,5,Sunday Faith Beki,202551609358JF,08030878628,FCT-Abuja,33.75,34
76,6,Nanakhadijat Isah Ndaman,202550391902GA,08125329651,FCT-Abuja,31.25,31
77,7,Victoria Makama Khadijat,202550153906HA,09057454038,FCT-Abuja,31.25,31
78,8,Faiza Abdullahi Muhammad,202551172989HF,08138533530,FCT-Abuja,30.00,30
79,9,Samuel Gift Kuka,202550160777BA,09011472912,FCT-Abuja,28.75,29
80,1,Odofor Joy Chigamezu,202550070243AF,08129129051,Imo,55.00,55
81,2,Osondu Noble Chioma,202551467403DA,08067274846,Imo,50.00,50
82,3,Ajaegbu Angel Nkiruka,202551847515EA,09138212047,Imo,46.25,46
83,4,Eberechukwu Mmesoma Maryann,202552008632FF,08143437065,Imo,43.75,44
84,5,Blessing Maduakolam Chiamaka,202550693056EA,09077403983,Imo,42.50,42
85,6,Divine James Chinenye,202551381201CF,07041411510,Imo,41.25,41
86,7,Eze Abigail Chineyenwa,202551234749CF,09136951983,Imo,31.25,31
87,8,Johnson Ngozichukwu Maryann,202550661280IA,09036816653,Imo,31.25,31
88,1,Godiya Samuel,202550123931DF,09049423961,Kaduna,45.00,45
89,2,Christopher Emmanuel Leo,202550910865HF,07026077914,Kaduna,42.50,42
90,3,Irimiya Angelina,202550700132JF,08165208789,Kaduna,37.50,38
91,4,Yohanna Patience,202551403191IF,08065908823,Kaduna,36.25,36
92,5,Isaac Emmanuella,202550076541FF,09023961141,Kaduna,33.75,34
93,6,Yusuf Esther,202550829276JA,08110913087,Kaduna,31.25,31
94,1,Yakubu Victoria Precious,202551065843AF,08143670909,Kebbi,46.25,46
95,1,Joseph Divine Iyanuoluwa,202550214430CF,09072187878,Kogi,71.25,71
96,2,Miracle Danjuma Ibe-Ojo,202550449292BA,07010710024,Kogi,52.50,52
97,3,Oguche Prosper Ojodomo,202551188052JF,08078780988,Kogi,43.75,44
98,4,James Hannah,202550204015EA,08158915521,Kogi,43.75,44
99,5,Abdulhameed Rukayat,202551001300AF,08106635993,Kogi,41.25,41
100,6,Yahaya Margaret Ojokpe,202551427595EF,07040865458,Kogi,40.00,40
101,7,Mulikat Aliyu Onize,202550674934CA,07085128727,Kogi,38.75,39
102,8,Sarah Yusufu Eleojo,202551201748BF,09133661507,Kogi,36.25,36
103,9,Hadi Zubeidat Ahuoiza,202550996401IF,08106100285,Kogi,35.00,35
104,10,Muhammed Aisha Oyiza,202551698308EA,08066017585,Kogi,32.50,32
105,11,Abdulmalik Kudirat Onize,202551250172FA,08141765308,Kogi,32.50,32
106,12,Tehillah Akubo-Austin Ufedo-Ojo,202550037287FF,08133746311,Kogi,32.50,32
107,13,Muhammed Monsurat,202550278933DF,07063159542,Kogi,28.75,29
108,1,Bamgbose Titilayo Gift,202551051949DA,08122739593,Lagos,40.00,40
109,2,Ogaranya Amarachi Divine,202550644146GA,07055528980,Lagos,27.50,28
110,1,Maikoto Dorcas Faith,202551196173FF,08140965955,Nassarawa,43.75,44
111,1,Barde Yemi Sule,202550068442IA,09168779082,Niger,42.50,42
112,2,Pada Maria Tunku,202550812970BF,09120910813,Niger,38.75,39
113,3,Naroka Doris Adamilo,202550386180HF,08126009406,Niger,37.50,38
114,4,Suleiman Zainab,202550537454JF,07033387497,Niger,37.50,38
115,5,Jennifer Matthew,202550033538IF,07041509041,Niger,36.25,36
116,1,Isogun Faith Ayomide,202550869128EF,09045600490,Ondo,48.75,49
117,2,Arogundade Tolulope Pelumi,202551305708FF,09164617998,Ondo,47.50,48
118,3,Albert Hannah Oluwaseun,202550267588EF,09130768042,Ondo,46.25,46
119,4,Akeem Mujidat Olaoluwa,202550632243BA,07077858086,Ondo,43.75,44
120,5,Daodu Mosunmola Oluwafunmilayo,202550818734HF,08113917628,Ondo,38.75,39
121,6,Arogundade Bose Mary,202551071984IA,09168433171,Ondo,32.50,32
122,1,Ezekiel Adebola Joy,202550673814BF,09056792445,Osun,61.25,61
123,2,Adedoyin Mary Ololade,202551729997FF,08065128068,Osun,55.00,55
124,3,Muftau Niima,202550517340GA,08161140320,Osun,48.75,49
125,4,Adeoti Esther Adefunke,202550066931DF,09077249786,Osun,41.25,41
126,1,Joseph Dorcas Oluwapelumi,202550879304IF,08164009778,Oyo,48.75,49
127,2,Abiola Olamde Fatia,202550417858FA,08052373827,Oyo,37.50,38
128,3,Oyediran Grace,202550674614AF,09135607882,Oyo,28.75,29
129,1,Ibrahim Shemau Yusuf,202550653069JF,08130322993,Plateau,36.25,36
130,2,Dinfa Nanbyet Gaya,202551265410FA,08103004656,Plateau,35.00,35
