S/N,STATE_SN,FULL NAME,APPLICATION ID,PHONE NUMBER,STATE,Score/100.00,Score/100
1,1,Francis Chioma Benita,202551111028IF,09019961131,Abia,73.75,74
2,2,Nnaji Joy Uloma,202551619580JF,09077419656,Abia,65.00,65
3,3,Ugochukwu Favour Adaugo,202550701034FA,08116511887,Abia,61.25,61
4,4,Amos Chisom Favour,202550963282JF,09024136041,Abia,57.50,57
5,5,Chikwendu Princess Chinenyenwa,202551631266JA,08167734333,Abia,52.50,52
6,6,Ihesiaba Mary Favour,202550230613FA,07039384771,Abia,48.75,49
7,7,Chima Deborah,202550249161DA,09035808546,Abia,47.50,48
8,8,Amarachi Celestine Blessing,202550504220BF,09168138149,Abia,47.50,48
9,1,Aaron Dogan Sallau,202551427493IA,07036396995,Adamawa,55.00,55
10,1,Udoh Precious Imeh,202550399493BA,09018169244,Akwa-Ibom,52.50,52
11,2,Christopher Ability Ebong,202550313613BA,08149756397,Akwa-Ibom,51.25,51
12,3,Okon Elizabeth Ini,202551301842AF,09038337878,Akwa-Ibom,40.00,40
13,1,Ugoji Chidinma Elizabeth,202550393254EF,07047518495,Anambra,60.00,60
14,2,Gospel Joshua Oluebube,202550332633AF,08034773777,Anambra,58.75,59
15,3,Enemchukwu Mmesoma Emmanuella,202550394515BA,09070984185,Anambra,51.25,51
16,4,Chisom Nwabueze Esther,202551296073GF,09162458913,Anambra,48.75,49
17,5,Azubike Chidimma Divine,202550682184GA,08071812156,Anambra,48.75,49
18,6,Agba Desmond Chidera,202551548789IA,08104036154,Anambra,46.25,46
19,7,Ogechukwu Asodike Vivian,202551122106IA,08143021874,Anambra,43.75,44
20,8,Mbamalu Francisca Chidimma,202550070506CA,07035600365,Anambra,36.25,36
21,1,Audu Success,202551329851IF,08084145435,Benue,72.50,72
22,2,Abu Gift Oyiwoda,202551265935IF,09014607002,Benue,53.75,54
23,3,Ijauka Faith Ogwa,202551245873HF,08148876053,Benue,52.50,52
24,4,Sunday Ruth Happiness,202550655469GF,08109955247,Benue,52.50,52
25,5,Ogbaji Mary Orechi,202550287459GA,07025065455,Benue,50.00,50
26,6,Akogwu Endurance Joseph,202551891676BF,09030277848,Benue,48.75,49
27,7,Eunice Abah Ehi,202550971179DF,08123452551,Benue,47.50,48
28,8,Igba Favour,202550821418FA,09139966829,Benue,42.50,42
29,9,Aza Tahav Felix,202551971145FF,08134445193,Benue,42.50,42
30,10,Agbo Victoria Ene,202551565361GA,09063629980,Benue,37.50,38
31,11,Ukwenya Ochanya Favour,202551123913HA,09162383905,Benue,35.00,35
32,12,Joseph Ene Glory,202550000254GF,08123816824,Benue,33.75,34
33,1,Irek Helen Nfornisain,202551666796JA,09013905286,Cross-River,70.00,70
34,2,Matilda Itachor Ejok,202550804552CA,08069684892,Cross-River,50.00,50
35,3,Abdullahi Miracle Maryam,202550492143HF,09113073724,Cross-River,48.75,49
36,4,Esuabanga Laurel Awatt,202550180060CA,08102638064,Cross-River,42.50,42
37,5,Christopher Ushie Comfort,202551670816DF,07066787499,Cross-River,40.00,40
38,1,Atakuotor Deborah Ogagaogene,202550871086EA,07073978886,Delta,57.50,57
39,2,Isioma Chineye Progress,202550264222GA,08034202531,Delta,57.50,57
40,3,Monday Ebule Deborah,202551528654FF,09125042692,Delta,53.75,54
41,4,Okonye Favour Chinazaekpere,202550646281CF,08073757526,Delta,43.75,44
42,5,Alfred Roselyn,202551130305DA,07071031132,Delta,42.50,42
43,1,Eze Ngozi Joy,202551455785HF,09041439787,Ebonyi,52.50,52
44,2,Igboke Smart Ekenedirichukwu,202550206825FA,07041505797,Ebonyi,51.25,51
45,3,Benjamin Chibuike Emmanuel,202551508391AF,08062194380,Ebonyi,47.50,48
46,4,Eke Favour Mmesoma,202551708231BF,09166262164,Ebonyi,43.75,44
47,5,Uchenna Divine Chiamaka,202551601406FA,09075304326,Ebonyi,41.25,41
48,1,Kingsley Success Obasuyi,202551574577FF,09036619704,Edo,57.50,57
49,2,Mariam Saidu Imonikhe,202551120982JF,08075103508,Edo,48.75,49
50,3,Frank Gift Ojo,202550996293FF,08109164047,Edo,45.00,45
51,4,Friday Eghonghon Rejoice,202550123021CF,09075771848,Edo,42.50,42
52,1,Abiola Omoniyi Oluwaferanmi,202550209563EA,09169633826,Ekiti,65.00,65
53,2,Olarewaju Oluwakemi Alice,202550490679IA,08132375944,Ekiti,57.50,57
54,3,Mary Oluwadamilare Iyanuoluwa,202550148006CF,08078456989,Ekiti,56.25,56
55,1,Ofoele Emmanuel Kingsley,202550334921GA,08152916564,Enugu,63.75,64
56,2,Jennifer Nwabueze Nmmesoma,202550407652GF,08112659112,Enugu,61.25,61
57,3,Dorathy Omeje Chinenyenwa,202550482419FF,09167356958,Enugu,60.00,60
58,4,Somtochukwu Emmanuel Glory,202551510818DA,09022565071,Enugu,58.75,59
59,5,Edechi Esther Chioma,202550343509GA,08107416345,Enugu,57.50,57
60,6,Mmasichukwu Dugwu Matilda,202551030426BA,07015122200,Enugu,57.50,57
61,7,Onuh Emmanuella Tasiamobi,202550481308AF,09134121183,Enugu,53.75,54
62,8,Esther Nsude Chidinma,202551148762IF,09077201318,Enugu,52.50,52
63,9,Eze Chikaodi Faith,202550962912EF,09023146784,Enugu,50.00,50
64,10,Precious Orji Ruth Chekwube,202551306330IA,07078727749,Enugu,46.25,46
65,11,Ani Oluchi Ann,202550406656BA,07033417318,Enugu,42.50,42
66,12,Divine John Chigozirim,202550400853FA,07089281336,Enugu,42.50,42
67,13,Chukwu Ruth Chioma,202550677518CA,09074942827,Enugu,40.00,40
68,14,Blessing Aneke Chidima,202551368569BA,09160353074,Enugu,37.50,38
69,1,Lucky Nuhu Shekwomwalo,202551161956EF,07077697612,FCT-Abuja,50.00,50
70,2,Ismaila Divine Sunday,202550859904JA,09068869210,FCT-Abuja,42.50,42
71,3,Ishaku Salome,202550173431BA,09164735796,FCT-Abuja,38.75,39
72,4,Elijah Danladi,202551243785GF,07073152595,FCT-Abuja,32.50,32
73,1,Triumph Amanze Kelechi,202550218995JF,08066257609,Imo,71.25,71
74,2,Amarachi Obilor Ifeoma,202551911042IF,09162175028,Imo,62.50,62
75,3,Igbosonu Prudence Chiamaka,202551934939BF,09164350355,Imo,62.50,62
76,4,Chijioke Emmanuella Chigozirim,202551129736CF,09037922035,Imo,57.50,57
77,5,Ohaeri George Chinagorom,202551244297HA,08145737500,Imo,53.75,54
78,6,Abel Mirabel Obianujunwa,202550057791EA,09133946846,Imo,52.50,52
79,7,Victoria John Chinecherem,202550755427HA,07087287496,Imo,50.00,50
80,8,Onwuasoanya Sandra Chimerem,202551528824GA,08168320884,Imo,47.50,48
81,9,Ezennaya Amaka Success,202550257538EA,08133583068,Imo,46.25,46
82,10,Onuoha Joy Chinaza,202550866100IA,07066118121,Imo,45.00,45
83,11,Maryjane Eze Onyinyechi,202551891182BF,09039359770,Imo,43.75,44
84,12,Agubosim Angel Otitochukwu,202550983428GF,07042242039,Imo,43.75,44
85,13,Umunnakwe Destiny Nmesoma,202550062618DF,09168835395,Imo,42.50,42
86,14,Ejike Gloria Monica,202550475374DF,08163385568,Imo,35.00,35
87,1,Danjuma Gloria Yemi,202550134849HA,08104732925,Kaduna,61.25,61
88,2,Stephanie David Kyauta,202550517855FA,07082551215,Kaduna,57.50,57
89,3,Sim Obadiah Dodo,202550345953JF,08069924899,Kaduna,51.25,51
90,4,Josephine Joseph,202551798854FA,08127887019,Kaduna,50.00,50
91,5,Bulus Esther Zichat,202551243719BF,08154414891,Kaduna,43.75,44
92,6,Luka Georgiana,202550282820HF,08106125633,Kaduna,38.75,39
93,7,Agatha Ezra,202550513079IF,09050134630,Kaduna,36.25,36
94,1,Ismail Zalihat,202551079720GF,07040785882,Katsina,46.25,46
95,1,Usman Favour Ojonugwa,202551431572BF,08113714284,Kogi,65.00,65
96,2,Bala Suleiman,202550479148HA,08109270429,Kogi,65.00,65
97,3,Audu Enyo Abel,202550767726EA,09048513332,Kogi,60.00,60
98,4,Akubo Mercy Ojone,202550728005JF,07072035684,Kogi,58.75,59
99,5,Muazu Abdulhamid,202551381468CA,08034962294,Kogi,52.50,52
100,6,Sunday Mercy,202551379616GF,08029079527,Kogi,50.00,50
101,7,Hafsat Usman,202550793969CA,09051950553,Kogi,50.00,50
102,8,Lukman Abdulwadud Onimisi,202550132117FA,07069486824,Kogi,48.75,49
103,9,Gomina Testimony Onuche,202550531876FF,09027874897,Kogi,48.75,49
104,10,Obazee Grace Ojochegbe,202550630125FF,08069610922,Kogi,47.50,48
105,11,Confidence Bitrus Adamilo,202550016188AF,08112774841,Kogi,45.00,45
106,12,Aiyemowa Favour,202550397883IA,08129182893,Kogi,45.00,45
107,13,Abdullahi Ramat Enyoojo,202551535177CF,08073967295,Kogi,37.50,38
108,14,Yusuf Rahinat Ojochegbe,202551036579CF,07078815835,Kogi,36.25,36
109,15,Ruth Michael Ojochogwu,202550472939FA,09060419475,Kogi,33.75,34
110,1,Oluwatomilayo Olusegun Joyful,202551644872IA,08079417569,Kwara,62.50,62
111,1,Keren Rikko Johnson,202550625838CA,08148312662,Nassarawa,47.50,48
112,2,Sule Happiness,202551113632IA,08028421432,Nassarawa,36.25,36
113,1,Yohanna Rebecca Auta,202551141386BA,09164293714,Niger,60.00,60
114,2,Friday Laura Jatau,202550742213CA,09014006905,Niger,56.25,56
115,3,Goodson Santali,202550391573JA,09112171037,Niger,52.50,52
116,4,Ayuba Christiana,202550411171EF,09150170636,Niger,40.00,40
117,5,Jerusha Caleb Danbaba,202551832977FF,08161201788,Niger,38.75,39
118,1,Babatunde Abiodun Deborah,202550049173JF,08126685869,Ogun,57.50,57
119,2,Oluwagbemiga Precious Oluwatumininu,202551080382IA,07067270900,Ogun,51.25,51
120,1,Ajoloko Grace Monijesu,202550244252GF,08131020508,Ondo,55.00,55
121,2,Johnson Favour Olamide,202550800641AF,09022541061,Ondo,52.50,52
122,3,Joy Aderotoye Adeola,202550987271EA,07081820189,Ondo,46.25,46
123,1,Babatunde Esther Ajoke,202550430851GF,08062847780,Oyo,66.25,66
124,2,Muniru Islamiyat Nike,202550746371DF,08059232710,Oyo,40.00,40
125,1,Hafsat Umar Gosta,202551320901JA,09069423915,Sokoto,40.00,40
126,1,Zakari Hauwa Usman,202550907262EA,07072262687,Yobe,60.00,60
127,2,Aishat Buba Fatima,202550775953EA,07025658565,Yobe,42.50,42
