S/N,STATE_SN,FULL NAME,APPLICATION ID,PHONE NUMBER,STATE,Score/100.00,Score/100
1,1,Prince Bright Chikadibia,202551589232CF,07041097926,Abia,68.75,69
2,2,Nwaka Elizabeth Olunwa,202550056790BA,09033131442,Abia,55.00,55
3,3,Stanley Princess Onyinyechi,202550063985EA,09164916263,Abia,47.50,48
4,4,Ijioma Chisom Anastasia,202551725884AF,08168462536,Abia,41.25,41
5,5,Ogueji Miracle Opuruiche,202551901763CF,08033493004,Abia,41.25,41
6,6,Emmanuel Ikegwu Chibuike,202550094749CF,08121398042,Abia,40.00,40
7,1,Simon Pirenveso Anderson,202550388392DF,09133505474,Adamawa,75.00,75
8,2,Nathan Joy,202550584695GA,09112475373,Adamawa,36.25,36
9,1,Godswill Francis Okon,202551229546BA,07010793386,Akwa-Ibom,46.25,46
10,2,Harrison Glory,202550878547HA,08162509801,Akwa-Ibom,40.00,40
11,3,Ernest Esther Edem,202551569219FF,08061156856,Akwa-Ibom,36.25,36
12,4,Bassey Gift Edet,202550701127GA,08123389800,Akwa-Ibom,33.75,34
13,1,Azubuine Emmanuel Chinedu,202552028849FA,09077054863,Anambra,56.25,56
14,2,Evelyn Obiora Chinenyenwa,202550717602FA,08165603091,Anambra,52.50,52
15,3,Bennett Thankgod Ifunanyachukwu,202550539992EA,08149465655,Anambra,50.00,50
16,4,Dickson Princess Joanna,202551369958JF,09129816605,Anambra,47.50,48
17,5,Rita Onyechi Nkiruka,202550716510JF,07025403160,Anambra,46.25,46
18,6,Ubah Glory Ebube,202551081259GF,09076906784,Anambra,45.00,45
19,7,Ikechukwu Nkechinyere Covenant,202550463725EF,09165352537,Anambra,43.75,44
20,8,Happiness Mmadu Ekpereamaka,202550558456GA,09160739588,Anambra,41.25,41
21,1,Sapele Ufuoma Margaret,202550295926JF,08130776719,Bayelsa,50.00,50
22,1,Jennifer Ameh Onyema,202550767463CF,09035514724,Benue,51.25,51
23,2,Awua Iveren Blessing,202550520160CA,09079319928,Benue,51.25,51
24,3,Oyima Agada Deborah,202550905631CF,09162405641,Benue,47.50,48
25,4,Dominic Best Kumashe,202550165719JF,08164293728,Benue,46.25,46
26,5,Jeremiah Joy Isenyo,202551132327IF,09046057547,Benue,46.25,46
27,6,Jenneth Abah,202551885830IA,09018069263,Benue,46.25,46
28,7,Precious Egboja Adiya,202551162368HF,09017854209,Benue,42.50,42
29,8,Joy Samuel Ochojema,202550358427EF,09015264220,Benue,42.50,42
30,9,Ekere Margaret Ochanya,202551678375FA,09160590947,Benue,38.75,39
31,10,Israel Favour Ochanya,202551649174EA,08032233573,Benue,31.25,31
32,11,Msuur Emmanuel Blessing,202550789828BF,07012921029,Benue,30.00,30
33,1,Hyilzira Jibrin Khadijat,202550996322AF,09073876090,Borno,45.00,45
34,1,Faith Onah Ukun,202551699387GA,08117053154,Cross-River,45.00,45
35,2,Ochim Joy Kayamulum,202551830489FA,09017657001,Cross-River,43.75,44
36,1,Rejoice Uche Chukwudumebi,202550784114IF,08065038380,Delta,55.00,55
37,2,Rejoice Kingsley Somkelechukwu,202550993795AF,09165473487,Delta,50.00,50
38,3,Ndukanma Marvelousfavour Ihechukwu,202550145327CF,09071387007,Delta,46.25,46
39,4,Chimamanda Ikediaka Purity,202551794886DF,09129693508,Delta,46.25,46
40,5,Ewoma Jombo,202550085288CA,08158176587,Delta,37.50,38
41,1,Chinahum Acha Oko,202550033179HF,08112286178,Ebonyi,57.50,57
42,2,Godwin Chisom Joan,202551363520IA,09067500252,Ebonyi,51.25,51
43,3,Ngwuta Gift Mmesoma,202551984726HF,09112122192,Ebonyi,51.25,51
44,4,Esther Kaduru Chioma,202550900707EA,09064011858,Ebonyi,36.25,36
45,5,Samuel Esther Oyinyechi,202550456328HF,09114627674,Ebonyi,36.25,36
46,6,Esther Peter Chidera,202550633018DA,09044788889,Ebonyi,31.25,31
47,1,Osarugue Oni,202550594662AF,07073042356,Edo,56.25,56
48,2,Sarah Ben-Anuge Omoefe,202550616112BA,07045498764,Edo,51.25,51
49,3,Precious Longe Orinami,202551920119BF,09135320803,Edo,45.00,45
50,4,Bardi Franca Ndidiamaka,202551218542CF,07049124796,Edo,41.25,41
51,5,Thelma Eragbe Ikpeminogena,202551642125EA,08153689695,Edo,40.00,40
52,6,Anthony Victoria Oteameasor,202550149058IF,07034181408,Edo,37.50,38
53,7,Samuel Miracle Omokhebge,202550550496FF,07015249069,Edo,32.50,32
54,8,Bilikisu Mustapha Igboideomo,202550988065GA,07044268319,Edo,28.75,29
55,9,Zainab Asemokhai Itsemhekhona,202550663504HF,08057262862,Edo,27.50,28
56,10,Ogie Abigail,202550608057AF,08121709894,Edo,26.25,26
57,1,Akinwumi Praise Anuoluwapo,202550021254EA,07055807689,Ekiti,48.75,49
58,2,Favour Idowu Oluwatosin,202550047727BA,09017909925,Ekiti,48.75,49
59,1,Ezeorah Stephen Chidiogo,202550457030IA,08133267497,Enugu,66.25,66
60,2,Ugwu Blessing,202551180253EF,08100413597,Enugu,55.00,55
61,3,Obasi Victor Chima,202551807755AF,09156408171,Enugu,48.75,49
62,4,Martha Ugwoke Nmesoma,202550127033BA,07032442356,Enugu,47.50,48
63,5,Favour Chikwado Mmasichukwu,202550066001DA,09040272563,Enugu,46.25,46
64,6,Godfirst Chidiebere Chibuzor,202550295558DF,08162198841,Enugu,45.00,45
65,7,Emeuwanike Chiamaka Benedicta,202551008777FA,07089607050,Enugu,45.00,45
66,8,Joseph Favour Odigomma,202551406919GF,08138663342,Enugu,40.00,40
67,9,Aluanya Kelechukwu Emmanuel,202551830377EA,08164989973,Enugu,37.50,38
68,10,Favour Ikechukwu Onyinyechi,202550490223IA,08112960414,Enugu,36.25,36
69,11,Obasi Naomi Chinaza,202550626787CF,08148602553,Enugu,27.50,28
70,12,Chinyere Attama Favour,202551115801GF,09163236962,Enugu,27.50,28
71,13,Boniface Blessing Ene,202550329538JA,08101140599,Enugu,26.25,26
72,1,Dauda Jennifer Yemi,202551524498DA,08148704564,FCT-Abuja,48.75,49
73,2,Eunice Paul Ojotule,202550086447CA,08142750016,FCT-Abuja,47.50,48
74,3,John Gbagba Samuel,202551176857CA,07064685798,FCT-Abuja,41.25,41
75,4,Solomon Shekwogaza Gift,202550851540BF,08063489191,FCT-Abuja,41.25,41
76,1,Job Jael James,202551893141AF,08169090090,Gombe,37.50,38
77,1,Okoli Jacinta,202551924110BA,09137052094,Imo,50.00,50
78,2,Chidiebube Okpara Divine,202551914402AF,08022968103,Imo,47.50,48
79,3,Chukwuemeka Nzubechi Divine,202551195320EF,09152159036,Imo,40.00,40
80,4,Rosemary Ohale Chiwendu,202550528699HF,08115572390,Imo,28.75,29
81,5,Judith Anyanwu Chizaramekpere,202550538702DA,09169858371,Imo,26.25,26
82,1,Hope Benjamin,202550694532HA,09011352407,Kaduna,47.50,48
83,2,Queen James Peter,202551277210EF,08148222778,Kaduna,46.25,46
84,3,Favour Danladi,202550768634GA,07011360641,Kaduna,43.75,44
85,4,Joel Simon Nyam,202550062590IA,09078844713,Kaduna,41.25,41
86,5,Martina Aboi Yaalyen,202550400998IF,08104884466,Kaduna,41.25,41
87,6,Daniel James,202551597292AF,08024168248,Kaduna,38.75,39
88,7,Mercy Darius,202550237928FA,08114662753,Kaduna,31.25,31
89,8,Jesse David,202550239876JF,08136022063,Kaduna,31.25,31
90,9,Ezekiel Rejoice,202550531362GA,09073963136,Kaduna,28.75,29
91,1,Zakari Unekwuojo Esther,202551382154BA,09033577274,Kogi,58.75,59
92,2,Idogbe Goodness Olohi,202550573679EA,08057820353,Kogi,56.25,56
93,3,Obaje Grace Unekwu-Ojo,202551221277DA,09139029720,Kogi,53.75,54
94,4,Imoh Sylvia Wandama,202551791947AF,09050749636,Kogi,48.75,49
95,5,Divine Joseph,202551364866JF,09073082941,Kogi,43.75,44
96,6,Abigail Otene Uredo-Ojo,202551067272IA,09137695295,Kogi,42.50,42
97,7,Abdulmumuni Shekinah Glory,202551212909HA,08077486459,Kogi,40.00,40
98,8,Peter Joseph,202550872397EA,09167222641,Kogi,37.50,38
99,9,Deborah Abraham Ojochogwu,202550676975HF,09132027238,Kogi,37.50,38
100,10,Isah Nabeela Onize,202551425168CA,07065702090,Kogi,27.50,28
101,1,Abdulmumini Rahanat Opeyemi,202551205837JA,08139483145,Kwara,46.25,46
102,2,Rahmat Kawunda Muhammad,202550342444GF,08055738817,Kwara,45.00,45
103,3,Olarewaju Damilola,202550005009EA,08103494199,Kwara,45.00,45
104,4,Favour Bolaji Elizabeth,202551304759FA,09114307359,Kwara,43.75,44
105,5,Jacob Precious Olayinka,202550532799JF,08134199285,Kwara,42.50,42
106,1,Olayimika Olalubi Esther,202550695078JF,09119133180,Lagos,45.00,45
107,1,Shekwoshawye Rejoice,202550692671GF,07039904696,Nassarawa,50.00,50
108,1,Sumaiyya Yahaya,202550634853HA,08052800498,Niger,55.00,55
109,2,Doris Amos,202551889787FF,09054300939,Niger,41.25,41
110,3,Gajere Blessing Tobodayi,202550412767EF,08118729174,Niger,38.75,39
111,4,Idris Rahmat Mumbu,202551411607JA,07063057930,Niger,32.50,32
112,5,Mohammed Sadika,202550165312EA,09028814299,Niger,27.50,28
113,1,Blessing Oni Omobolanle,202551621975JA,09158667267,Ogun,58.75,59
114,2,Winner Kuseju Olubori,202550192768DF,08147193846,Ogun,45.00,45
115,1,Clementina Alimi Oyinkansola,202551721658EF,08131577574,Ondo,42.50,42
116,2,Omowunmi Ojo,202550219934FF,08081633044,Ondo,35.00,35
117,3,Joshua Favour Opeyemi,202551809291CA,07073321971,Ondo,32.50,32
118,1,Susan Adebayo Tirenioluwa,202550419159AF,09165851931,Osun,45.00,45
119,2,Opemo Deborah Chiamaka,202550434014CA,09049191739,Osun,38.75,39
120,1,Toluwanimi Bamgbose Margret,202551694460JA,09132452977,Oyo,51.25,51
121,2,Abel Eunice Tobanimi,202551689360DF,07047891277,Oyo,50.00,50
122,3,Ismail Aaliyah Oluwafeyisarami,202551767628JF,09075295338,Oyo,38.75,39
123,4,Oluwatosin Joseph Etim,202551191797IF,08104037606,Oyo,35.00,35
124,1,Yerima Solace David,202550748605HF,07012735106,Plateau,46.25,46
125,2,Nanven Nimbyen Precious,202551059752GA,07064654257,Plateau,38.75,39
126,3,Ellen Abukus Iliya,202551239108IA,09036849895,Plateau,36.25,36
127,4,Yerima Sarah Danlami,202550771235HA,09018547513,Plateau,35.00,35
