S/N,STATE_SN,FULL NAME,APPLICATION ID,PHONE NUMBER,STATE,Score/100.00,Score/100
1,1,Torty Blessing Chidera,202551666215FA,09161450523,Abia,62.50,62
2,2,Oguama Favour Josephine,202550133800JA,08130793709,Abia,45.00,45
3,3,Norbert Precious Chika,202551529808IA,07046118814,Abia,40.00,40
4,4,Njoku Favour,202551000550FA,09138581783,Abia,28.75,29
5,5,Uhegwu Akachi Glory,202551381259CA,08138961115,Abia,18.75,19
6,1,John Timdori Esther,202551764943DA,09024786274,Adamawa,48.75,49
7,2,Ferdinand Felix,202550273305FF,09123845583,Adamawa,48.75,49
8,3,Meshi Emmanuel Usoko,202550073198FA,09131646031,Adamawa,37.50,38
9,4,Fatima Ahmad Hamisu,202551692855EA,08164459151,Adamawa,35.00,35
10,5,Hyelladati Samuel Jessu,202550614145GA,09043557244,Adamawa,32.50,32
11,1,Destiny Essien Patrick,202550710273CF,08067571827,Akwa-Ibom,47.50,48
12,2,Okorie Mary Ifeoma,202551613587EA,08146004614,Akwa-Ibom,43.75,44
13,3,God'Spower Obong Princewill,202551659077CA,09125609357,Akwa-Ibom,41.25,41
14,1,Obodoechi Success Isioma,202550078243JF,09017547259,Anambra,48.75,49
15,2,Uchendu Mmasichukwu Favour,202550859042DA,07079971787,Anambra,41.25,41
16,3,Okoye Victoria Amarachi,202551015058JA,08067681045,Anambra,36.25,36
17,4,Onugha Ifeoma Princess,202550325206JA,08025632583,Anambra,36.25,36
18,5,Ezembamalu Favour Oluebubechukwu,202550946951FA,09168643219,Anambra,33.75,34
19,6,Chioma Boniface Gift,202551052782EF,08139399611,Anambra,32.50,32
20,1,Marvellous Luka Tamida,202551227670IA,08147424919,Bauchi,31.25,31
21,1,Ngbede Emmanuel Alechenu,202550963171IA,09079872056,Benue,61.25,61
22,2,Princess Oli Veronica,202551578118CA,07071159441,Benue,58.75,59
23,3,Peter Eneyi Favour,202551459216CA,07032879125,Benue,55.00,55
24,4,David Sunday Oigocho,202550768151AF,09117331014,Benue,46.25,46
25,5,Sunday Justina Enenu,202551651364BF,08083446557,Benue,46.25,46
26,6,Gloria Ogoda Umumelina,202550406660IF,09077921800,Benue,43.75,44
27,7,God'Swill Haav Sunday,202550001773HA,09064775180,Benue,43.75,44
28,8,Josephine Aveve Doowuese,202550889062DA,09071736433,Benue,41.25,41
29,9,Ogabor Vanessa Igbe,202550445462GF,08144763276,Benue,40.00,40
30,10,Emmanuella Emmanuel Ameh,202550070250GF,09032700703,Benue,40.00,40
31,11,Michael Ladi Ehi,202550994799CA,07053675117,Benue,35.00,35
32,12,Emaikwu Grace Oyine,202550552588EF,08145167209,Benue,23.75,24
33,1,Paul Lydia,202551905165CA,07062487252,Borno,52.50,52
34,1,Akomaye Florence Unyongfam,202550416983FF,07068139003,Cross-River,50.00,50
35,2,Rosemary Odey Ogbene,202550222631GA,09152515229,Cross-River,47.50,48
36,3,Egwuetta Konanghai Mbui,202551189105FF,07046201636,Cross-River,43.75,44
37,4,Odey Monica Owogonye,202550825033CF,08104609118,Cross-River,41.25,41
38,5,Agbor Sally Imoke,202550670530JF,09064453258,Cross-River,35.00,35
39,6,Onahobe Comfort Iyowo,202551942063CA,08148418114,Cross-River,32.50,32
40,1,Igwe Precious Victoria,202550733796CA,09168040166,Delta,55.00,55
41,2,Helen Egwenu Chinye,202551417804HF,08161556447,Delta,52.50,52
42,1,Emmanuella Omiko Amarachukwu,202551539530BF,08036595149,Ebonyi,55.00,55
43,2,Favour Okafor Ijeoma,202550753250DA,09129895185,Ebonyi,40.00,40
44,3,Ewa Amarachi Daniella,202550777880JF,09030463985,Ebonyi,31.25,31
45,1,Favour Ajayi,202551558530BF,07032387379,Edo,51.25,51
46,2,Fortune Evbota,202550911220BA,09044025912,Edo,45.00,45
47,3,Albert Vanessa E C,202550524723AF,09077453174,Edo,43.75,44
48,4,Ufademe Friday Miracle,202550861012GA,08057418180,Edo,42.50,42
49,5,Omoamila Perfect Omonegho,202550794185IA,09021540668,Edo,40.00,40
50,6,Iseghehi Hope Mercy,202551156389EF,09031184664,Edo,33.75,34
51,1,Owoeye Treasure Adesewa,202550048004FA,09038413318,Ekiti,37.50,38
52,1,Promise Udeh Ndidiamaka,202550484044AF,09138062045,Enugu,63.75,64
53,2,Yitzqaq Nwokolo Sussan Onyinye,202551097663DA,09031443479,Enugu,62.50,62
54,3,Patience Agidi Chidimma,202550610110JF,07037969355,Enugu,56.25,56
55,4,Vincent Chibuike Godswill,202551212569GA,09124817004,Enugu,56.25,56
56,5,Ezeugwu Amarachi Grace,202550574552EF,09135411268,Enugu,52.50,52
57,6,Agu Divine Akachukwu,202551694194JA,09061507275,Enugu,51.25,51
58,7,Anikwe Chisom Genevieve,202551448674AF,08120695924,Enugu,50.00,50
59,8,Eze Favour Chioma,202550604529HA,09125046045,Enugu,43.75,44
60,9,Modestus Ikechukwu Chukwuemela,202551224274FF,09035106692,Enugu,42.50,42
61,10,Nwaoye Ngozi Joy,202550526082FA,09048855127,Enugu,38.75,39
62,11,James Chioma Christiana,202550082296GF,07030886835,Enugu,28.75,29
63,1,Dauda Hope,202551122193CF,07045177930,FCT-Abuja,41.25,41
64,2,Maryam Alhassan Adamu,202550631971EA,08108601339,FCT-Abuja,38.75,39
65,3,Sherifat Salihu,202550036347AF,09162081842,FCT-Abuja,35.00,35
66,4,Simon Musa,202551099108CF,07088823552,FCT-Abuja,35.00,35
67,5,Wisdom Shekwolo,202551664359CA,08108703776,FCT-Abuja,32.50,32
68,1,Mary Yusuf Kwamake,202550301723IF,07019488240,Gombe,20.00,20
69,1,Onumezie Chidinma Doris,202551657468IF,07012537420,Imo,52.50,52
70,2,Divine Nwachukwu-Charles Chimnecherem,202550784898GA,08149352777,Imo,48.75,49
71,3,Nwaiwu Esther Mmesoma Adaeze,202551711865IF,07064379323,Imo,45.00,45
72,4,Chidera Anyikwa Rita,202550441106JA,08112480047,Imo,41.25,41
73,5,Chiamaka Ogbonna Emmanuella,202550575117HA,07031150685,Imo,40.00,40
74,6,Precious Oguzie Ogochukwu,202551644710DF,07061188778,Imo,36.25,36
75,7,Kelechi Onyebuenyi Divine,202551987535JA,07063537310,Imo,31.25,31
76,1,Usman Joy Bitrus,202551261669EA,09011804336,Kaduna,48.75,49
77,2,Mary John,202550785306BF,08142982708,Kaduna,43.75,44
78,3,Sanusi Mamman Alimi,202550548729FF,08075235568,Kaduna,40.00,40
79,4,Kuyet Francis Michelle,202551763729CA,09164175818,Kaduna,35.00,35
80,1,Ibrahim Zahra'U Fatima,202551705185EF,08026046466,Kano,42.50,42
81,1,Shehu Zakiyya Kabir,202550990362HA,08107490811,Katsina,31.25,31
82,1,Umar Sakinah Ihsan,202550121778GF,08033628555,Kebbi,38.75,39
83,1,Ibrahim Nanahawa Ahuoyiza,202551070012GA,09131812993,Kogi,57.50,57
84,2,Favour Attah Achekinyo,202550846334BF,09018482185,Kogi,56.25,56
85,3,Victory John Ahuoiza,202550763417CA,09042617508,Kogi,46.25,46
86,4,Nafisat Danjuma Eleojo,202550713914GA,08139076598,Kogi,45.00,45
87,5,Radiya Ishaq Abdullahi,202550592198HA,09030753360,Kogi,43.75,44
88,6,Jibo Fatima Eleojo,202551925124HA,07067669754,Kogi,41.25,41
89,7,Abdullahi Idowu Miracle,202550913973CA,08160360829,Kogi,40.00,40
90,8,Sheriff Rabiyat,202551683270IF,08167832132,Kogi,40.00,40
91,9,Siyaka Fatima Ozavize,202551004516HF,09158824149,Kogi,38.75,39
92,10,Nafisat Adam Muhammed,202550808352CA,08020947860,Kogi,35.00,35
93,11,Ajibola Tioluwani Roseline,202550757078IA,09075291192,Kogi,31.25,31
94,12,Kingsley Ekele Ojonugwa,202550722031EA,07043272893,Kogi,31.25,31
95,1,Ismail Ummukulthum,202551217035FF,07041159954,Kwara,66.25,66
96,2,Abdulraheem Sulihat Abimbola,202551178618FA,08166429840,Kwara,35.00,35
97,3,Abiodun Sheu Fausiyat,202551409726JA,09065376671,Kwara,30.00,30
98,4,Habibatullah Mansur Ayinke,202550518252GA,09169319985,Kwara,25.00,25
99,1,Bakare Eniola Ruth,202551516115FA,08122818574,Lagos,66.25,66
100,1,Joseph Mercy Mainasara,202550668517JA,08067389008,Nassarawa,51.25,51
101,2,Favour Peter Eyenu,202550442282AF,09065509545,Nassarawa,46.25,46
102,3,Amos Victory Oyale,202551646876DF,09030954302,Nassarawa,40.00,40
103,4,Usman Rahmat,202551431208DA,08036916215,Nassarawa,35.00,35
104,5,Maimuna Umar Abdullahi,202550737791JA,08033643244,Nassarawa,30.00,30
105,6,Mariam Mohammed Kafa,202550570854BA,09034802144,Nassarawa,28.75,29
106,1,Muhammad Salamatu Madalla,202551076579JF,08123177918,Niger,35.00,35
107,1,Olawoyin Farouq Olamide,202550182090DF,09079227710,Ogun,40.00,40
108,1,Omowumi Ajileye Temitayo,202550726161AF,08144654586,Ondo,43.75,44
109,2,Blessing Sulaiman Sefunmi,202550059363GF,09039692895,Ondo,36.25,36
110,3,Alademomi Beatrice Mojisola,202551706708DA,07012922529,Ondo,36.25,36
111,4,Oluwatoyin Racheal,202551241012GA,08146970013,Ondo,23.75,24
112,1,Kikelomo Iyanda Bidemi,202551124381BA,08067988825,Osun,56.25,56
113,2,Adeoye Princess Bosede,202550683004EF,07049596400,Osun,50.00,50
114,3,Suliyat Abdul-Yekeen Abidemi,202551712444EA,07042613762,Osun,46.25,46
115,4,Tahiru Barakat Opeyemi,202550972333GA,08163343763,Osun,43.75,44
116,5,Boluwatife Ayodele Mary,202550348843IF,08127942195,Osun,41.25,41
117,6,Kamorudeen Haliyat Ayomide,202551294663IF,09064592903,Osun,36.25,36
118,7,Favour Taiwo Mariam,202550397153CF,09017531067,Osun,31.25,31
119,1,Na'Ana Abdulrahaman Hauwa,202551268410GA,09061718951,Oyo,41.25,41
120,2,Oluwaseyi Oladele Rebecca,202550092714DF,09157465498,Oyo,35.00,35
121,3,Ogunmola Kehinde Iyanuoluwa,202551231706EA,08062256991,Oyo,35.00,35
122,1,Philip Nissi,202550141737CA,09118037818,Plateau,51.25,51
123,2,Lafuk Anna,202551658613GA,08121447501,Plateau,47.50,48
124,3,Aliyu Christopher Manbyen,202550551382JA,07042834005,Plateau,42.50,42
125,4,Veirat Stephen Favour,202550930761GA,09079455899,Plateau,32.50,32
126,5,Yakubu Christiana,202550618368DF,08060366312,Plateau,28.75,29
127,6,Kefas Daniel Danjuma,202550002439GF,09161392168,Plateau,25.00,25
128,1,Rejoice Danladi,202550181627HA,09039556894,Taraba,42.50,42
