S/N,STATE_SN,FULL NAME,APPLICATION ID,PHONE NUMBER,STATE,Score/100.00,Score/100
1,1,Success Akwarandu Uju,202550203303IF,09131728929,Abia,73.75,74
2,2,Divine-Princess Njimogu Amarachi,202551249774EF,07042702202,Abia,43.75,44
3,3,Moses Chijioke Chiedewoya,202550620060DA,09069103086,Abia,35.00,35
4,4,Chioma Okeke Goodness,202550510993GF,07064388320,Abia,32.50,32
5,5,Favour Ahukanna Nmesoma,202551701750CF,08167182185,Abia,28.75,29
6,1,Abigail Abia Unwana,202550434453BA,09135752291,Akwa-Ibom,55.00,55
7,2,Peace Akpan Victor,202550695741BA,09022869129,Akwa-Ibom,37.50,38
8,3,Margraet Godstime Udoh,202551047963BA,08073731047,Akwa-Ibom,32.50,32
9,1,Jane Obichukwu Chinenye,202551690356JA,08126684552,Anambra,57.50,57
10,2,Chisom Okoye Faith,202550397492EA,09039483644,Anambra,46.25,46
11,3,Blessing Michael Uchechukwu,202551324389DF,08160262057,Anambra,41.25,41
12,4,Oluebube Obiejemba Blessing,202551477030GA,07066532424,Anambra,35.00,35
13,5,Jessica Okwudili Chidera,202550318416DA,07063115364,Anambra,30.00,30
14,6,Onyinyechi Nwosu Precious,202550565997HA,08064396062,Anambra,26.25,26
15,1,Moses Abafaras,202550031649DA,07014133031,Bauchi,47.50,48
16,1,Grace Emmanuel,202551375788BF,08149770262,Benue,57.50,57
17,2,Rachel Joseph,202550031639IA,09039245490,Benue,55.00,55
18,3,Sydney James Achanya,202550994970CA,07086840957,Benue,51.25,51
19,4,Abaver Chian Emmanuella,202551149167FF,08121809928,Benue,46.25,46
20,5,Grace Mathias Ene,202550413624DF,08145016810,Benue,46.25,46
21,6,Deborah Ogidi Ehi,202551199182CA,09121286122,Benue,43.75,44
22,7,Winner Peter Omojo,202550755611AF,07067991994,Benue,42.50,42
23,8,Elizabeth Ogbobu,202551124336EF,09069413353,Benue,42.50,42
24,9,Daniella Daniel Oyiwodu,202550072263HA,07068824666,Benue,40.00,40
25,10,Juliet Okpe Ochanya,202550928903EA,08104196802,Benue,40.00,40
26,11,Divine Odoh Johobe,202550840597BA,08101369865,Benue,38.75,39
27,12,Halima Ismail Sadiyaa Oyiza,202550708315DA,08033109015,Benue,38.75,39
28,13,Semem Ityumugh Anita,202550655991CA,08128489474,Benue,30.00,30
29,14,Wandoo Tachia Jessica,202550570061IA,09034531556,Benue,27.50,28
30,15,Rosemary Ibrahim,202550412072AF,09063724600,Benue,25.00,25
31,16,Michelle Matthew Ene,202551720503CF,08065647775,Benue,22.50,22
32,1,Godwin Abutunghe Achikpi,202551035347BA,07049647594,Cross-River,52.50,52
33,2,Esther Usani Robinson,202551080572IA,09068015004,Cross-River,46.25,46
34,3,Prince Ngboko Michael,202551057979JA,09051058157,Cross-River,41.25,41
35,4,Noah Alegwu Elemi,202551234895FF,09166674503,Cross-River,41.25,41
36,5,Deborah Idiege Akpana,202551606588HF,09125171065,Cross-River,41.25,41
37,6,Gift Edet,202550104542IA,09132594590,Cross-River,27.50,28
38,1,Courage Adigheji Ereremena,202551458960GF,09038002626,Delta,51.25,51
39,2,Joy Kenedinum,202551630647FA,09066794670,Delta,48.75,49
40,3,Anita Festus Ebube,202550782177IA,08135600970,Delta,45.00,45
41,4,Ivah Donatus Chioma,202550460852GF,08065957487,Delta,43.75,44
42,5,Blessing Isaac Eboka,202551530104CF,08127394430,Delta,42.50,42
43,6,Erhuvwu Akpokona Beauty,202551468957FA,08034553493,Delta,32.50,32
44,7,Gesi-Ere Etolor,202551733285FA,08084957993,Delta,20.00,20
45,1,Glory Andrew Nwibo,202550211731DA,09129226377,Ebonyi,43.75,44
46,2,Loveth Stephen Ebube,202551177546JA,07016153045,Ebonyi,30.00,30
47,3,Chinwendu Okoroafor Stella,202550199313IF,08141591502,Ebonyi,30.00,30
48,1,Emmanuella Ishidah Ebube,202551846806HA,09073345962,Edo,51.25,51
49,2,Esther Osakioya Itohan,202550055228DA,09061432396,Edo,50.00,50
50,3,Victoria Odion Ozodeme,202551844878CA,08069333774,Edo,47.50,48
51,4,Faiza Momodu Elizabeth,202550960240BA,08070957715,Edo,40.00,40
52,5,Precious Godspower,202551185952FA,09137243016,Edo,35.00,35
53,6,Traceca Uzebu Omozele,202550387929HA,07076801341,Edo,35.00,35
54,7,Faith Agbonoarue Odufah,202550497753FA,09127596523,Edo,30.00,30
55,1,Blessing Adeojo Oluwayemi,202551873096AF,09043787142,Ekiti,42.50,42
56,1,Emelda Ossai Chinecherem,202551711690BA,09035526733,Enugu,50.00,50
57,2,Ujunwa Onyia Annabel,202550138869BF,09047477361,Enugu,48.75,49
58,3,Blessing Eke Amarachukwu,202551223206HF,08167198371,Enugu,46.25,46
59,4,Cecilia Ugwuanyi Ngozi,202550874806GA,08022402785,Enugu,38.75,39
60,5,Destiny Okolo Chidinma,202550419160JF,08160180314,Enugu,36.25,36
61,6,Vera Onyeke Nnenna,202550701023BA,08086453832,Enugu,33.75,34
62,7,Chiemerie Agah Precious,202550101576JA,08106264342,Enugu,33.75,34
63,8,Chinasa Jeremiah Salome,202550819162CF,08067090249,Enugu,32.50,32
64,9,Jennifer Okonkwo Chiamaka,202550846448BF,09124209101,Enugu,30.00,30
65,10,Benedicta Emmanuel Tochi,202550567634FF,08167396981,Enugu,27.50,28
66,1,Rahina Abdullahi Garba,202550066911EA,07043288952,FCT-Abuja,51.25,51
67,2,Maryam Yakubu Sani,202550557497BA,09012816668,FCT-Abuja,48.75,49
68,3,Habiba Umar Shehu,202550555310CA,07083409588,FCT-Abuja,37.50,38
69,4,Rukaiya Jibrin Saidu,202551874974CA,09060590825,FCT-Abuja,36.25,36
70,5,Salihu Shehu,202550450644JA,09034280227,FCT-Abuja,25.00,25
71,1,Olivia Obiozor Amaka,202550554014EA,08103778262,Imo,62.50,62
72,2,Chidiebube Chukwuemeka Precious,202550107018FA,09032056378,Imo,60.00,60
73,3,Benedicta Okwaraku Ngozichukwu,202550109726JF,07052740223,Imo,57.50,57
74,4,Peace Echibeh Somtochukwu,202551814191DA,09066287492,Imo,46.25,46
75,5,Olivia Ernest Onyinyechi,202551509300CA,07086014677,Imo,42.50,42
76,6,Wisdon Obiakor Amuche,202550788665DF,08141820191,Imo,42.50,42
77,7,Amanda Opara Chinagorom,202551545946EF,08087067403,Imo,40.00,40
78,8,Chinemerem Ogbonna Gift,202551134320JF,08149210080,Imo,40.00,40
79,9,Miracle Chibuike Nzubechi,202550321610CA,09069351178,Imo,33.75,34
80,10,Priscilla Onyebuenyi,202551330449EA,09021523717,Imo,32.50,32
81,11,Ifeoma Oguala Mercy,202551667456CA,09017845709,Imo,25.00,25
82,1,Asiya Yahaya,202550988108DF,09123843178,Kaduna,38.75,39
83,2,Favour Moses,202550134629DA,09112134512,Kaduna,37.50,38
84,3,Meria Karickson Emmanuel,202550484482JF,09016937503,Kaduna,26.25,26
85,1,Joy Okih Eleojo,202550502794CA,07085740619,Kogi,62.50,62
86,2,Bernard Achem Enyo-Ojo,202552009596IA,08131192146,Kogi,61.25,61
87,3,Glory Olorunfemi Charity,202550433941AF,08141542028,Kogi,48.75,49
88,4,Temitope Oliver Aminat,202550140014IF,09034770730,Kogi,48.75,49
89,5,Catherine Onesimus Ojoma,202551296660HF,07072106560,Kogi,45.00,45
90,6,Amina Abdullahi,202550564824EF,09014347206,Kogi,43.75,44
91,7,Mathew Daniel Omehiza,202550946897DF,08134392848,Kogi,41.25,41
92,8,Sabdat Ibrahim Onize,202550275069HA,09132823876,Kogi,40.00,40
93,9,Juliet Ajayi Ajoke,202551435250FF,08027219689,Kogi,37.50,38
94,10,Angel Omede,202550441191EF,09154486902,Kogi,37.50,38
95,11,Fatima Ishaq,202551381364GF,08065422304,Kogi,37.50,38
96,12,Aminat Saba Teni,202550013354CA,09060995973,Kogi,36.25,36
97,13,Faridat Kashim Adesewa,202551887148EF,09021155501,Kogi,36.25,36
98,14,Samuel Abah Onuche,202550076803HF,09023208752,Kogi,31.25,31
99,15,Hafsat Saidu,202551769963BA,09069242454,Kogi,31.25,31
100,16,Usenah Isah,202551860269BF,07057097261,Kogi,27.50,28
101,1,Kehinde Adebayo Daniella,202550907306BA,09021853557,Kwara,46.25,46
102,2,Maryam Lukman Umulkhair,202551383201JF,08101942737,Kwara,35.00,35
103,3,Aminat Sulaiman Oluwaseunara,202550081155HA,08025536738,Kwara,28.75,29
104,1,Elizabeth Aikhoje Onosen,202550385393CA,08038245968,Lagos,51.25,51
105,2,Marvellous Folikpo Mawenna,202551083069EA,08109966250,Lagos,43.75,44
106,1,Salome Stephen Daniel,202550110027BF,08059152528,Nassarawa,43.75,44
107,2,Amina Hashimu,202550374299BA,09137755423,Nassarawa,42.50,42
108,3,Joy Ashim Awazi,202551580282DA,09162840272,Nassarawa,36.25,36
109,4,Mariya Adeck,202550042692BA,08148227260,Nassarawa,33.75,34
110,1,Olamide Aroloye Favour,202550609242GF,09025351059,Ondo,56.25,56
111,2,Oreoluwa Olubayode Chinonso,202550154077HA,08058498375,Ondo,48.75,49
112,3,Abosede Ogundeji Mary,202551056648JF,07043996436,Ondo,41.25,41
113,1,Ayomide Folorunsho Hannah,202550408650BF,08161418573,Osun,47.50,48
114,2,Omotola Adeoti Esther,202550682935BA,08131207290,Osun,45.00,45
115,3,Precious Komolafe Deborah,202550077215BA,09168875037,Osun,43.75,44
116,4,Mariam Opeyemi Asake,202551234539DA,09028557659,Osun,36.25,36
117,5,Maryam Saberedowo Ayomide,202550794239JF,08122997496,Osun,36.25,36
118,6,Latifat Falola Opeyemi,202551488561HA,07030214802,Osun,31.25,31
119,7,Mary Adedeji Oluwakemi,202550799252BF,08022368850,Osun,30.00,30
120,1,Rachael Joshua Olamide,202551593401IA,09045228001,Oyo,37.50,38
121,2,Aisha Bello Omoshalewa,202550742602HA,08023406195,Oyo,35.00,35
122,3,Barakat Adeleke Adedoyin,202550967374GA,07070954095,Oyo,31.25,31
123,4,Maryam Nurudeen,202550948274IF,09032057314,Oyo,30.00,30
124,1,Mary Gambo Barashe,202551928106HF,08145086163,Plateau,52.50,52
125,1,Awajiwoun Wilcox Anthony,202551442691JA,09014058180,Rivers,37.50,38
126,2,Rejoice Clement Ebeku,202550920077JA,08139536933,Rivers,21.25,21
