CARRYOVER RESULT REPORT,,,,,
FCT COLLEGE OF NURSING SCIENCES,,,,,
Set: ND-2024,,,,,
Semester: ND-SECOND-YEAR-First-SEMESTER,,,,,
,,,,,
STUDENT INFORMATION,,,,,
Exam Number:,FCTCONS/ND24/088,,,,
Name:,DUSU FAITH HARUNA,,,,
,,,,,
PREVIOUS GPAs,,,,,
Semester 1:,1.92,,,,
Semester 2:,4.48,,,,
,,,,,
CURRENT ACADEMIC RECORD,,,,,
Current GPA:,3.56,,,,
Current CGPA:,3.53,,,,
,,,,,
RESIT COURSES,,,,,
Course Code,Course Title,Credit Unit,Original Score,Resit Score,Status
NUS215,Biostatistics,2.0,38.0,70.0,PASSED
