CARRYOVER RESULT REPORT,,,,,
FCT COLLEGE OF NURSING SCIENCES,,,,,
Set: ND-2024,,,,,
Semester: ND-SECOND-YEAR-First-SEMESTER,,,,,
,,,,,
STUDENT INFORMATION,,,,,
Exam Number:,FCTCONS/ND24/014,,,,
Name:,ALU EDWINA EDUGWU,,,,
,,,,,
PREVIOUS GPAs,,,,,
Semester 1:,2.56,,,,
Semester 2:,4.09,,,,
,,,,,
CURRENT ACADEMIC RECORD,,,,,
Current GPA:,3.68,,,,
Current CGPA:,3.54,,,,
,,,,,
RESIT COURSES,,,,,
Course Code,Course Title,Credit Unit,Original Score,Resit Score,Status
NUS211,Human Anatomy III,4.0,46.0,70.0,PASSED
