CARRYOVER RESULT REPORT,,,,,
FCT COLLEGE OF NURSING SCIENCES,,,,,
Set: ND-2024,,,,,
Semester: ND-SECOND-YEAR-First-SEMESTER,,,,,
,,,,,
STUDENT INFORMATION,,,,,
Exam Number:,FCTCONS/ND24/110,,,,
Name:,ABOKO DAVID JUNIOR,,,,
,,,,,
PREVIOUS GPAs,,,,,
Semester 1:,2.48,,,,
Semester 2:,3.13,,,,
,,,,,
CURRENT ACADEMIC RECORD,,,,,
Current GPA:,3.44,,,,
Current CGPA:,3.03,,,,
,,,,,
RESIT COURSES,,,,,
Course Code,Course Title,Credit Unit,Original Score,Resit Score,Status
NUS211,Human Anatomy III,4.0,49.0,68.0,PASSED
NUS214,Dietetics,2.0,42.0,63.0,PASSED
