ND CARRYOVER RESULT REPORT,,,,,
FCT COLLEGE OF NURSING SCIENCES,,,,,
ND Set: ND-2024,,,,,
ND Semester: ND-SECOND-YEAR-FIRST-SEMESTER,,,,,
,,,,,
ND STUDENT INFORMATION,,,,,
Exam Number:,FCTCONS/ND24/008,,,,
Name:,OBICHEWE PAUL DAVID,,,,
,,,,,
ND PREVIOUS GPAs,,,,,
,,,,,
ND CURRENT ACADEMIC RECORD,,,,,
Current GPA:,4.36,,,,
Current CGPA:,4.06,,,,
,,,,,
ND RESIT COURSES,,,,,
Course Code,Course Title,Credit Unit,Original Score,Resit Score,Status
NUR211,Foundations Of Nursing III,3.0,47.0,70.0,PASSED
NUS213,Pharmacology II,2.0,46.0,71.0,PASSED
NUS215,Biostatistics,2.0,46.0,50.0,PASSED
