[
  {
    "exam_number": "FCTCONS/ND24/002",
    "name": "UMAR AMINA MAKUN",
    "failed_courses": [
      {
        "course_code": "NUS115",
        "original_score": 39.0,
        "semester": "ND-FIRST-YEAR-FIRST-SEMESTER",
        "set": "ND-2024",
        "resit_attempts": 0,
        "best_score": 39.0,
        "status": "Failed"
      },
      {
        "course_code": "NUS117",
        "original_score": 30.0,
        "semester": "ND-FIRST-YEAR-FIRST-SEMESTER",
        "set": "ND-2024",
        "resit_attempts": 0,
        "best_score": 30.0,
        "status": "Failed"
      }
    ],
    "semester": "ND-FIRST-YEAR-FIRST-SEMESTER",
    "set": "ND-2024",
    "identified_date": "2025-11-09 02:56:38",
    "total_resit_attempts": 0,
    "status": "Active"
  },
  {
    "exam_number": "FCTCONS/ND24/003",
    "name": "UDEMBA DANIELLA CHINENYE",
    "failed_courses": [
      {
        "course_code": "NUS112",
        "original_score": 21.0,
        "semester": "ND-FIRST-YEAR-FIRST-SEMESTER",
        "set": "ND-2024",
        "resit_attempts": 0,
        "best_score": 21.0,
        "status": "Failed"
      },
      {
        "course_code": "NUS114",
        "original_score": 43.0,
        "semester": "ND-FIRST-YEAR-FIRST-SEMESTER",
        "set": "ND-2024",
        "resit_attempts": 0,
        "best_score": 43.0,
        "status": "Failed"
      },
      {
        "course_code": "NUS117",
        "original_score": 28.0,
        "semester": "ND-FIRST-YEAR-FIRST-SEMESTER",
        "set": "ND-2024",
        "resit_attempts": 0,
        "best_score": 28.0,
        "status": "Failed"
      },
      {
        "course_code": "GNS111",
        "original_score": 34.0,
        "semester": "ND-FIRST-YEAR-FIRST-SEMESTER",
        "set": "ND-2024",
        "resit_attempts": 0,
        "best_score": 34.0,
        "status": "Failed"
      }
    ],
    "semester": "ND-FIRST-YEAR-FIRST-SEMESTER",
    "set": "ND-2024",
    "identified_date": "2025-11-09 02:56:38",
    "total_resit_attempts": 0,
    "status": "Active"
  },
  {
    "exam_number": "FCTCONS/ND24/004",
    "name": "ABANG STEPHANIE ADA",
    "failed_courses": [
      {
        "course_code": "NUS111",
        "original_score": 10.0,
        "semester": "ND-FIRST-YEAR-FIRST-SEMESTER",
        "set": "ND-2024",
        "resit_attempts": 0,
        "best_score": 10.0,
        "status": "Failed"
      },
      {
        "course_code": "NUS112",
        "original_score": 38.0,
        "semester": "ND-FIRST-YEAR-FIRST-SEMESTER",
        "set": "ND-2024",
        "resit_attempts": 0,
        "best_score": 38.0,
        "status": "Failed"
      },
      {
        "course_code": "NUS116",
        "original_score": 36.0,
        "semester": "ND-FIRST-YEAR-FIRST-SEMESTER",
        "set": "ND-2024",
        "resit_attempts": 0,
        "best_score": 36.0,
        "status": "Failed"
      },
      {
        "course_code": "GNS111",
        "original_score": 20.0,
        "semester": "ND-FIRST-YEAR-FIRST-SEMESTER",
        "set": "ND-2024",
        "resit_attempts": 0,
        "best_score": 20.0,
        "status": "Failed"
      }
    ],
    "semester": "ND-FIRST-YEAR-FIRST-SEMESTER",
    "set": "ND-2024",
    "identified_date": "2025-11-09 02:56:38",
    "total_resit_attempts": 0,
    "status": "Active"
  },
  {
    "exam_number": "FCTCONS/ND24/006",
    "name": "YOHANNA DORATHY TAVINAZA",
    "failed_courses": [
      {
        "course_code": "NUS112",
        "original_score": 46.0,
        "semester": "ND-FIRST-YEAR-FIRST-SEMESTER",
        "set": "ND-2024",
        "resit_attempts": 0,
        "best_score": 46.0,
        "status": "Failed"
      },
      {
        "course_code": "NUS113",
        "original_score": 23.0,
        "semester": "ND-FIRST-YEAR-FIRST-SEMESTER",
        "set": "ND-2024",
        "resit_attempts": 0,
        "best_score": 23.0,
        "status": "Failed"
      }
    ],
    "semester": "ND-FIRST-YEAR-FIRST-SEMESTER",
    "set": "ND-2024",
    "identified_date": "2025-11-09 02:56:38",
    "total_resit_attempts": 0,
    "status": "Active"
  },
  {
    "exam_number": "FCTCONS/ND24/007",
    "name": "AYO OLAMIDE PRAISE",
    "failed_courses": [
      {
        "course_code": "NUS112",
        "original_score": 30.0,
        "semester": "ND-FIRST-YEAR-FIRST-SEMESTER",
        "set": "ND-2024",
        "resit_attempts": 0,
        "best_score": 30.0,
        "status": "Failed"
      },
      {
        "course_code": "NUS113",
        "original_score": 39.0,
        "semester": "ND-FIRST-YEAR-FIRST-SEMESTER",
        "set": "ND-2024",
        "resit_attempts": 0,
        "best_score": 39.0,
        "status": "Failed"
      },
      {
        "course_code": "NUS116",
        "original_score": 31.0,
        "semester": "ND-FIRST-YEAR-FIRST-SEMESTER",
        "set": "ND-2024",
        "resit_attempts": 0,
        "best_score": 31.0,
        "status": "Failed"
      },
      {
        "course_code": "GNS111",
        "original_score": 32.0,
        "semester": "ND-FIRST-YEAR-FIRST-SEMESTER",
        "set": "ND-2024",
        "resit_attempts": 0,
        "best_score": 32.0,
        "status": "Failed"
      }
    ],
    "semester": "ND-FIRST-YEAR-FIRST-SEMESTER",
    "set": "ND-2024",
    "identified_date": "2025-11-09 02:56:38",
    "total_resit_attempts": 0,
    "status": "Active"
  },
  {
    "exam_number": "FCTCONS/ND24/008",
    "name": "OBICHEWE PAUL DAVID",
    "failed_courses": [
      {
        "course_code": "GNS102",
        "original_score": 24.0,
        "semester": "ND-FIRST-YEAR-FIRST-SEMESTER",
        "set": "ND-2024",
        "resit_attempts": 0,
        "best_score": 24.0,
        "status": "Failed"
      },
      {
        "course_code": "NUS115",
        "original_score": 38.0,
        "semester": "ND-FIRST-YEAR-FIRST-SEMESTER",
        "set": "ND-2024",
        "resit_attempts": 0,
        "best_score": 38.0,
        "status": "Failed"
      },
      {
        "course_code": "NUS116",
        "original_score": 38.0,
        "semester": "ND-FIRST-YEAR-FIRST-SEMESTER",
        "set": "ND-2024",
        "resit_attempts": 0,
        "best_score": 38.0,
        "status": "Failed"
      }
    ],
    "semester": "ND-FIRST-YEAR-FIRST-SEMESTER",
    "set": "ND-2024",
    "identified_date": "2025-11-09 02:56:38",
    "total_resit_attempts": 0,
    "status": "Active"
  },
  {
    "exam_number": "FCTCONS/ND24/009",
    "name": "AGADA EMMANUEL ENECHE",
    "failed_courses": [
      {
        "course_code": "GNS102",
        "original_score": 36.0,
        "semester": "ND-FIRST-YEAR-FIRST-SEMESTER",
        "set": "ND-2024",
        "resit_attempts": 0,
        "best_score": 36.0,
        "status": "Failed"
      },
      {
        "course_code": "NUS114",
        "original_score": 42.0,
        "semester": "ND-FIRST-YEAR-FIRST-SEMESTER",
        "set": "ND-2024",
        "resit_attempts": 0,
        "best_score": 42.0,
        "status": "Failed"
      },
      {
        "course_code": "NUS115",
        "original_score": 49.0,
        "semester": "ND-FIRST-YEAR-FIRST-SEMESTER",
        "set": "ND-2024",
        "resit_attempts": 0,
        "best_score": 49.0,
        "status": "Failed"
      },
      {
        "course_code": "NUS117",
        "original_score": 48.0,
        "semester": "ND-FIRST-YEAR-FIRST-SEMESTER",
        "set": "ND-2024",
        "resit_attempts": 0,
        "best_score": 48.0,
        "status": "Failed"
      },
      {
        "course_code": "GNS111",
        "original_score": 39.0,
        "semester": "ND-FIRST-YEAR-FIRST-SEMESTER",
        "set": "ND-2024",
        "resit_attempts": 0,
        "best_score": 39.0,
        "status": "Failed"
      }
    ],
    "semester": "ND-FIRST-YEAR-FIRST-SEMESTER",
    "set": "ND-2024",
    "identified_date": "2025-11-09 02:56:38",
    "total_resit_attempts": 0,
    "status": "Active"
  },
  {
    "exam_number": "FCTCONS/ND24/014",
    "name": "ALU EDWINA EDUGWU",
    "failed_courses": [
      {
        "course_code": "GNS102",
        "original_score": 9.0,
        "semester": "ND-FIRST-YEAR-FIRST-SEMESTER",
        "set": "ND-2024",
        "resit_attempts": 0,
        "best_score": 9.0,
        "status": "Failed"
      },
      {
        "course_code": "NUS111",
        "original_score": 36.0,
        "semester": "ND-FIRST-YEAR-FIRST-SEMESTER",
        "set": "ND-2024",
        "resit_attempts": 0,
        "best_score": 36.0,
        "status": "Failed"
      },
      {
        "course_code": "NUS112",
        "original_score": 34.0,
        "semester": "ND-FIRST-YEAR-FIRST-SEMESTER",
        "set": "ND-2024",
        "resit_attempts": 0,
        "best_score": 34.0,
        "status": "Failed"
      },
      {
        "course_code": "NUR111",
        "original_score": 44.0,
        "semester": "ND-FIRST-YEAR-FIRST-SEMESTER",
        "set": "ND-2024",
        "resit_attempts": 0,
        "best_score": 44.0,
        "status": "Failed"
      }
    ],
    "semester": "ND-FIRST-YEAR-FIRST-SEMESTER",
    "set": "ND-2024",
    "identified_date": "2025-11-09 02:56:38",
    "total_resit_attempts": 0,
    "status": "Active"
  },
  {
    "exam_number": "FCTCONS/ND24/016",
    "name": "UMUNNAKWE CHISOM MICHELLE",
    "failed_courses": [
      {
        "course_code": "GNS102",
        "original_score": 31.0,
        "semester": "ND-FIRST-YEAR-FIRST-SEMESTER",
        "set": "ND-2024",
        "resit_attempts": 0,
        "best_score": 31.0,
        "status": "Failed"
      },
      {
        "course_code": "NUS112",
        "original_score": 48.0,
        "semester": "ND-FIRST-YEAR-FIRST-SEMESTER",
        "set": "ND-2024",
        "resit_attempts": 0,
        "best_score": 48.0,
        "status": "Failed"
      },
      {
        "course_code": "NUS114",
        "original_score": 32.0,
        "semester": "ND-FIRST-YEAR-FIRST-SEMESTER",
        "set": "ND-2024",
        "resit_attempts": 0,
        "best_score": 32.0,
        "status": "Failed"
      },
      {
        "course_code": "NUS117",
        "original_score": 48.0,
        "semester": "ND-FIRST-YEAR-FIRST-SEMESTER",
        "set": "ND-2024",
        "resit_attempts": 0,
        "best_score": 48.0,
        "status": "Failed"
      },
      {
        "course_code": "GNS111",
        "original_score": 40.0,
        "semester": "ND-FIRST-YEAR-FIRST-SEMESTER",
        "set": "ND-2024",
        "resit_attempts": 0,
        "best_score": 40.0,
        "status": "Failed"
      }
    ],
    "semester": "ND-FIRST-YEAR-FIRST-SEMESTER",
    "set": "ND-2024",
    "identified_date": "2025-11-09 02:56:38",
    "total_resit_attempts": 0,
    "status": "Active"
  },
  {
    "exam_number": "FCTCONS/ND24/018",
    "name": "IGBASAN PHILBERTA  OLUWASEUN",
    "failed_courses": [
      {
        "course_code": "GNS102",
        "original_score": 36.0,
        "semester": "ND-FIRST-YEAR-FIRST-SEMESTER",
        "set": "ND-2024",
        "resit_attempts": 0,
        "best_score": 36.0,
        "status": "Failed"
      },
      {
        "course_code": "NUS112",
        "original_score": 21.0,
        "semester": "ND-FIRST-YEAR-FIRST-SEMESTER",
        "set": "ND-2024",
        "resit_attempts": 0,
        "best_score": 21.0,
        "status": "Failed"
      },
      {
        "course_code": "NUS115",
        "original_score": 49.0,
        "semester": "ND-FIRST-YEAR-FIRST-SEMESTER",
        "set": "ND-2024",
        "resit_attempts": 0,
        "best_score": 49.0,
        "status": "Failed"
      },
      {
        "course_code": "NUS116",
        "original_score": 46.0,
        "semester": "ND-FIRST-YEAR-FIRST-SEMESTER",
        "set": "ND-2024",
        "resit_attempts": 0,
        "best_score": 46.0,
        "status": "Failed"
      },
      {
        "course_code": "NUS117",
        "original_score": 22.0,
        "semester": "ND-FIRST-YEAR-FIRST-SEMESTER",
        "set": "ND-2024",
        "resit_attempts": 0,
        "best_score": 22.0,
        "status": "Failed"
      }
    ],
    "semester": "ND-FIRST-YEAR-FIRST-SEMESTER",
    "set": "ND-2024",
    "identified_date": "2025-11-09 02:56:38",
    "total_resit_attempts": 0,
    "status": "Active"
  },
  {
    "exam_number": "FCTCONS/ND24/019",
    "name": "OGAH PRINCESS UWENYI",
    "failed_courses": [
      {
        "course_code": "GNS102",
        "original_score": 35.0,
        "semester": "ND-FIRST-YEAR-FIRST-SEMESTER",
        "set": "ND-2024",
        "resit_attempts": 0,
        "best_score": 35.0,
        "status": "Failed"
      },
      {
        "course_code": "NUS117",
        "original_score": 46.0,
        "semester": "ND-FIRST-YEAR-FIRST-SEMESTER",
        "set": "ND-2024",
        "resit_attempts": 0,
        "best_score": 46.0,
        "status": "Failed"
      }
    ],
    "semester": "ND-FIRST-YEAR-FIRST-SEMESTER",
    "set": "ND-2024",
    "identified_date": "2025-11-09 02:56:38",
    "total_resit_attempts": 0,
    "status": "Active"
  },
  {
    "exam_number": "FCTCONS/ND24/027",
    "name": "BABAJI BENI DENNIS",
    "failed_courses": [
      {
        "course_code": "NUS111",
        "original_score": 24.0,
        "semester": "ND-FIRST-YEAR-FIRST-SEMESTER",
        "set": "ND-2024",
        "resit_attempts": 0,
        "best_score": 24.0,
        "status": "Failed"
      },
      {
        "course_code": "NUS112",
        "original_score": 16.0,
        "semester": "ND-FIRST-YEAR-FIRST-SEMESTER",
        "set": "ND-2024",
        "resit_attempts": 0,
        "best_score": 16.0,
        "status": "Failed"
      },
      {
        "course_code": "NUS117",
        "original_score": 44.0,
        "semester": "ND-FIRST-YEAR-FIRST-SEMESTER",
        "set": "ND-2024",
        "resit_attempts": 0,
        "best_score": 44.0,
        "status": "Failed"
      },
      {
        "course_code": "GNS111",
        "original_score": 29.0,
        "semester": "ND-FIRST-YEAR-FIRST-SEMESTER",
        "set": "ND-2024",
        "resit_attempts": 0,
        "best_score": 29.0,
        "status": "Failed"
      }
    ],
    "semester": "ND-FIRST-YEAR-FIRST-SEMESTER",
    "set": "ND-2024",
    "identified_date": "2025-11-09 02:56:38",
    "total_resit_attempts": 0,
    "status": "Active"
  },
  {
    "exam_number": "FCTCONS/ND24/031",
    "name": "MUHAMMAD NANA AISHA",
    "failed_courses": [
      {
        "course_code": "NUS111",
        "original_score": 33.0,
        "semester": "ND-FIRST-YEAR-FIRST-SEMESTER",
        "set": "ND-2024",
        "resit_attempts": 0,
        "best_score": 33.0,
        "status": "Failed"
      },
      {
        "course_code": "NUS114",
        "original_score": 34.0,
        "semester": "ND-FIRST-YEAR-FIRST-SEMESTER",
        "set": "ND-2024",
        "resit_attempts": 0,
        "best_score": 34.0,
        "status": "Failed"
      },
      {
        "course_code": "NUS115",
        "original_score": 39.0,
        "semester": "ND-FIRST-YEAR-FIRST-SEMESTER",
        "set": "ND-2024",
        "resit_attempts": 0,
        "best_score": 39.0,
        "status": "Failed"
      },
      {
        "course_code": "NUS116",
        "original_score": 47.0,
        "semester": "ND-FIRST-YEAR-FIRST-SEMESTER",
        "set": "ND-2024",
        "resit_attempts": 0,
        "best_score": 47.0,
        "status": "Failed"
      },
      {
        "course_code": "GNS111",
        "original_score": 35.0,
        "semester": "ND-FIRST-YEAR-FIRST-SEMESTER",
        "set": "ND-2024",
        "resit_attempts": 0,
        "best_score": 35.0,
        "status": "Failed"
      }
    ],
    "semester": "ND-FIRST-YEAR-FIRST-SEMESTER",
    "set": "ND-2024",
    "identified_date": "2025-11-09 02:56:38",
    "total_resit_attempts": 0,
    "status": "Active"
  },
  {
    "exam_number": "FCTCONS/ND24/035",
    "name": "AGBOOLA OLATOMIWA",
    "failed_courses": [
      {
        "course_code": "NUS112",
        "original_score": 16.0,
        "semester": "ND-FIRST-YEAR-FIRST-SEMESTER",
        "set": "ND-2024",
        "resit_attempts": 0,
        "best_score": 16.0,
        "status": "Failed"
      },
      {
        "course_code": "NUS115",
        "original_score": 24.0,
        "semester": "ND-FIRST-YEAR-FIRST-SEMESTER",
        "set": "ND-2024",
        "resit_attempts": 0,
        "best_score": 24.0,
        "status": "Failed"
      },
      {
        "course_code": "NUS116",
        "original_score": 49.0,
        "semester": "ND-FIRST-YEAR-FIRST-SEMESTER",
        "set": "ND-2024",
        "resit_attempts": 0,
        "best_score": 49.0,
        "status": "Failed"
      },
      {
        "course_code": "GNS111",
        "original_score": 24.0,
        "semester": "ND-FIRST-YEAR-FIRST-SEMESTER",
        "set": "ND-2024",
        "resit_attempts": 0,
        "best_score": 24.0,
        "status": "Failed"
      }
    ],
    "semester": "ND-FIRST-YEAR-FIRST-SEMESTER",
    "set": "ND-2024",
    "identified_date": "2025-11-09 02:56:38",
    "total_resit_attempts": 0,
    "status": "Active"
  },
  {
    "exam_number": "FCTCONS/ND24/040",
    "name": "AGBEGE SUZAN",
    "failed_courses": [
      {
        "course_code": "NUS111",
        "original_score": 24.0,
        "semester": "ND-FIRST-YEAR-FIRST-SEMESTER",
        "set": "ND-2024",
        "resit_attempts": 0,
        "best_score": 24.0,
        "status": "Failed"
      },
      {
        "course_code": "NUS112",
        "original_score": 42.0,
        "semester": "ND-FIRST-YEAR-FIRST-SEMESTER",
        "set": "ND-2024",
        "resit_attempts": 0,
        "best_score": 42.0,
        "status": "Failed"
      },
      {
        "course_code": "NUS116",
        "original_score": 46.0,
        "semester": "ND-FIRST-YEAR-FIRST-SEMESTER",
        "set": "ND-2024",
        "resit_attempts": 0,
        "best_score": 46.0,
        "status": "Failed"
      }
    ],
    "semester": "ND-FIRST-YEAR-FIRST-SEMESTER",
    "set": "ND-2024",
    "identified_date": "2025-11-09 02:56:38",
    "total_resit_attempts": 0,
    "status": "Active"
  },
  {
    "exam_number": "FCTCONS/ND24/041",
    "name": "IDRIS UMMULKHAIR NDATSU",
    "failed_courses": [
      {
        "course_code": "NUS113",
        "original_score": 49.0,
        "semester": "ND-FIRST-YEAR-FIRST-SEMESTER",
        "set": "ND-2024",
        "resit_attempts": 0,
        "best_score": 49.0,
        "status": "Failed"
      },
      {
        "course_code": "NUS115",
        "original_score": 28.0,
        "semester": "ND-FIRST-YEAR-FIRST-SEMESTER",
        "set": "ND-2024",
        "resit_attempts": 0,
        "best_score": 28.0,
        "status": "Failed"
      },
      {
        "course_code": "NUS116",
        "original_score": 32.0,
        "semester": "ND-FIRST-YEAR-FIRST-SEMESTER",
        "set": "ND-2024",
        "resit_attempts": 0,
        "best_score": 32.0,
        "status": "Failed"
      },
      {
        "course_code": "GNS111",
        "original_score": 41.0,
        "semester": "ND-FIRST-YEAR-FIRST-SEMESTER",
        "set": "ND-2024",
        "resit_attempts": 0,
        "best_score": 41.0,
        "status": "Failed"
      }
    ],
    "semester": "ND-FIRST-YEAR-FIRST-SEMESTER",
    "set": "ND-2024",
    "identified_date": "2025-11-09 02:56:38",
    "total_resit_attempts": 0,
    "status": "Active"
  },
  {
    "exam_number": "FCTCONS/ND24/042",
    "name": "ASEBIOMO OLUWAFERANMI JOY",
    "failed_courses": [
      {
        "course_code": "NUS114",
        "original_score": 22.0,
        "semester": "ND-FIRST-YEAR-FIRST-SEMESTER",
        "set": "ND-2024",
        "resit_attempts": 0,
        "best_score": 22.0,
        "status": "Failed"
      },
      {
        "course_code": "NUR111",
        "original_score": 42.0,
        "semester": "ND-FIRST-YEAR-FIRST-SEMESTER",
        "set": "ND-2024",
        "resit_attempts": 0,
        "best_score": 42.0,
        "status": "Failed"
      },
      {
        "course_code": "NUS115",
        "original_score": 41.0,
        "semester": "ND-FIRST-YEAR-FIRST-SEMESTER",
        "set": "ND-2024",
        "resit_attempts": 0,
        "best_score": 41.0,
        "status": "Failed"
      }
    ],
    "semester": "ND-FIRST-YEAR-FIRST-SEMESTER",
    "set": "ND-2024",
    "identified_date": "2025-11-09 02:56:38",
    "total_resit_attempts": 0,
    "status": "Active"
  },
  {
    "exam_number": "FCTCONS/ND24/044",
    "name": "EMMAJOHN MARVELOUS CHIFUNANYA",
    "failed_courses": [
      {
        "course_code": "NUS112",
        "original_score": 36.0,
        "semester": "ND-FIRST-YEAR-FIRST-SEMESTER",
        "set": "ND-2024",
        "resit_attempts": 0,
        "best_score": 36.0,
        "status": "Failed"
      },
      {
        "course_code": "NUS114",
        "original_score": 40.0,
        "semester": "ND-FIRST-YEAR-FIRST-SEMESTER",
        "set": "ND-2024",
        "resit_attempts": 0,
        "best_score": 40.0,
        "status": "Failed"
      },
      {
        "course_code": "NUR111",
        "original_score": 13.0,
        "semester": "ND-FIRST-YEAR-FIRST-SEMESTER",
        "set": "ND-2024",
        "resit_attempts": 0,
        "best_score": 13.0,
        "status": "Failed"
      },
      {
        "course_code": "NUS116",
        "original_score": 22.0,
        "semester": "ND-FIRST-YEAR-FIRST-SEMESTER",
        "set": "ND-2024",
        "resit_attempts": 0,
        "best_score": 22.0,
        "status": "Failed"
      }
    ],
    "semester": "ND-FIRST-YEAR-FIRST-SEMESTER",
    "set": "ND-2024",
    "identified_date": "2025-11-09 02:56:38",
    "total_resit_attempts": 0,
    "status": "Active"
  },
  {
    "exam_number": "FCTCONS/ND24/049",
    "name": "EMMANUEL FAITH  AKOMENOMO",
    "failed_courses": [
      {
        "course_code": "NUS111",
        "original_score": 47.0,
        "semester": "ND-FIRST-YEAR-FIRST-SEMESTER",
        "set": "ND-2024",
        "resit_attempts": 0,
        "best_score": 47.0,
        "status": "Failed"
      },
      {
        "course_code": "NUS113",
        "original_score": 41.0,
        "semester": "ND-FIRST-YEAR-FIRST-SEMESTER",
        "set": "ND-2024",
        "resit_attempts": 0,
        "best_score": 41.0,
        "status": "Failed"
      },
      {
        "course_code": "NUS115",
        "original_score": 43.0,
        "semester": "ND-FIRST-YEAR-FIRST-SEMESTER",
        "set": "ND-2024",
        "resit_attempts": 0,
        "best_score": 43.0,
        "status": "Failed"
      },
      {
        "course_code": "NUS117",
        "original_score": 48.0,
        "semester": "ND-FIRST-YEAR-FIRST-SEMESTER",
        "set": "ND-2024",
        "resit_attempts": 0,
        "best_score": 48.0,
        "status": "Failed"
      }
    ],
    "semester": "ND-FIRST-YEAR-FIRST-SEMESTER",
    "set": "ND-2024",
    "identified_date": "2025-11-09 02:56:38",
    "total_resit_attempts": 0,
    "status": "Active"
  },
  {
    "exam_number": "FCTCONS/ND24/051",
    "name": "NDUBUISI GIFT ONYIYECHI",
    "failed_courses": [
      {
        "course_code": "NUS112",
        "original_score": 34.0,
        "semester": "ND-FIRST-YEAR-FIRST-SEMESTER",
        "set": "ND-2024",
        "resit_attempts": 0,
        "best_score": 34.0,
        "status": "Failed"
      },
      {
        "course_code": "NUS114",
        "original_score": 27.0,
        "semester": "ND-FIRST-YEAR-FIRST-SEMESTER",
        "set": "ND-2024",
        "resit_attempts": 0,
        "best_score": 27.0,
        "status": "Failed"
      }
    ],
    "semester": "ND-FIRST-YEAR-FIRST-SEMESTER",
    "set": "ND-2024",
    "identified_date": "2025-11-09 02:56:38",
    "total_resit_attempts": 0,
    "status": "Active"
  },
  {
    "exam_number": "FCTCONS/ND24/053",
    "name": "NWEZE UKAMAKA MABEL",
    "failed_courses": [
      {
        "course_code": "GNS102",
        "original_score": 34.0,
        "semester": "ND-FIRST-YEAR-FIRST-SEMESTER",
        "set": "ND-2024",
        "resit_attempts": 0,
        "best_score": 34.0,
        "status": "Failed"
      },
      {
        "course_code": "NUS111",
        "original_score": 47.0,
        "semester": "ND-FIRST-YEAR-FIRST-SEMESTER",
        "set": "ND-2024",
        "resit_attempts": 0,
        "best_score": 47.0,
        "status": "Failed"
      },
      {
        "course_code": "NUS112",
        "original_score": 22.0,
        "semester": "ND-FIRST-YEAR-FIRST-SEMESTER",
        "set": "ND-2024",
        "resit_attempts": 0,
        "best_score": 22.0,
        "status": "Failed"
      },
      {
        "course_code": "NUS114",
        "original_score": 46.0,
        "semester": "ND-FIRST-YEAR-FIRST-SEMESTER",
        "set": "ND-2024",
        "resit_attempts": 0,
        "best_score": 46.0,
        "status": "Failed"
      },
      {
        "course_code": "GNS111",
        "original_score": 40.0,
        "semester": "ND-FIRST-YEAR-FIRST-SEMESTER",
        "set": "ND-2024",
        "resit_attempts": 0,
        "best_score": 40.0,
        "status": "Failed"
      }
    ],
    "semester": "ND-FIRST-YEAR-FIRST-SEMESTER",
    "set": "ND-2024",
    "identified_date": "2025-11-09 02:56:38",
    "total_resit_attempts": 0,
    "status": "Active"
  },
  {
    "exam_number": "FCTCONS/ND24/055",
    "name": "AYODELE JOHN TANTOLUWA",
    "failed_courses": [
      {
        "course_code": "NUS112",
        "original_score": 20.0,
        "semester": "ND-FIRST-YEAR-FIRST-SEMESTER",
        "set": "ND-2024",
        "resit_attempts": 0,
        "best_score": 20.0,
        "status": "Failed"
      }
    ],
    "semester": "ND-FIRST-YEAR-FIRST-SEMESTER",
    "set": "ND-2024",
    "identified_date": "2025-11-09 02:56:38",
    "total_resit_attempts": 0,
    "status": "Active"
  },
  {
    "exam_number": "FCTCONS/ND24/056",
    "name": "MAINA SHAMMAH MUSA",
    "failed_courses": [
      {
        "course_code": "NUS112",
        "original_score": 46.0,
        "semester": "ND-FIRST-YEAR-FIRST-SEMESTER",
        "set": "ND-2024",
        "resit_attempts": 0,
        "best_score": 46.0,
        "status": "Failed"
      },
      {
        "course_code": "NUS116",
        "original_score": 46.0,
        "semester": "ND-FIRST-YEAR-FIRST-SEMESTER",
        "set": "ND-2024",
        "resit_attempts": 0,
        "best_score": 46.0,
        "status": "Failed"
      },
      {
        "course_code": "GNS111",
        "original_score": 48.0,
        "semester": "ND-FIRST-YEAR-FIRST-SEMESTER",
        "set": "ND-2024",
        "resit_attempts": 0,
        "best_score": 48.0,
        "status": "Failed"
      }
    ],
    "semester": "ND-FIRST-YEAR-FIRST-SEMESTER",
    "set": "ND-2024",
    "identified_date": "2025-11-09 02:56:38",
    "total_resit_attempts": 0,
    "status": "Active"
  },
  {
    "exam_number": "FCTCONS/ND24/057",
    "name": "JIMOH PRINCESS RAHIMAT",
    "failed_courses": [
      {
        "course_code": "GNS102",
        "original_score": 42.0,
        "semester": "ND-FIRST-YEAR-FIRST-SEMESTER",
        "set": "ND-2024",
        "resit_attempts": 0,
        "best_score": 42.0,
        "status": "Failed"
      },
      {
        "course_code": "NUS115",
        "original_score": 47.0,
        "semester": "ND-FIRST-YEAR-FIRST-SEMESTER",
        "set": "ND-2024",
        "resit_attempts": 0,
        "best_score": 47.0,
        "status": "Failed"
      },
      {
        "course_code": "NUS117",
        "original_score": 38.0,
        "semester": "ND-FIRST-YEAR-FIRST-SEMESTER",
        "set": "ND-2024",
        "resit_attempts": 0,
        "best_score": 38.0,
        "status": "Failed"
      }
    ],
    "semester": "ND-FIRST-YEAR-FIRST-SEMESTER",
    "set": "ND-2024",
    "identified_date": "2025-11-09 02:56:38",
    "total_resit_attempts": 0,
    "status": "Active"
  },
  {
    "exam_number": "FCTCONS/ND24/060",
    "name": "OCHEMEJE EMMANUELLA OMOJO",
    "failed_courses": [
      {
        "course_code": "NUS113",
        "original_score": 48.0,
        "semester": "ND-FIRST-YEAR-FIRST-SEMESTER",
        "set": "ND-2024",
        "resit_attempts": 0,
        "best_score": 48.0,
        "status": "Failed"
      },
      {
        "course_code": "NUS114",
        "original_score": 7.0,
        "semester": "ND-FIRST-YEAR-FIRST-SEMESTER",
        "set": "ND-2024",
        "resit_attempts": 0,
        "best_score": 7.0,
        "status": "Failed"
      },
      {
        "course_code": "NUS115",
        "original_score": 32.0,
        "semester": "ND-FIRST-YEAR-FIRST-SEMESTER",
        "set": "ND-2024",
        "resit_attempts": 0,
        "best_score": 32.0,
        "status": "Failed"
      }
    ],
    "semester": "ND-FIRST-YEAR-FIRST-SEMESTER",
    "set": "ND-2024",
    "identified_date": "2025-11-09 02:56:38",
    "total_resit_attempts": 0,
    "status": "Active"
  },
  {
    "exam_number": "FCTCONS/ND24/061",
    "name": "EMETA NNEOMA PHILOMENA",
    "failed_courses": [
      {
        "course_code": "GNS102",
        "original_score": 47.0,
        "semester": "ND-FIRST-YEAR-FIRST-SEMESTER",
        "set": "ND-2024",
        "resit_attempts": 0,
        "best_score": 47.0,
        "status": "Failed"
      },
      {
        "course_code": "NUS111",
        "original_score": 24.0,
        "semester": "ND-FIRST-YEAR-FIRST-SEMESTER",
        "set": "ND-2024",
        "resit_attempts": 0,
        "best_score": 24.0,
        "status": "Failed"
      },
      {
        "course_code": "NUS112",
        "original_score": 16.0,
        "semester": "ND-FIRST-YEAR-FIRST-SEMESTER",
        "set": "ND-2024",
        "resit_attempts": 0,
        "best_score": 16.0,
        "status": "Failed"
      },
      {
        "course_code": "NUS114",
        "original_score": 40.0,
        "semester": "ND-FIRST-YEAR-FIRST-SEMESTER",
        "set": "ND-2024",
        "resit_attempts": 0,
        "best_score": 40.0,
        "status": "Failed"
      },
      {
        "course_code": "NUS115",
        "original_score": 44.0,
        "semester": "ND-FIRST-YEAR-FIRST-SEMESTER",
        "set": "ND-2024",
        "resit_attempts": 0,
        "best_score": 44.0,
        "status": "Failed"
      }
    ],
    "semester": "ND-FIRST-YEAR-FIRST-SEMESTER",
    "set": "ND-2024",
    "identified_date": "2025-11-09 02:56:38",
    "total_resit_attempts": 0,
    "status": "Active"
  },
  {
    "exam_number": "FCTCONS/ND24/062",
    "name": "ABUNIMYE FELICIA AMANUYE",
    "failed_courses": [
      {
        "course_code": "NUS112",
        "original_score": 44.0,
        "semester": "ND-FIRST-YEAR-FIRST-SEMESTER",
        "set": "ND-2024",
        "resit_attempts": 0,
        "best_score": 44.0,
        "status": "Failed"
      },
      {
        "course_code": "NUS117",
        "original_score": 44.0,
        "semester": "ND-FIRST-YEAR-FIRST-SEMESTER",
        "set": "ND-2024",
        "resit_attempts": 0,
        "best_score": 44.0,
        "status": "Failed"
      }
    ],
    "semester": "ND-FIRST-YEAR-FIRST-SEMESTER",
    "set": "ND-2024",
    "identified_date": "2025-11-09 02:56:38",
    "total_resit_attempts": 0,
    "status": "Active"
  },
  {
    "exam_number": "FCTCONS/ND24/063",
    "name": "NEZIEANYA KOSISOCHUKWU CHIMEZIE",
    "failed_courses": [
      {
        "course_code": "NUS112",
        "original_score": 49.0,
        "semester": "ND-FIRST-YEAR-FIRST-SEMESTER",
        "set": "ND-2024",
        "resit_attempts": 0,
        "best_score": 49.0,
        "status": "Failed"
      },
      {
        "course_code": "NUS114",
        "original_score": 35.0,
        "semester": "ND-FIRST-YEAR-FIRST-SEMESTER",
        "set": "ND-2024",
        "resit_attempts": 0,
        "best_score": 35.0,
        "status": "Failed"
      },
      {
        "course_code": "NUR111",
        "original_score": 29.0,
        "semester": "ND-FIRST-YEAR-FIRST-SEMESTER",
        "set": "ND-2024",
        "resit_attempts": 0,
        "best_score": 29.0,
        "status": "Failed"
      }
    ],
    "semester": "ND-FIRST-YEAR-FIRST-SEMESTER",
    "set": "ND-2024",
    "identified_date": "2025-11-09 02:56:38",
    "total_resit_attempts": 0,
    "status": "Active"
  },
  {
    "exam_number": "FCTCONS/ND24/066",
    "name": "OBADIAH MICAH",
    "failed_courses": [
      {
        "course_code": "GNS102",
        "original_score": 46.0,
        "semester": "ND-FIRST-YEAR-FIRST-SEMESTER",
        "set": "ND-2024",
        "resit_attempts": 0,
        "best_score": 46.0,
        "status": "Failed"
      },
      {
        "course_code": "NUS114",
        "original_score": 26.0,
        "semester": "ND-FIRST-YEAR-FIRST-SEMESTER",
        "set": "ND-2024",
        "resit_attempts": 0,
        "best_score": 26.0,
        "status": "Failed"
      },
      {
        "course_code": "NUS115",
        "original_score": 46.0,
        "semester": "ND-FIRST-YEAR-FIRST-SEMESTER",
        "set": "ND-2024",
        "resit_attempts": 0,
        "best_score": 46.0,
        "status": "Failed"
      },
      {
        "course_code": "NUS116",
        "original_score": 21.0,
        "semester": "ND-FIRST-YEAR-FIRST-SEMESTER",
        "set": "ND-2024",
        "resit_attempts": 0,
        "best_score": 21.0,
        "status": "Failed"
      },
      {
        "course_code": "GNS111",
        "original_score": 38.0,
        "semester": "ND-FIRST-YEAR-FIRST-SEMESTER",
        "set": "ND-2024",
        "resit_attempts": 0,
        "best_score": 38.0,
        "status": "Failed"
      }
    ],
    "semester": "ND-FIRST-YEAR-FIRST-SEMESTER",
    "set": "ND-2024",
    "identified_date": "2025-11-09 02:56:38",
    "total_resit_attempts": 0,
    "status": "Active"
  },
  {
    "exam_number": "FCTCONS/ND24/072",
    "name": "DAUDA HOPE AWYETU",
    "failed_courses": [
      {
        "course_code": "GNS102",
        "original_score": 12.0,
        "semester": "ND-FIRST-YEAR-FIRST-SEMESTER",
        "set": "ND-2024",
        "resit_attempts": 0,
        "best_score": 12.0,
        "status": "Failed"
      },
      {
        "course_code": "NUS113",
        "original_score": 42.0,
        "semester": "ND-FIRST-YEAR-FIRST-SEMESTER",
        "set": "ND-2024",
        "resit_attempts": 0,
        "best_score": 42.0,
        "status": "Failed"
      },
      {
        "course_code": "NUS115",
        "original_score": 12.0,
        "semester": "ND-FIRST-YEAR-FIRST-SEMESTER",
        "set": "ND-2024",
        "resit_attempts": 0,
        "best_score": 12.0,
        "status": "Failed"
      },
      {
        "course_code": "NUS117",
        "original_score": 30.0,
        "semester": "ND-FIRST-YEAR-FIRST-SEMESTER",
        "set": "ND-2024",
        "resit_attempts": 0,
        "best_score": 30.0,
        "status": "Failed"
      }
    ],
    "semester": "ND-FIRST-YEAR-FIRST-SEMESTER",
    "set": "ND-2024",
    "identified_date": "2025-11-09 02:56:38",
    "total_resit_attempts": 0,
    "status": "Active"
  },
  {
    "exam_number": "FCTCONS/ND24/073",
    "name": "ONYEHI PRAISE MAXWELL",
    "failed_courses": [
      {
        "course_code": "NUS112",
        "original_score": 27.0,
        "semester": "ND-FIRST-YEAR-FIRST-SEMESTER",
        "set": "ND-2024",
        "resit_attempts": 0,
        "best_score": 27.0,
        "status": "Failed"
      },
      {
        "course_code": "NUS115",
        "original_score": 26.0,
        "semester": "ND-FIRST-YEAR-FIRST-SEMESTER",
        "set": "ND-2024",
        "resit_attempts": 0,
        "best_score": 26.0,
        "status": "Failed"
      },
      {
        "course_code": "NUS116",
        "original_score": 48.0,
        "semester": "ND-FIRST-YEAR-FIRST-SEMESTER",
        "set": "ND-2024",
        "resit_attempts": 0,
        "best_score": 48.0,
        "status": "Failed"
      }
    ],
    "semester": "ND-FIRST-YEAR-FIRST-SEMESTER",
    "set": "ND-2024",
    "identified_date": "2025-11-09 02:56:38",
    "total_resit_attempts": 0,
    "status": "Active"
  },
  {
    "exam_number": "FCTCONS/ND24/075",
    "name": "DENEN RUTH DOOSE",
    "failed_courses": [
      {
        "course_code": "NUS111",
        "original_score": 49.0,
        "semester": "ND-FIRST-YEAR-FIRST-SEMESTER",
        "set": "ND-2024",
        "resit_attempts": 0,
        "best_score": 49.0,
        "status": "Failed"
      }
    ],
    "semester": "ND-FIRST-YEAR-FIRST-SEMESTER",
    "set": "ND-2024",
    "identified_date": "2025-11-09 02:56:38",
    "total_resit_attempts": 0,
    "status": "Active"
  },
  {
    "exam_number": "FCTCONS/ND24/076",
    "name": "OCHOLI TREASURE EGUYE",
    "failed_courses": [
      {
        "course_code": "GNS102",
        "original_score": 42.0,
        "semester": "ND-FIRST-YEAR-FIRST-SEMESTER",
        "set": "ND-2024",
        "resit_attempts": 0,
        "best_score": 42.0,
        "status": "Failed"
      },
      {
        "course_code": "NUS117",
        "original_score": 36.0,
        "semester": "ND-FIRST-YEAR-FIRST-SEMESTER",
        "set": "ND-2024",
        "resit_attempts": 0,
        "best_score": 36.0,
        "status": "Failed"
      }
    ],
    "semester": "ND-FIRST-YEAR-FIRST-SEMESTER",
    "set": "ND-2024",
    "identified_date": "2025-11-09 02:56:38",
    "total_resit_attempts": 0,
    "status": "Active"
  },
  {
    "exam_number": "FCTCONS/ND24/077",
    "name": "OODOH COMFORT ONYENEFU",
    "failed_courses": [
      {
        "course_code": "NUS112",
        "original_score": 38.0,
        "semester": "ND-FIRST-YEAR-FIRST-SEMESTER",
        "set": "ND-2024",
        "resit_attempts": 0,
        "best_score": 38.0,
        "status": "Failed"
      },
      {
        "course_code": "NUS113",
        "original_score": 22.0,
        "semester": "ND-FIRST-YEAR-FIRST-SEMESTER",
        "set": "ND-2024",
        "resit_attempts": 0,
        "best_score": 22.0,
        "status": "Failed"
      },
      {
        "course_code": "NUS116",
        "original_score": 20.0,
        "semester": "ND-FIRST-YEAR-FIRST-SEMESTER",
        "set": "ND-2024",
        "resit_attempts": 0,
        "best_score": 20.0,
        "status": "Failed"
      }
    ],
    "semester": "ND-FIRST-YEAR-FIRST-SEMESTER",
    "set": "ND-2024",
    "identified_date": "2025-11-09 02:56:38",
    "total_resit_attempts": 0,
    "status": "Active"
  },
  {
    "exam_number": "FCTCONS/ND24/079",
    "name": "IBRAHIM MURJANATU",
    "failed_courses": [
      {
        "course_code": "NUS113",
        "original_score": 21.0,
        "semester": "ND-FIRST-YEAR-FIRST-SEMESTER",
        "set": "ND-2024",
        "resit_attempts": 0,
        "best_score": 21.0,
        "status": "Failed"
      },
      {
        "course_code": "NUS114",
        "original_score": 41.0,
        "semester": "ND-FIRST-YEAR-FIRST-SEMESTER",
        "set": "ND-2024",
        "resit_attempts": 0,
        "best_score": 41.0,
        "status": "Failed"
      },
      {
        "course_code": "NUS115",
        "original_score": 46.0,
        "semester": "ND-FIRST-YEAR-FIRST-SEMESTER",
        "set": "ND-2024",
        "resit_attempts": 0,
        "best_score": 46.0,
        "status": "Failed"
      },
      {
        "course_code": "NUS117",
        "original_score": 24.0,
        "semester": "ND-FIRST-YEAR-FIRST-SEMESTER",
        "set": "ND-2024",
        "resit_attempts": 0,
        "best_score": 24.0,
        "status": "Failed"
      }
    ],
    "semester": "ND-FIRST-YEAR-FIRST-SEMESTER",
    "set": "ND-2024",
    "identified_date": "2025-11-09 02:56:38",
    "total_resit_attempts": 0,
    "status": "Active"
  },
  {
    "exam_number": "FCTCONS/ND24/086",
    "name": "BARNABAS RITA SIMNOM",
    "failed_courses": [
      {
        "course_code": "NUS113",
        "original_score": 46.0,
        "semester": "ND-FIRST-YEAR-FIRST-SEMESTER",
        "set": "ND-2024",
        "resit_attempts": 0,
        "best_score": 46.0,
        "status": "Failed"
      },
      {
        "course_code": "NUS114",
        "original_score": 44.0,
        "semester": "ND-FIRST-YEAR-FIRST-SEMESTER",
        "set": "ND-2024",
        "resit_attempts": 0,
        "best_score": 44.0,
        "status": "Failed"
      },
      {
        "course_code": "NUS117",
        "original_score": 20.0,
        "semester": "ND-FIRST-YEAR-FIRST-SEMESTER",
        "set": "ND-2024",
        "resit_attempts": 0,
        "best_score": 20.0,
        "status": "Failed"
      }
    ],
    "semester": "ND-FIRST-YEAR-FIRST-SEMESTER",
    "set": "ND-2024",
    "identified_date": "2025-11-09 02:56:38",
    "total_resit_attempts": 0,
    "status": "Active"
  },
  {
    "exam_number": "FCTCONS/ND24/088",
    "name": "DUSU FAITH HARUNA",
    "failed_courses": [
      {
        "course_code": "NUS111",
        "original_score": 30.0,
        "semester": "ND-FIRST-YEAR-FIRST-SEMESTER",
        "set": "ND-2024",
        "resit_attempts": 0,
        "best_score": 30.0,
        "status": "Failed"
      },
      {
        "course_code": "NUS115",
        "original_score": 28.0,
        "semester": "ND-FIRST-YEAR-FIRST-SEMESTER",
        "set": "ND-2024",
        "resit_attempts": 0,
        "best_score": 28.0,
        "status": "Failed"
      },
      {
        "course_code": "NUS116",
        "original_score": 44.0,
        "semester": "ND-FIRST-YEAR-FIRST-SEMESTER",
        "set": "ND-2024",
        "resit_attempts": 0,
        "best_score": 44.0,
        "status": "Failed"
      },
      {
        "course_code": "NUS117",
        "original_score": 37.0,
        "semester": "ND-FIRST-YEAR-FIRST-SEMESTER",
        "set": "ND-2024",
        "resit_attempts": 0,
        "best_score": 37.0,
        "status": "Failed"
      },
      {
        "course_code": "GNS111",
        "original_score": 26.0,
        "semester": "ND-FIRST-YEAR-FIRST-SEMESTER",
        "set": "ND-2024",
        "resit_attempts": 0,
        "best_score": 26.0,
        "status": "Failed"
      }
    ],
    "semester": "ND-FIRST-YEAR-FIRST-SEMESTER",
    "set": "ND-2024",
    "identified_date": "2025-11-09 02:56:38",
    "total_resit_attempts": 0,
    "status": "Active"
  },
  {
    "exam_number": "FCTCONS/ND24/091",
    "name": "DANLADI MERCY",
    "failed_courses": [
      {
        "course_code": "NUS114",
        "original_score": 47.0,
        "semester": "ND-FIRST-YEAR-FIRST-SEMESTER",
        "set": "ND-2024",
        "resit_attempts": 0,
        "best_score": 47.0,
        "status": "Failed"
      },
      {
        "course_code": "NUS115",
        "original_score": 37.0,
        "semester": "ND-FIRST-YEAR-FIRST-SEMESTER",
        "set": "ND-2024",
        "resit_attempts": 0,
        "best_score": 37.0,
        "status": "Failed"
      },
      {
        "course_code": "NUS117",
        "original_score": 36.0,
        "semester": "ND-FIRST-YEAR-FIRST-SEMESTER",
        "set": "ND-2024",
        "resit_attempts": 0,
        "best_score": 36.0,
        "status": "Failed"
      }
    ],
    "semester": "ND-FIRST-YEAR-FIRST-SEMESTER",
    "set": "ND-2024",
    "identified_date": "2025-11-09 02:56:38",
    "total_resit_attempts": 0,
    "status": "Active"
  },
  {
    "exam_number": "FCTCONS/ND24/092",
    "name": "OKUCHE KOSISOCHUKWU SCHOLARSTICA",
    "failed_courses": [
      {
        "course_code": "GNS102",
        "original_score": 42.0,
        "semester": "ND-FIRST-YEAR-FIRST-SEMESTER",
        "set": "ND-2024",
        "resit_attempts": 0,
        "best_score": 42.0,
        "status": "Failed"
      },
      {
        "course_code": "NUS116",
        "original_score": 24.0,
        "semester": "ND-FIRST-YEAR-FIRST-SEMESTER",
        "set": "ND-2024",
        "resit_attempts": 0,
        "best_score": 24.0,
        "status": "Failed"
      },
      {
        "course_code": "NUS117",
        "original_score": 34.0,
        "semester": "ND-FIRST-YEAR-FIRST-SEMESTER",
        "set": "ND-2024",
        "resit_attempts": 0,
        "best_score": 34.0,
        "status": "Failed"
      }
    ],
    "semester": "ND-FIRST-YEAR-FIRST-SEMESTER",
    "set": "ND-2024",
    "identified_date": "2025-11-09 02:56:38",
    "total_resit_attempts": 0,
    "status": "Active"
  },
  {
    "exam_number": "FCTCONS/ND24/096",
    "name": "OKAFOR UWAOMA VICTORY",
    "failed_courses": [
      {
        "course_code": "GNS102",
        "original_score": 35.0,
        "semester": "ND-FIRST-YEAR-FIRST-SEMESTER",
        "set": "ND-2024",
        "resit_attempts": 0,
        "best_score": 35.0,
        "status": "Failed"
      },
      {
        "course_code": "NUS112",
        "original_score": 23.0,
        "semester": "ND-FIRST-YEAR-FIRST-SEMESTER",
        "set": "ND-2024",
        "resit_attempts": 0,
        "best_score": 23.0,
        "status": "Failed"
      },
      {
        "course_code": "NUS115",
        "original_score": 42.0,
        "semester": "ND-FIRST-YEAR-FIRST-SEMESTER",
        "set": "ND-2024",
        "resit_attempts": 0,
        "best_score": 42.0,
        "status": "Failed"
      },
      {
        "course_code": "NUS116",
        "original_score": 48.0,
        "semester": "ND-FIRST-YEAR-FIRST-SEMESTER",
        "set": "ND-2024",
        "resit_attempts": 0,
        "best_score": 48.0,
        "status": "Failed"
      },
      {
        "course_code": "NUS117",
        "original_score": 10.0,
        "semester": "ND-FIRST-YEAR-FIRST-SEMESTER",
        "set": "ND-2024",
        "resit_attempts": 0,
        "best_score": 10.0,
        "status": "Failed"
      }
    ],
    "semester": "ND-FIRST-YEAR-FIRST-SEMESTER",
    "set": "ND-2024",
    "identified_date": "2025-11-09 02:56:38",
    "total_resit_attempts": 0,
    "status": "Active"
  },
  {
    "exam_number": "FCTCONS/ND24/097",
    "name": "UCHE ULOMA",
    "failed_courses": [
      {
        "course_code": "GNS102",
        "original_score": 42.0,
        "semester": "ND-FIRST-YEAR-FIRST-SEMESTER",
        "set": "ND-2024",
        "resit_attempts": 0,
        "best_score": 42.0,
        "status": "Failed"
      },
      {
        "course_code": "NUS112",
        "original_score": 42.0,
        "semester": "ND-FIRST-YEAR-FIRST-SEMESTER",
        "set": "ND-2024",
        "resit_attempts": 0,
        "best_score": 42.0,
        "status": "Failed"
      },
      {
        "course_code": "NUS114",
        "original_score": 32.0,
        "semester": "ND-FIRST-YEAR-FIRST-SEMESTER",
        "set": "ND-2024",
        "resit_attempts": 0,
        "best_score": 32.0,
        "status": "Failed"
      },
      {
        "course_code": "NUS115",
        "original_score": 18.0,
        "semester": "ND-FIRST-YEAR-FIRST-SEMESTER",
        "set": "ND-2024",
        "resit_attempts": 0,
        "best_score": 18.0,
        "status": "Failed"
      }
    ],
    "semester": "ND-FIRST-YEAR-FIRST-SEMESTER",
    "set": "ND-2024",
    "identified_date": "2025-11-09 02:56:38",
    "total_resit_attempts": 0,
    "status": "Active"
  },
  {
    "exam_number": "FCTCONS/ND24/098",
    "name": "SULEIMAN MARYAM HARUNA",
    "failed_courses": [
      {
        "course_code": "NUS112",
        "original_score": 40.0,
        "semester": "ND-FIRST-YEAR-FIRST-SEMESTER",
        "set": "ND-2024",
        "resit_attempts": 0,
        "best_score": 40.0,
        "status": "Failed"
      },
      {
        "course_code": "NUS113",
        "original_score": 34.0,
        "semester": "ND-FIRST-YEAR-FIRST-SEMESTER",
        "set": "ND-2024",
        "resit_attempts": 0,
        "best_score": 34.0,
        "status": "Failed"
      },
      {
        "course_code": "NUS114",
        "original_score": 36.0,
        "semester": "ND-FIRST-YEAR-FIRST-SEMESTER",
        "set": "ND-2024",
        "resit_attempts": 0,
        "best_score": 36.0,
        "status": "Failed"
      }
    ],
    "semester": "ND-FIRST-YEAR-FIRST-SEMESTER",
    "set": "ND-2024",
    "identified_date": "2025-11-09 02:56:38",
    "total_resit_attempts": 0,
    "status": "Active"
  },
  {
    "exam_number": "FCTCONS/ND24/100",
    "name": "BAMIDELE FAVOUR DUPE",
    "failed_courses": [
      {
        "course_code": "NUS111",
        "original_score": 18.0,
        "semester": "ND-FIRST-YEAR-FIRST-SEMESTER",
        "set": "ND-2024",
        "resit_attempts": 0,
        "best_score": 18.0,
        "status": "Failed"
      },
      {
        "course_code": "GNS111",
        "original_score": 23.0,
        "semester": "ND-FIRST-YEAR-FIRST-SEMESTER",
        "set": "ND-2024",
        "resit_attempts": 0,
        "best_score": 23.0,
        "status": "Failed"
      }
    ],
    "semester": "ND-FIRST-YEAR-FIRST-SEMESTER",
    "set": "ND-2024",
    "identified_date": "2025-11-09 02:56:38",
    "total_resit_attempts": 0,
    "status": "Active"
  },
  {
    "exam_number": "FCTCONS/ND24/102",
    "name": "MICHEAL CATHERINE",
    "failed_courses": [
      {
        "course_code": "NUS112",
        "original_score": 46.0,
        "semester": "ND-FIRST-YEAR-FIRST-SEMESTER",
        "set": "ND-2024",
        "resit_attempts": 0,
        "best_score": 46.0,
        "status": "Failed"
      },
      {
        "course_code": "NUS114",
        "original_score": 40.0,
        "semester": "ND-FIRST-YEAR-FIRST-SEMESTER",
        "set": "ND-2024",
        "resit_attempts": 0,
        "best_score": 40.0,
        "status": "Failed"
      },
      {
        "course_code": "NUS115",
        "original_score": 46.0,
        "semester": "ND-FIRST-YEAR-FIRST-SEMESTER",
        "set": "ND-2024",
        "resit_attempts": 0,
        "best_score": 46.0,
        "status": "Failed"
      },
      {
        "course_code": "NUS116",
        "original_score": 24.0,
        "semester": "ND-FIRST-YEAR-FIRST-SEMESTER",
        "set": "ND-2024",
        "resit_attempts": 0,
        "best_score": 24.0,
        "status": "Failed"
      },
      {
        "course_code": "GNS111",
        "original_score": 26.0,
        "semester": "ND-FIRST-YEAR-FIRST-SEMESTER",
        "set": "ND-2024",
        "resit_attempts": 0,
        "best_score": 26.0,
        "status": "Failed"
      }
    ],
    "semester": "ND-FIRST-YEAR-FIRST-SEMESTER",
    "set": "ND-2024",
    "identified_date": "2025-11-09 02:56:38",
    "total_resit_attempts": 0,
    "status": "Active"
  },
  {
    "exam_number": "FCTCONS/ND24/103",
    "name": "WAKILI SHEJIYABA CONFIDENCE",
    "failed_courses": [
      {
        "course_code": "NUS114",
        "original_score": 48.0,
        "semester": "ND-FIRST-YEAR-FIRST-SEMESTER",
        "set": "ND-2024",
        "resit_attempts": 0,
        "best_score": 48.0,
        "status": "Failed"
      },
      {
        "course_code": "NUS115",
        "original_score": 48.0,
        "semester": "ND-FIRST-YEAR-FIRST-SEMESTER",
        "set": "ND-2024",
        "resit_attempts": 0,
        "best_score": 48.0,
        "status": "Failed"
      },
      {
        "course_code": "NUS117",
        "original_score": 27.0,
        "semester": "ND-FIRST-YEAR-FIRST-SEMESTER",
        "set": "ND-2024",
        "resit_attempts": 0,
        "best_score": 27.0,
        "status": "Failed"
      }
    ],
    "semester": "ND-FIRST-YEAR-FIRST-SEMESTER",
    "set": "ND-2024",
    "identified_date": "2025-11-09 02:56:38",
    "total_resit_attempts": 0,
    "status": "Active"
  },
  {
    "exam_number": "FCTCONS/ND24/110",
    "name": "ABOKO DAVID JUNIOR",
    "failed_courses": [
      {
        "course_code": "NUS111",
        "original_score": 40.0,
        "semester": "ND-FIRST-YEAR-FIRST-SEMESTER",
        "set": "ND-2024",
        "resit_attempts": 0,
        "best_score": 40.0,
        "status": "Failed"
      },
      {
        "course_code": "NUS114",
        "original_score": 34.0,
        "semester": "ND-FIRST-YEAR-FIRST-SEMESTER",
        "set": "ND-2024",
        "resit_attempts": 0,
        "best_score": 34.0,
        "status": "Failed"
      },
      {
        "course_code": "NUR111",
        "original_score": 32.0,
        "semester": "ND-FIRST-YEAR-FIRST-SEMESTER",
        "set": "ND-2024",
        "resit_attempts": 0,
        "best_score": 32.0,
        "status": "Failed"
      }
    ],
    "semester": "ND-FIRST-YEAR-FIRST-SEMESTER",
    "set": "ND-2024",
    "identified_date": "2025-11-09 02:56:38",
    "total_resit_attempts": 0,
    "status": "Active"
  },
  {
    "exam_number": "FCTCONS/ND24/112",
    "name": "FOLORUNSHO AANUOLUWA PRECIOUS",
    "failed_courses": [
      {
        "course_code": "NUS114",
        "original_score": 20.0,
        "semester": "ND-FIRST-YEAR-FIRST-SEMESTER",
        "set": "ND-2024",
        "resit_attempts": 0,
        "best_score": 20.0,
        "status": "Failed"
      },
      {
        "course_code": "NUR111",
        "original_score": 42.0,
        "semester": "ND-FIRST-YEAR-FIRST-SEMESTER",
        "set": "ND-2024",
        "resit_attempts": 0,
        "best_score": 42.0,
        "status": "Failed"
      },
      {
        "course_code": "NUS115",
        "original_score": 23.0,
        "semester": "ND-FIRST-YEAR-FIRST-SEMESTER",
        "set": "ND-2024",
        "resit_attempts": 0,
        "best_score": 23.0,
        "status": "Failed"
      }
    ],
    "semester": "ND-FIRST-YEAR-FIRST-SEMESTER",
    "set": "ND-2024",
    "identified_date": "2025-11-09 02:56:38",
    "total_resit_attempts": 0,
    "status": "Active"
  },
  {
    "exam_number": "FCTCONS/ND24/114",
    "name": "YUSUF BASHIRAT ADEOLA",
    "failed_courses": [
      {
        "course_code": "NUS112",
        "original_score": 40.0,
        "semester": "ND-FIRST-YEAR-FIRST-SEMESTER",
        "set": "ND-2024",
        "resit_attempts": 0,
        "best_score": 40.0,
        "status": "Failed"
      },
      {
        "course_code": "GNS111",
        "original_score": 43.0,
        "semester": "ND-FIRST-YEAR-FIRST-SEMESTER",
        "set": "ND-2024",
        "resit_attempts": 0,
        "best_score": 43.0,
        "status": "Failed"
      }
    ],
    "semester": "ND-FIRST-YEAR-FIRST-SEMESTER",
    "set": "ND-2024",
    "identified_date": "2025-11-09 02:56:38",
    "total_resit_attempts": 0,
    "status": "Active"
  },
  {
    "exam_number": "FCTCONS/ND24/119",
    "name": "OGUEJI TREASURE UKAMAKA",
    "failed_courses": [
      {
        "course_code": "GNS102",
        "original_score": 39.0,
        "semester": "ND-FIRST-YEAR-FIRST-SEMESTER",
        "set": "ND-2024",
        "resit_attempts": 0,
        "best_score": 39.0,
        "status": "Failed"
      },
      {
        "course_code": "NUS114",
        "original_score": 34.0,
        "semester": "ND-FIRST-YEAR-FIRST-SEMESTER",
        "set": "ND-2024",
        "resit_attempts": 0,
        "best_score": 34.0,
        "status": "Failed"
      },
      {
        "course_code": "NUS115",
        "original_score": 49.0,
        "semester": "ND-FIRST-YEAR-FIRST-SEMESTER",
        "set": "ND-2024",
        "resit_attempts": 0,
        "best_score": 49.0,
        "status": "Failed"
      }
    ],
    "semester": "ND-FIRST-YEAR-FIRST-SEMESTER",
    "set": "ND-2024",
    "identified_date": "2025-11-09 02:56:38",
    "total_resit_attempts": 0,
    "status": "Active"
  },
  {
    "exam_number": "FCTCONS/ND24/120",
    "name": "EMMANUEL ZIPPORAH",
    "failed_courses": [
      {
        "course_code": "GNS102",
        "original_score": 25.0,
        "semester": "ND-FIRST-YEAR-FIRST-SEMESTER",
        "set": "ND-2024",
        "resit_attempts": 0,
        "best_score": 25.0,
        "status": "Failed"
      },
      {
        "course_code": "NUS112",
        "original_score": 40.0,
        "semester": "ND-FIRST-YEAR-FIRST-SEMESTER",
        "set": "ND-2024",
        "resit_attempts": 0,
        "best_score": 40.0,
        "status": "Failed"
      },
      {
        "course_code": "NUS117",
        "original_score": 46.0,
        "semester": "ND-FIRST-YEAR-FIRST-SEMESTER",
        "set": "ND-2024",
        "resit_attempts": 0,
        "best_score": 46.0,
        "status": "Failed"
      }
    ],
    "semester": "ND-FIRST-YEAR-FIRST-SEMESTER",
    "set": "ND-2024",
    "identified_date": "2025-11-09 02:56:38",
    "total_resit_attempts": 0,
    "status": "Active"
  },
  {
    "exam_number": "FCTCONS/ND24/121",
    "name": "HUSSAINI AISHA KUCHI",
    "failed_courses": [
      {
        "course_code": "GNS102",
        "original_score": 41.0,
        "semester": "ND-FIRST-YEAR-FIRST-SEMESTER",
        "set": "ND-2024",
        "resit_attempts": 0,
        "best_score": 41.0,
        "status": "Failed"
      },
      {
        "course_code": "NUS115",
        "original_score": 28.0,
        "semester": "ND-FIRST-YEAR-FIRST-SEMESTER",
        "set": "ND-2024",
        "resit_attempts": 0,
        "best_score": 28.0,
        "status": "Failed"
      },
      {
        "course_code": "NUS116",
        "original_score": 34.0,
        "semester": "ND-FIRST-YEAR-FIRST-SEMESTER",
        "set": "ND-2024",
        "resit_attempts": 0,
        "best_score": 34.0,
        "status": "Failed"
      },
      {
        "course_code": "NUS117",
        "original_score": 36.0,
        "semester": "ND-FIRST-YEAR-FIRST-SEMESTER",
        "set": "ND-2024",
        "resit_attempts": 0,
        "best_score": 36.0,
        "status": "Failed"
      },
      {
        "course_code": "GNS111",
        "original_score": 44.0,
        "semester": "ND-FIRST-YEAR-FIRST-SEMESTER",
        "set": "ND-2024",
        "resit_attempts": 0,
        "best_score": 44.0,
        "status": "Failed"
      }
    ],
    "semester": "ND-FIRST-YEAR-FIRST-SEMESTER",
    "set": "ND-2024",
    "identified_date": "2025-11-09 02:56:38",
    "total_resit_attempts": 0,
    "status": "Active"
  },
  {
    "exam_number": "FCTCONS/ND24/122",
    "name": "ONYEKWELU CHIAMAKA EUGENIA",
    "failed_courses": [
      {
        "course_code": "NUS111",
        "original_score": 34.0,
        "semester": "ND-FIRST-YEAR-FIRST-SEMESTER",
        "set": "ND-2024",
        "resit_attempts": 0,
        "best_score": 34.0,
        "status": "Failed"
      },
      {
        "course_code": "NUS112",
        "original_score": 48.0,
        "semester": "ND-FIRST-YEAR-FIRST-SEMESTER",
        "set": "ND-2024",
        "resit_attempts": 0,
        "best_score": 48.0,
        "status": "Failed"
      }
    ],
    "semester": "ND-FIRST-YEAR-FIRST-SEMESTER",
    "set": "ND-2024",
    "identified_date": "2025-11-09 02:56:38",
    "total_resit_attempts": 0,
    "status": "Active"
  },
  {
    "exam_number": "FCTCONS/ND24/123",
    "name": "HASSAN SOPHIA AISOSA",
    "failed_courses": [
      {
        "course_code": "NUS113",
        "original_score": 40.0,
        "semester": "ND-FIRST-YEAR-FIRST-SEMESTER",
        "set": "ND-2024",
        "resit_attempts": 0,
        "best_score": 40.0,
        "status": "Failed"
      },
      {
        "course_code": "NUS115",
        "original_score": 49.0,
        "semester": "ND-FIRST-YEAR-FIRST-SEMESTER",
        "set": "ND-2024",
        "resit_attempts": 0,
        "best_score": 49.0,
        "status": "Failed"
      },
      {
        "course_code": "NUS117",
        "original_score": 36.0,
        "semester": "ND-FIRST-YEAR-FIRST-SEMESTER",
        "set": "ND-2024",
        "resit_attempts": 0,
        "best_score": 36.0,
        "status": "Failed"
      }
    ],
    "semester": "ND-FIRST-YEAR-FIRST-SEMESTER",
    "set": "ND-2024",
    "identified_date": "2025-11-09 02:56:38",
    "total_resit_attempts": 0,
    "status": "Active"
  },
  {
    "exam_number": "FCTCONS/ND24/124",
    "name": "IGWE GOODNESS CHINEYENWA",
    "failed_courses": [
      {
        "course_code": "NUS114",
        "original_score": 38.0,
        "semester": "ND-FIRST-YEAR-FIRST-SEMESTER",
        "set": "ND-2024",
        "resit_attempts": 0,
        "best_score": 38.0,
        "status": "Failed"
      },
      {
        "course_code": "NUS117",
        "original_score": 27.0,
        "semester": "ND-FIRST-YEAR-FIRST-SEMESTER",
        "set": "ND-2024",
        "resit_attempts": 0,
        "best_score": 27.0,
        "status": "Failed"
      },
      {
        "course_code": "GNS111",
        "original_score": 48.0,
        "semester": "ND-FIRST-YEAR-FIRST-SEMESTER",
        "set": "ND-2024",
        "resit_attempts": 0,
        "best_score": 48.0,
        "status": "Failed"
      }
    ],
    "semester": "ND-FIRST-YEAR-FIRST-SEMESTER",
    "set": "ND-2024",
    "identified_date": "2025-11-09 02:56:38",
    "total_resit_attempts": 0,
    "status": "Active"
  },
  {
    "exam_number": "FCTCONS/ND24/125",
    "name": "OKAH ANNA UDUMMA",
    "failed_courses": [
      {
        "course_code": "NUS114",
        "original_score": 12.0,
        "semester": "ND-FIRST-YEAR-FIRST-SEMESTER",
        "set": "ND-2024",
        "resit_attempts": 0,
        "best_score": 12.0,
        "status": "Failed"
      },
      {
        "course_code": "NUR111",
        "original_score": 48.0,
        "semester": "ND-FIRST-YEAR-FIRST-SEMESTER",
        "set": "ND-2024",
        "resit_attempts": 0,
        "best_score": 48.0,
        "status": "Failed"
      },
      {
        "course_code": "NUS116",
        "original_score": 28.0,
        "semester": "ND-FIRST-YEAR-FIRST-SEMESTER",
        "set": "ND-2024",
        "resit_attempts": 0,
        "best_score": 28.0,
        "status": "Failed"
      }
    ],
    "semester": "ND-FIRST-YEAR-FIRST-SEMESTER",
    "set": "ND-2024",
    "identified_date": "2025-11-09 02:56:38",
    "total_resit_attempts": 0,
    "status": "Active"
  },
  {
    "exam_number": "FCTCONS/ND24/128",
    "name": "CHIME KENECHI PAULINE",
    "failed_courses": [
      {
        "course_code": "GNS102",
        "original_score": 43.0,
        "semester": "ND-FIRST-YEAR-FIRST-SEMESTER",
        "set": "ND-2024",
        "resit_attempts": 0,
        "best_score": 43.0,
        "status": "Failed"
      },
      {
        "course_code": "NUS111",
        "original_score": 48.0,
        "semester": "ND-FIRST-YEAR-FIRST-SEMESTER",
        "set": "ND-2024",
        "resit_attempts": 0,
        "best_score": 48.0,
        "status": "Failed"
      },
      {
        "course_code": "NUS113",
        "original_score": 35.0,
        "semester": "ND-FIRST-YEAR-FIRST-SEMESTER",
        "set": "ND-2024",
        "resit_attempts": 0,
        "best_score": 35.0,
        "status": "Failed"
      },
      {
        "course_code": "GNS111",
        "original_score": 27.0,
        "semester": "ND-FIRST-YEAR-FIRST-SEMESTER",
        "set": "ND-2024",
        "resit_attempts": 0,
        "best_score": 27.0,
        "status": "Failed"
      }
    ],
    "semester": "ND-FIRST-YEAR-FIRST-SEMESTER",
    "set": "ND-2024",
    "identified_date": "2025-11-09 02:56:38",
    "total_resit_attempts": 0,
    "status": "Active"
  },
  {
    "exam_number": "FCTCONS/ND24/129",
    "name": "SAMUEL BEVERLY WENGIEBINIMI",
    "failed_courses": [
      {
        "course_code": "NUS113",
        "original_score": 46.0,
        "semester": "ND-FIRST-YEAR-FIRST-SEMESTER",
        "set": "ND-2024",
        "resit_attempts": 0,
        "best_score": 46.0,
        "status": "Failed"
      },
      {
        "course_code": "NUS115",
        "original_score": 16.0,
        "semester": "ND-FIRST-YEAR-FIRST-SEMESTER",
        "set": "ND-2024",
        "resit_attempts": 0,
        "best_score": 16.0,
        "status": "Failed"
      },
      {
        "course_code": "NUS116",
        "original_score": 32.0,
        "semester": "ND-FIRST-YEAR-FIRST-SEMESTER",
        "set": "ND-2024",
        "resit_attempts": 0,
        "best_score": 32.0,
        "status": "Failed"
      }
    ],
    "semester": "ND-FIRST-YEAR-FIRST-SEMESTER",
    "set": "ND-2024",
    "identified_date": "2025-11-09 02:56:38",
    "total_resit_attempts": 0,
    "status": "Active"
  },
  {
    "exam_number": "FCTCONS/ND24/133",
    "name": "ELEGHASIM DELIGHT CHIDINMA",
    "failed_courses": [
      {
        "course_code": "NUS113",
        "original_score": 42.0,
        "semester": "ND-FIRST-YEAR-FIRST-SEMESTER",
        "set": "ND-2024",
        "resit_attempts": 0,
        "best_score": 42.0,
        "status": "Failed"
      }
    ],
    "semester": "ND-FIRST-YEAR-FIRST-SEMESTER",
    "set": "ND-2024",
    "identified_date": "2025-11-09 02:56:38",
    "total_resit_attempts": 0,
    "status": "Active"
  },
  {
    "exam_number": "FCTCONS/ND24/134",
    "name": "NUHU FAVOUR AUDU",
    "failed_courses": [
      {
        "course_code": "GNS102",
        "original_score": 16.0,
        "semester": "ND-FIRST-YEAR-FIRST-SEMESTER",
        "set": "ND-2024",
        "resit_attempts": 0,
        "best_score": 16.0,
        "status": "Failed"
      },
      {
        "course_code": "NUS111",
        "original_score": 44.0,
        "semester": "ND-FIRST-YEAR-FIRST-SEMESTER",
        "set": "ND-2024",
        "resit_attempts": 0,
        "best_score": 44.0,
        "status": "Failed"
      },
      {
        "course_code": "NUS112",
        "original_score": 49.0,
        "semester": "ND-FIRST-YEAR-FIRST-SEMESTER",
        "set": "ND-2024",
        "resit_attempts": 0,
        "best_score": 49.0,
        "status": "Failed"
      },
      {
        "course_code": "NUS114",
        "original_score": 48.0,
        "semester": "ND-FIRST-YEAR-FIRST-SEMESTER",
        "set": "ND-2024",
        "resit_attempts": 0,
        "best_score": 48.0,
        "status": "Failed"
      },
      {
        "course_code": "NUS116",
        "original_score": 40.0,
        "semester": "ND-FIRST-YEAR-FIRST-SEMESTER",
        "set": "ND-2024",
        "resit_attempts": 0,
        "best_score": 40.0,
        "status": "Failed"
      }
    ],
    "semester": "ND-FIRST-YEAR-FIRST-SEMESTER",
    "set": "ND-2024",
    "identified_date": "2025-11-09 02:56:38",
    "total_resit_attempts": 0,
    "status": "Active"
  },
  {
    "exam_number": "FCTCONS/ND24/135",
    "name": "ABDUL-RAHMAN NABILA ONIZE",
    "failed_courses": [
      {
        "course_code": "GNS102",
        "original_score": 36.0,
        "semester": "ND-FIRST-YEAR-FIRST-SEMESTER",
        "set": "ND-2024",
        "resit_attempts": 0,
        "best_score": 36.0,
        "status": "Failed"
      },
      {
        "course_code": "NUS112",
        "original_score": 49.0,
        "semester": "ND-FIRST-YEAR-FIRST-SEMESTER",
        "set": "ND-2024",
        "resit_attempts": 0,
        "best_score": 49.0,
        "status": "Failed"
      },
      {
        "course_code": "NUS115",
        "original_score": 38.0,
        "semester": "ND-FIRST-YEAR-FIRST-SEMESTER",
        "set": "ND-2024",
        "resit_attempts": 0,
        "best_score": 38.0,
        "status": "Failed"
      },
      {
        "course_code": "NUS117",
        "original_score": 28.0,
        "semester": "ND-FIRST-YEAR-FIRST-SEMESTER",
        "set": "ND-2024",
        "resit_attempts": 0,
        "best_score": 28.0,
        "status": "Failed"
      }
    ],
    "semester": "ND-FIRST-YEAR-FIRST-SEMESTER",
    "set": "ND-2024",
    "identified_date": "2025-11-09 02:56:38",
    "total_resit_attempts": 0,
    "status": "Active"
  },
  {
    "exam_number": "FCTCONS/ND24/136",
    "name": "JACOB OJIMA PENIEL",
    "failed_courses": [
      {
        "course_code": "NUS112",
        "original_score": 34.0,
        "semester": "ND-FIRST-YEAR-FIRST-SEMESTER",
        "set": "ND-2024",
        "resit_attempts": 0,
        "best_score": 34.0,
        "status": "Failed"
      },
      {
        "course_code": "NUR111",
        "original_score": 43.0,
        "semester": "ND-FIRST-YEAR-FIRST-SEMESTER",
        "set": "ND-2024",
        "resit_attempts": 0,
        "best_score": 43.0,
        "status": "Failed"
      },
      {
        "course_code": "NUS116",
        "original_score": 35.0,
        "semester": "ND-FIRST-YEAR-FIRST-SEMESTER",
        "set": "ND-2024",
        "resit_attempts": 0,
        "best_score": 35.0,
        "status": "Failed"
      }
    ],
    "semester": "ND-FIRST-YEAR-FIRST-SEMESTER",
    "set": "ND-2024",
    "identified_date": "2025-11-09 02:56:38",
    "total_resit_attempts": 0,
    "status": "Active"
  },
  {
    "exam_number": "FCTCONS/ND24/137",
    "name": "ELIZABETH DANIEL",
    "failed_courses": [
      {
        "course_code": "NUS111",
        "original_score": 47.0,
        "semester": "ND-FIRST-YEAR-FIRST-SEMESTER",
        "set": "ND-2024",
        "resit_attempts": 0,
        "best_score": 47.0,
        "status": "Failed"
      },
      {
        "course_code": "NUS113",
        "original_score": 23.0,
        "semester": "ND-FIRST-YEAR-FIRST-SEMESTER",
        "set": "ND-2024",
        "resit_attempts": 0,
        "best_score": 23.0,
        "status": "Failed"
      },
      {
        "course_code": "NUS116",
        "original_score": 16.0,
        "semester": "ND-FIRST-YEAR-FIRST-SEMESTER",
        "set": "ND-2024",
        "resit_attempts": 0,
        "best_score": 16.0,
        "status": "Failed"
      }
    ],
    "semester": "ND-FIRST-YEAR-FIRST-SEMESTER",
    "set": "ND-2024",
    "identified_date": "2025-11-09 02:56:38",
    "total_resit_attempts": 0,
    "status": "Active"
  }
]