ND CARRYOVER RESULT REPORT,,,,,
FCT COLLEGE OF NURSING SCIENCES,,,,,
ND Set: ND-2024,,,,,
ND Semester: ND-FIRST-YEAR-SECOND-SEMESTER,,,,,
,,,,,
ND STUDENT INFORMATION,,,,,
Exam Number:,FCTCONS/ND24/096,,,,
Name:,OKAFOR UWAOMA VICTORY,,,,
,,,,,
ND PREVIOUS GPAs,,,,,
,,,,,
ND CURRENT ACADEMIC RECORD,,,,,
Current GPA:,4.04,,,,
Current CGPA:,4.0,,,,
,,,,,
ND RESIT COURSES,,,,,
Course Code,Course Title,Credit Unit,Original Score,Resit Score,Status
NUS122,Human Physiology II,2.0,49.0,65.0,PASSED
NUS124,Human Nutrition,3.0,48.0,65.0,PASSED
NUS125,Pharmacology I,3.0,40.0,60.0,PASSED
