{
  "FCTCONS/ND23/115": {
    "exam_number": "FCTCONS/ND23/115",
    "name": "OGETTE DEBORAH AFENOSOMI",
    "carryover_courses": {
      "GNS111": {
        "course_code": "GNS111",
        "course_title": "Citizenship Education I",
        "credit_unit": 2.0,
        "original_score": 45.0,
        "resit_score": 50.0
      }
    },
    "passed_resit_courses": {
      "GNS111": {
        "course_code": "GNS111",
        "course_title": "Citizenship Education I",
        "credit_unit": 2.0,
        "original_score": 45.0,
        "resit_score": 50.0
      }
    },
    "failed_resit_courses": {}
  },
  "FCTCONS/ND23/015": {
    "exam_number": "FCTCONS/ND23/015",
    "name": "AYIM FAITH",
    "carryover_courses": {
      "NUR111": {
        "course_code": "NUR111",
        "course_title": "Foundations of Nursing/ Emergency Care I",
        "credit_unit": 4.0,
        "original_score": 44.0,
        "resit_score": 52.0
      }
    },
    "passed_resit_courses": {
      "NUR111": {
        "course_code": "NUR111",
        "course_title": "Foundations of Nursing/ Emergency Care I",
        "credit_unit": 4.0,
        "original_score": 44.0,
        "resit_score": 52.0
      }
    },
    "failed_resit_courses": {}
  },
  "FCTCONS/ND23/110": {
    "exam_number": "FCTCONS/ND23/110",
    "name": "DENNIS EMMANUEL OLOCHE",
    "carryover_courses": {
      "NUR111": {
        "course_code": "NUR111",
        "course_title": "Foundations of Nursing/ Emergency Care I",
        "credit_unit": 4.0,
        "original_score": 42.0,
        "resit_score": 51.0
      }
    },
    "passed_resit_courses": {
      "NUR111": {
        "course_code": "NUR111",
        "course_title": "Foundations of Nursing/ Emergency Care I",
        "credit_unit": 4.0,
        "original_score": 42.0,
        "resit_score": 51.0
      }
    },
    "failed_resit_courses": {}
  },
  "FCTCONS/ND23/074": {
    "exam_number": "FCTCONS/ND23/074",
    "name": "ISAH HAFSAT ONAYI",
    "carryover_courses": {
      "NUS111": {
        "course_code": "NUS111",
        "course_title": "Applied Chemistry",
        "credit_unit": 2.0,
        "original_score": 39.0,
        "resit_score": 51.0
      },
      "GNS111": {
        "course_code": "GNS111",
        "course_title": "Citizenship Education I",
        "credit_unit": 2.0,
        "original_score": 43.0,
        "resit_score": 51.0
      }
    },
    "passed_resit_courses": {
      "NUS111": {
        "course_code": "NUS111",
        "course_title": "Applied Chemistry",
        "credit_unit": 2.0,
        "original_score": 39.0,
        "resit_score": 51.0
      },
      "GNS111": {
        "course_code": "GNS111",
        "course_title": "Citizenship Education I",
        "credit_unit": 2.0,
        "original_score": 43.0,
        "resit_score": 51.0
      }
    },
    "failed_resit_courses": {}
  },
  "FCTCONS/ND23/101": {
    "exam_number": "FCTCONS/ND23/101",
    "name": "FRANCIS BERNICE KULAN",
    "carryover_courses": {
      "GNS102": {
        "course_code": "GNS102",
        "course_title": "Communication in English I",
        "credit_unit": 2.0,
        "original_score": 45.0,
        "resit_score": 51.0
      }
    },
    "passed_resit_courses": {
      "GNS102": {
        "course_code": "GNS102",
        "course_title": "Communication in English I",
        "credit_unit": 2.0,
        "original_score": 45.0,
        "resit_score": 51.0
      }
    },
    "failed_resit_courses": {}
  },
  "FCTCONS/ND23/016": {
    "exam_number": "FCTCONS/ND23/016",
    "name": "UGWU PATIENCE CHINYENYE",
    "carryover_courses": {
      "GNS111": {
        "course_code": "GNS111",
        "course_title": "Citizenship Education I",
        "credit_unit": 2.0,
        "original_score": 45.0,
        "resit_score": 51.0
      },
      "NUR111": {
        "course_code": "NUR111",
        "course_title": "Foundations of Nursing/ Emergency Care I",
        "credit_unit": 4.0,
        "original_score": 40.0,
        "resit_score": 51.0
      }
    },
    "passed_resit_courses": {
      "GNS111": {
        "course_code": "GNS111",
        "course_title": "Citizenship Education I",
        "credit_unit": 2.0,
        "original_score": 45.0,
        "resit_score": 51.0
      },
      "NUR111": {
        "course_code": "NUR111",
        "course_title": "Foundations of Nursing/ Emergency Care I",
        "credit_unit": 4.0,
        "original_score": 40.0,
        "resit_score": 51.0
      }
    },
    "failed_resit_courses": {}
  },
  "FCTCONS/ND23/039": {
    "exam_number": "FCTCONS/ND23/039",
    "name": "JULIUS JIREH DUNG",
    "carryover_courses": {
      "NUS113": {
        "course_code": "NUS113",
        "course_title": "Human Anatomy I",
        "credit_unit": 4.0,
        "original_score": 46.0,
        "resit_score": 52.0
      }
    },
    "passed_resit_courses": {
      "NUS113": {
        "course_code": "NUS113",
        "course_title": "Human Anatomy I",
        "credit_unit": 4.0,
        "original_score": 46.0,
        "resit_score": 52.0
      }
    },
    "failed_resit_courses": {}
  },
  "FCTCONS/ND23/071": {
    "exam_number": "FCTCONS/ND23/071",
    "name": "IKADE LOVINA EKWOK",
    "carryover_courses": {
      "NUS111": {
        "course_code": "NUS111",
        "course_title": "Applied Chemistry",
        "credit_unit": 2.0,
        "original_score": 46.0,
        "resit_score": 51.0
      }
    },
    "passed_resit_courses": {
      "NUS111": {
        "course_code": "NUS111",
        "course_title": "Applied Chemistry",
        "credit_unit": 2.0,
        "original_score": 46.0,
        "resit_score": 51.0
      }
    },
    "failed_resit_courses": {}
  },
  "FCTCONS/ND23/127": {
    "exam_number": "FCTCONS/ND23/127",
    "name": "PETER FAITH ADA",
    "carryover_courses": {
      "NUR111": {
        "course_code": "NUR111",
        "course_title": "Foundations of Nursing/ Emergency Care I",
        "credit_unit": 4.0,
        "original_score": 44.0,
        "resit_score": 50.0
      }
    },
    "passed_resit_courses": {
      "NUR111": {
        "course_code": "NUR111",
        "course_title": "Foundations of Nursing/ Emergency Care I",
        "credit_unit": 4.0,
        "original_score": 44.0,
        "resit_score": 50.0
      }
    },
    "failed_resit_courses": {}
  },
  "FCTCONS/ND23/025": {
    "exam_number": "FCTCONS/ND23/025",
    "name": "JACOB JEREMIAH FUNOM",
    "carryover_courses": {
      "NUS111": {
        "course_code": "NUS111",
        "course_title": "Applied Chemistry",
        "credit_unit": 2.0,
        "original_score": 42.0,
        "resit_score": 50.0
      },
      "NUR111": {
        "course_code": "NUR111",
        "course_title": "Foundations of Nursing/ Emergency Care I",
        "credit_unit": 4.0,
        "original_score": 37.0,
        "resit_score": 50.0
      }
    },
    "passed_resit_courses": {
      "NUS111": {
        "course_code": "NUS111",
        "course_title": "Applied Chemistry",
        "credit_unit": 2.0,
        "original_score": 42.0,
        "resit_score": 50.0
      },
      "NUR111": {
        "course_code": "NUR111",
        "course_title": "Foundations of Nursing/ Emergency Care I",
        "credit_unit": 4.0,
        "original_score": 37.0,
        "resit_score": 50.0
      }
    },
    "failed_resit_courses": {}
  },
  "FCTCONS/ND23/010": {
    "exam_number": "FCTCONS/ND23/010",
    "name": "OGUNDELE ADEDAMOLA BOLUWATIFE",
    "carryover_courses": {
      "NUS112": {
        "course_code": "NUS112",
        "course_title": "Applied Physics",
        "credit_unit": 2.0,
        "original_score": 46.0,
        "resit_score": 52.0
      },
      "GNS111": {
        "course_code": "GNS111",
        "course_title": "Citizenship Education I",
        "credit_unit": 2.0,
        "original_score": 46.0,
        "resit_score": 52.0
      }
    },
    "passed_resit_courses": {
      "NUS112": {
        "course_code": "NUS112",
        "course_title": "Applied Physics",
        "credit_unit": 2.0,
        "original_score": 46.0,
        "resit_score": 52.0
      },
      "GNS111": {
        "course_code": "GNS111",
        "course_title": "Citizenship Education I",
        "credit_unit": 2.0,
        "original_score": 46.0,
        "resit_score": 52.0
      }
    },
    "failed_resit_courses": {}
  },
  "FCTCONS/ND23/113": {
    "exam_number": "FCTCONS/ND23/113",
    "name": "ADETOKUNBO TAIBAT",
    "carryover_courses": {
      "NUR111": {
        "course_code": "NUR111",
        "course_title": "Foundations of Nursing/ Emergency Care I",
        "credit_unit": 4.0,
        "original_score": 44.0,
        "resit_score": 51.0
      }
    },
    "passed_resit_courses": {
      "NUR111": {
        "course_code": "NUR111",
        "course_title": "Foundations of Nursing/ Emergency Care I",
        "credit_unit": 4.0,
        "original_score": 44.0,
        "resit_score": 51.0
      }
    },
    "failed_resit_courses": {}
  },
  "FCTCONS/ND23/067": {
    "exam_number": "FCTCONS/ND23/067",
    "name": "ILIYA VICTORIA NAFISA",
    "carryover_courses": {
      "NUR111": {
        "course_code": "NUR111",
        "course_title": "Foundations of Nursing/ Emergency Care I",
        "credit_unit": 4.0,
        "original_score": 45.0,
        "resit_score": 54.0
      }
    },
    "passed_resit_courses": {
      "NUR111": {
        "course_code": "NUR111",
        "course_title": "Foundations of Nursing/ Emergency Care I",
        "credit_unit": 4.0,
        "original_score": 45.0,
        "resit_score": 54.0
      }
    },
    "failed_resit_courses": {}
  },
  "FCTCONS/ND23/128": {
    "exam_number": "FCTCONS/ND23/128",
    "name": "ISTIFANUS SARAH SHANAWAZA",
    "carryover_courses": {
      "NUR111": {
        "course_code": "NUR111",
        "course_title": "Foundations of Nursing/ Emergency Care I",
        "credit_unit": 4.0,
        "original_score": 42.0,
        "resit_score": 51.0
      }
    },
    "passed_resit_courses": {
      "NUR111": {
        "course_code": "NUR111",
        "course_title": "Foundations of Nursing/ Emergency Care I",
        "credit_unit": 4.0,
        "original_score": 42.0,
        "resit_score": 51.0
      }
    },
    "failed_resit_courses": {}
  },
  "FCTCONS/ND23/117": {
    "exam_number": "FCTCONS/ND23/117",
    "name": "SYLVESTER FLOURISH",
    "carryover_courses": {
      "NUR111": {
        "course_code": "NUR111",
        "course_title": "Foundations of Nursing/ Emergency Care I",
        "credit_unit": 4.0,
        "original_score": 36.0,
        "resit_score": 52.0
      }
    },
    "passed_resit_courses": {
      "NUR111": {
        "course_code": "NUR111",
        "course_title": "Foundations of Nursing/ Emergency Care I",
        "credit_unit": 4.0,
        "original_score": 36.0,
        "resit_score": 52.0
      }
    },
    "failed_resit_courses": {}
  },
  "FCTCONS/ND23/031": {
    "exam_number": "FCTCONS/ND23/031",
    "name": "EMMANUEL DESTINY ONIZE",
    "carryover_courses": {
      "NUR111": {
        "course_code": "NUR111",
        "course_title": "Foundations of Nursing/ Emergency Care I",
        "credit_unit": 4.0,
        "original_score": 40.0,
        "resit_score": 50.0
      }
    },
    "passed_resit_courses": {
      "NUR111": {
        "course_code": "NUR111",
        "course_title": "Foundations of Nursing/ Emergency Care I",
        "credit_unit": 4.0,
        "original_score": 40.0,
        "resit_score": 50.0
      }
    },
    "failed_resit_courses": {}
  },
  "FCTCONS/ND23/102": {
    "exam_number": "FCTCONS/ND23/102",
    "name": "MUHAMMAD FATIMA SANTALI",
    "carryover_courses": {
      "NUR111": {
        "course_code": "NUR111",
        "course_title": "Foundations of Nursing/ Emergency Care I",
        "credit_unit": 4.0,
        "original_score": 43.0,
        "resit_score": 54.0
      }
    },
    "passed_resit_courses": {
      "NUR111": {
        "course_code": "NUR111",
        "course_title": "Foundations of Nursing/ Emergency Care I",
        "credit_unit": 4.0,
        "original_score": 43.0,
        "resit_score": 54.0
      }
    },
    "failed_resit_courses": {}
  },
  "FCTCONS/ND23/114": {
    "exam_number": "FCTCONS/ND23/114",
    "name": "YAKUBU PRISCILLA ASHEZIE",
    "carryover_courses": {
      "NUR111": {
        "course_code": "NUR111",
        "course_title": "Foundations of Nursing/ Emergency Care I",
        "credit_unit": 4.0,
        "original_score": 42.0,
        "resit_score": 52.0
      }
    },
    "passed_resit_courses": {
      "NUR111": {
        "course_code": "NUR111",
        "course_title": "Foundations of Nursing/ Emergency Care I",
        "credit_unit": 4.0,
        "original_score": 42.0,
        "resit_score": 52.0
      }
    },
    "failed_resit_courses": {}
  }
}