[
  {
    "exam_number": "FCTCONS/ND24/002",
    "name": "UMAR AMINOT REG MAKUN",
    "failed_courses": [
      {
        "course_code": "NUS123",
        "original_score": 45.0,
        "semester": "ND-FIRST-YEAR-SECOND-SEMESTER",
        "set": "ND-2025",
        "resit_attempts": 0,
        "best_score": 45.0,
        "status": "Failed"
      },
      {
        "course_code": "Total Registered CU",
        "original_score": 23.0,
        "semester": "ND-FIRST-YEAR-SECOND-SEMESTER",
        "set": "ND-2025",
        "resit_attempts": 0,
        "best_score": 23.0,
        "status": "Failed"
      },
      {
        "course_code": "PREVIOUS CGPA",
        "original_score": 3.16,
        "semester": "ND-FIRST-YEAR-SECOND-SEMESTER",
        "set": "ND-2025",
        "resit_attempts": 0,
        "best_score": 3.16,
        "status": "Failed"
      },
      {
        "course_code": "CURRENT CGPA",
        "original_score": 3.25,
        "semester": "ND-FIRST-YEAR-SECOND-SEMESTER",
        "set": "ND-2025",
        "resit_attempts": 0,
        "best_score": 3.25,
        "status": "Failed"
      }
    ],
    "semester": "ND-FIRST-YEAR-SECOND-SEMESTER",
    "set": "ND-2025",
    "identified_date": "2026-01-08 07:07:54",
    "total_resit_attempts": 0,
    "status": "Active",
    "probation_status": false
  },
  {
    "exam_number": "FCTCONS/ND24/004",
    "name": "ABANG STEPHANIE ADA",
    "failed_courses": [
      {
        "course_code": "NUS123",
        "original_score": 41.0,
        "semester": "ND-FIRST-YEAR-SECOND-SEMESTER",
        "set": "ND-2025",
        "resit_attempts": 0,
        "best_score": 41.0,
        "status": "Failed"
      },
      {
        "course_code": "NUS125",
        "original_score": 40.0,
        "semester": "ND-FIRST-YEAR-SECOND-SEMESTER",
        "set": "ND-2025",
        "resit_attempts": 0,
        "best_score": 40.0,
        "status": "Failed"
      },
      {
        "course_code": "NUR122",
        "original_score": 44.0,
        "semester": "ND-FIRST-YEAR-SECOND-SEMESTER",
        "set": "ND-2025",
        "resit_attempts": 0,
        "best_score": 44.0,
        "status": "Failed"
      },
      {
        "course_code": "Total Registered CU",
        "original_score": 23.0,
        "semester": "ND-FIRST-YEAR-SECOND-SEMESTER",
        "set": "ND-2025",
        "resit_attempts": 0,
        "best_score": 23.0,
        "status": "Failed"
      },
      {
        "course_code": "PREVIOUS CGPA",
        "original_score": 2.88,
        "semester": "ND-FIRST-YEAR-SECOND-SEMESTER",
        "set": "ND-2025",
        "resit_attempts": 0,
        "best_score": 2.88,
        "status": "Failed"
      },
      {
        "course_code": "CURRENT CGPA",
        "original_score": 2.45,
        "semester": "ND-FIRST-YEAR-SECOND-SEMESTER",
        "set": "ND-2025",
        "resit_attempts": 0,
        "best_score": 2.45,
        "status": "Failed"
      }
    ],
    "semester": "ND-FIRST-YEAR-SECOND-SEMESTER",
    "set": "ND-2025",
    "identified_date": "2026-01-08 07:07:54",
    "total_resit_attempts": 0,
    "status": "Active",
    "probation_status": true
  },
  {
    "exam_number": "FCTCONS/ND24/005",
    "name": "PAUL CHIMDINDU FAVOUR",
    "failed_courses": [
      {
        "course_code": "NUS123",
        "original_score": 37.0,
        "semester": "ND-FIRST-YEAR-SECOND-SEMESTER",
        "set": "ND-2025",
        "resit_attempts": 0,
        "best_score": 37.0,
        "status": "Failed"
      },
      {
        "course_code": "Total Registered CU",
        "original_score": 17.0,
        "semester": "ND-FIRST-YEAR-SECOND-SEMESTER",
        "set": "ND-2025",
        "resit_attempts": 0,
        "best_score": 17.0,
        "status": "Failed"
      },
      {
        "course_code": "PREVIOUS CGPA",
        "original_score": 2.48,
        "semester": "ND-FIRST-YEAR-SECOND-SEMESTER",
        "set": "ND-2025",
        "resit_attempts": 0,
        "best_score": 2.48,
        "status": "Failed"
      },
      {
        "course_code": "CURRENT CGPA",
        "original_score": 2.46,
        "semester": "ND-FIRST-YEAR-SECOND-SEMESTER",
        "set": "ND-2025",
        "resit_attempts": 0,
        "best_score": 2.46,
        "status": "Failed"
      }
    ],
    "semester": "ND-FIRST-YEAR-SECOND-SEMESTER",
    "set": "ND-2025",
    "identified_date": "2026-01-08 07:07:54",
    "total_resit_attempts": 0,
    "status": "Active",
    "probation_status": false
  },
  {
    "exam_number": "FCTCONS/ND24/006",
    "name": "YOHANNOT REG DORATHY TAVINOT REGZA",
    "failed_courses": [
      {
        "course_code": "NUS123",
        "original_score": 46.0,
        "semester": "ND-FIRST-YEAR-SECOND-SEMESTER",
        "set": "ND-2025",
        "resit_attempts": 0,
        "best_score": 46.0,
        "status": "Failed"
      },
      {
        "course_code": "Total Registered CU",
        "original_score": 19.0,
        "semester": "ND-FIRST-YEAR-SECOND-SEMESTER",
        "set": "ND-2025",
        "resit_attempts": 0,
        "best_score": 19.0,
        "status": "Failed"
      },
      {
        "course_code": "PREVIOUS CGPA",
        "original_score": 3.0,
        "semester": "ND-FIRST-YEAR-SECOND-SEMESTER",
        "set": "ND-2025",
        "resit_attempts": 0,
        "best_score": 3.0,
        "status": "Failed"
      },
      {
        "course_code": "CURRENT CGPA",
        "original_score": 3.07,
        "semester": "ND-FIRST-YEAR-SECOND-SEMESTER",
        "set": "ND-2025",
        "resit_attempts": 0,
        "best_score": 3.07,
        "status": "Failed"
      }
    ],
    "semester": "ND-FIRST-YEAR-SECOND-SEMESTER",
    "set": "ND-2025",
    "identified_date": "2026-01-08 07:07:54",
    "total_resit_attempts": 0,
    "status": "Active",
    "probation_status": false
  },
  {
    "exam_number": "FCTCONS/ND24/007",
    "name": "AYO OLAMIDE PRAISE",
    "failed_courses": [
      {
        "course_code": "NUS123",
        "original_score": 44.0,
        "semester": "ND-FIRST-YEAR-SECOND-SEMESTER",
        "set": "ND-2025",
        "resit_attempts": 0,
        "best_score": 44.0,
        "status": "Failed"
      },
      {
        "course_code": "Total Registered CU",
        "original_score": 23.0,
        "semester": "ND-FIRST-YEAR-SECOND-SEMESTER",
        "set": "ND-2025",
        "resit_attempts": 0,
        "best_score": 23.0,
        "status": "Failed"
      },
      {
        "course_code": "PREVIOUS CGPA",
        "original_score": 2.72,
        "semester": "ND-FIRST-YEAR-SECOND-SEMESTER",
        "set": "ND-2025",
        "resit_attempts": 0,
        "best_score": 2.72,
        "status": "Failed"
      },
      {
        "course_code": "CURRENT CGPA",
        "original_score": 2.86,
        "semester": "ND-FIRST-YEAR-SECOND-SEMESTER",
        "set": "ND-2025",
        "resit_attempts": 0,
        "best_score": 2.86,
        "status": "Failed"
      }
    ],
    "semester": "ND-FIRST-YEAR-SECOND-SEMESTER",
    "set": "ND-2025",
    "identified_date": "2026-01-08 07:07:54",
    "total_resit_attempts": 0,
    "status": "Active",
    "probation_status": false
  },
  {
    "exam_number": "FCTCONS/ND24/014",
    "name": "ALU EDWINOT REG EDUGWU",
    "failed_courses": [
      {
        "course_code": "NUS123",
        "original_score": 43.0,
        "semester": "ND-FIRST-YEAR-SECOND-SEMESTER",
        "set": "ND-2025",
        "resit_attempts": 0,
        "best_score": 43.0,
        "status": "Failed"
      },
      {
        "course_code": "Total Registered CU",
        "original_score": 19.0,
        "semester": "ND-FIRST-YEAR-SECOND-SEMESTER",
        "set": "ND-2025",
        "resit_attempts": 0,
        "best_score": 19.0,
        "status": "Failed"
      },
      {
        "course_code": "PREVIOUS CGPA",
        "original_score": 2.92,
        "semester": "ND-FIRST-YEAR-SECOND-SEMESTER",
        "set": "ND-2025",
        "resit_attempts": 0,
        "best_score": 2.92,
        "status": "Failed"
      },
      {
        "course_code": "CURRENT CGPA",
        "original_score": 2.83,
        "semester": "ND-FIRST-YEAR-SECOND-SEMESTER",
        "set": "ND-2025",
        "resit_attempts": 0,
        "best_score": 2.83,
        "status": "Failed"
      }
    ],
    "semester": "ND-FIRST-YEAR-SECOND-SEMESTER",
    "set": "ND-2025",
    "identified_date": "2026-01-08 07:07:54",
    "total_resit_attempts": 0,
    "status": "Active",
    "probation_status": false
  },
  {
    "exam_number": "FCTCONS/ND24/029",
    "name": "JACKSON EDIDIONG JOHN",
    "failed_courses": [
      {
        "course_code": "NUS123",
        "original_score": 43.0,
        "semester": "ND-FIRST-YEAR-SECOND-SEMESTER",
        "set": "ND-2025",
        "resit_attempts": 0,
        "best_score": 43.0,
        "status": "Failed"
      },
      {
        "course_code": "Total Registered CU",
        "original_score": 23.0,
        "semester": "ND-FIRST-YEAR-SECOND-SEMESTER",
        "set": "ND-2025",
        "resit_attempts": 0,
        "best_score": 23.0,
        "status": "Failed"
      },
      {
        "course_code": "PREVIOUS CGPA",
        "original_score": 3.84,
        "semester": "ND-FIRST-YEAR-SECOND-SEMESTER",
        "set": "ND-2025",
        "resit_attempts": 0,
        "best_score": 3.84,
        "status": "Failed"
      },
      {
        "course_code": "CURRENT CGPA",
        "original_score": 3.69,
        "semester": "ND-FIRST-YEAR-SECOND-SEMESTER",
        "set": "ND-2025",
        "resit_attempts": 0,
        "best_score": 3.69,
        "status": "Failed"
      }
    ],
    "semester": "ND-FIRST-YEAR-SECOND-SEMESTER",
    "set": "ND-2025",
    "identified_date": "2026-01-08 07:07:54",
    "total_resit_attempts": 0,
    "status": "Active",
    "probation_status": false
  },
  {
    "exam_number": "FCTCONS/ND24/030",
    "name": "AUGUSTINE SAVIOUR SUNDAY",
    "failed_courses": [
      {
        "course_code": "NUS123",
        "original_score": 46.0,
        "semester": "ND-FIRST-YEAR-SECOND-SEMESTER",
        "set": "ND-2025",
        "resit_attempts": 0,
        "best_score": 46.0,
        "status": "Failed"
      },
      {
        "course_code": "Total Registered CU",
        "original_score": 19.0,
        "semester": "ND-FIRST-YEAR-SECOND-SEMESTER",
        "set": "ND-2025",
        "resit_attempts": 0,
        "best_score": 19.0,
        "status": "Failed"
      },
      {
        "course_code": "PREVIOUS CGPA",
        "original_score": 2.08,
        "semester": "ND-FIRST-YEAR-SECOND-SEMESTER",
        "set": "ND-2025",
        "resit_attempts": 0,
        "best_score": 2.08,
        "status": "Failed"
      },
      {
        "course_code": "CURRENT CGPA",
        "original_score": 2.17,
        "semester": "ND-FIRST-YEAR-SECOND-SEMESTER",
        "set": "ND-2025",
        "resit_attempts": 0,
        "best_score": 2.17,
        "status": "Failed"
      }
    ],
    "semester": "ND-FIRST-YEAR-SECOND-SEMESTER",
    "set": "ND-2025",
    "identified_date": "2026-01-08 07:07:54",
    "total_resit_attempts": 0,
    "status": "Active",
    "probation_status": false
  },
  {
    "exam_number": "FCTCONS/ND24/034",
    "name": "IDOGBE GLORIA OWOFU",
    "failed_courses": [
      {
        "course_code": "NUS123",
        "original_score": 42.0,
        "semester": "ND-FIRST-YEAR-SECOND-SEMESTER",
        "set": "ND-2025",
        "resit_attempts": 0,
        "best_score": 42.0,
        "status": "Failed"
      },
      {
        "course_code": "Total Registered CU",
        "original_score": 23.0,
        "semester": "ND-FIRST-YEAR-SECOND-SEMESTER",
        "set": "ND-2025",
        "resit_attempts": 0,
        "best_score": 23.0,
        "status": "Failed"
      },
      {
        "course_code": "PREVIOUS CGPA",
        "original_score": 2.4,
        "semester": "ND-FIRST-YEAR-SECOND-SEMESTER",
        "set": "ND-2025",
        "resit_attempts": 0,
        "best_score": 2.4,
        "status": "Failed"
      },
      {
        "course_code": "CURRENT CGPA",
        "original_score": 2.44,
        "semester": "ND-FIRST-YEAR-SECOND-SEMESTER",
        "set": "ND-2025",
        "resit_attempts": 0,
        "best_score": 2.44,
        "status": "Failed"
      }
    ],
    "semester": "ND-FIRST-YEAR-SECOND-SEMESTER",
    "set": "ND-2025",
    "identified_date": "2026-01-08 07:07:54",
    "total_resit_attempts": 0,
    "status": "Active",
    "probation_status": false
  },
  {
    "exam_number": "FCTCONS/ND24/044",
    "name": "EMMAJOHN MARVELOUS CHIFUNOT REGNYA",
    "failed_courses": [
      {
        "course_code": "NUS123",
        "original_score": 46.0,
        "semester": "ND-FIRST-YEAR-SECOND-SEMESTER",
        "set": "ND-2025",
        "resit_attempts": 0,
        "best_score": 46.0,
        "status": "Failed"
      },
      {
        "course_code": "Total Registered CU",
        "original_score": 23.0,
        "semester": "ND-FIRST-YEAR-SECOND-SEMESTER",
        "set": "ND-2025",
        "resit_attempts": 0,
        "best_score": 23.0,
        "status": "Failed"
      },
      {
        "course_code": "PREVIOUS CGPA",
        "original_score": 3.24,
        "semester": "ND-FIRST-YEAR-SECOND-SEMESTER",
        "set": "ND-2025",
        "resit_attempts": 0,
        "best_score": 3.24,
        "status": "Failed"
      },
      {
        "course_code": "CURRENT CGPA",
        "original_score": 3.25,
        "semester": "ND-FIRST-YEAR-SECOND-SEMESTER",
        "set": "ND-2025",
        "resit_attempts": 0,
        "best_score": 3.25,
        "status": "Failed"
      }
    ],
    "semester": "ND-FIRST-YEAR-SECOND-SEMESTER",
    "set": "ND-2025",
    "identified_date": "2026-01-08 07:07:54",
    "total_resit_attempts": 0,
    "status": "Active",
    "probation_status": false
  },
  {
    "exam_number": "FCTCONS/ND24/045",
    "name": "AWYETU CHEBAWAZA DEBORAH",
    "failed_courses": [
      {
        "course_code": "NUS123",
        "original_score": 42.0,
        "semester": "ND-FIRST-YEAR-SECOND-SEMESTER",
        "set": "ND-2025",
        "resit_attempts": 0,
        "best_score": 42.0,
        "status": "Failed"
      },
      {
        "course_code": "Total Registered CU",
        "original_score": 19.0,
        "semester": "ND-FIRST-YEAR-SECOND-SEMESTER",
        "set": "ND-2025",
        "resit_attempts": 0,
        "best_score": 19.0,
        "status": "Failed"
      },
      {
        "course_code": "PREVIOUS CGPA",
        "original_score": 2.72,
        "semester": "ND-FIRST-YEAR-SECOND-SEMESTER",
        "set": "ND-2025",
        "resit_attempts": 0,
        "best_score": 2.72,
        "status": "Failed"
      },
      {
        "course_code": "CURRENT CGPA",
        "original_score": 2.71,
        "semester": "ND-FIRST-YEAR-SECOND-SEMESTER",
        "set": "ND-2025",
        "resit_attempts": 0,
        "best_score": 2.71,
        "status": "Failed"
      }
    ],
    "semester": "ND-FIRST-YEAR-SECOND-SEMESTER",
    "set": "ND-2025",
    "identified_date": "2026-01-08 07:07:54",
    "total_resit_attempts": 0,
    "status": "Active",
    "probation_status": false
  },
  {
    "exam_number": "FCTCONS/ND24/049",
    "name": "EMMANUEL FAITH AKOMENOMO",
    "failed_courses": [
      {
        "course_code": "NUS123",
        "original_score": 43.0,
        "semester": "ND-FIRST-YEAR-SECOND-SEMESTER",
        "set": "ND-2025",
        "resit_attempts": 0,
        "best_score": 43.0,
        "status": "Failed"
      },
      {
        "course_code": "Total Registered CU",
        "original_score": 19.0,
        "semester": "ND-FIRST-YEAR-SECOND-SEMESTER",
        "set": "ND-2025",
        "resit_attempts": 0,
        "best_score": 19.0,
        "status": "Failed"
      },
      {
        "course_code": "PREVIOUS CGPA",
        "original_score": 2.48,
        "semester": "ND-FIRST-YEAR-SECOND-SEMESTER",
        "set": "ND-2025",
        "resit_attempts": 0,
        "best_score": 2.48,
        "status": "Failed"
      },
      {
        "course_code": "CURRENT CGPA",
        "original_score": 2.55,
        "semester": "ND-FIRST-YEAR-SECOND-SEMESTER",
        "set": "ND-2025",
        "resit_attempts": 0,
        "best_score": 2.55,
        "status": "Failed"
      }
    ],
    "semester": "ND-FIRST-YEAR-SECOND-SEMESTER",
    "set": "ND-2025",
    "identified_date": "2026-01-08 07:07:54",
    "total_resit_attempts": 0,
    "status": "Active",
    "probation_status": false
  },
  {
    "exam_number": "FCTCONS/ND24/055",
    "name": "AYODELE JOHN TANTOLUWA",
    "failed_courses": [
      {
        "course_code": "NUS123",
        "original_score": 44.0,
        "semester": "ND-FIRST-YEAR-SECOND-SEMESTER",
        "set": "ND-2025",
        "resit_attempts": 0,
        "best_score": 44.0,
        "status": "Failed"
      },
      {
        "course_code": "Total Registered CU",
        "original_score": 23.0,
        "semester": "ND-FIRST-YEAR-SECOND-SEMESTER",
        "set": "ND-2025",
        "resit_attempts": 0,
        "best_score": 23.0,
        "status": "Failed"
      },
      {
        "course_code": "PREVIOUS CGPA",
        "original_score": 3.12,
        "semester": "ND-FIRST-YEAR-SECOND-SEMESTER",
        "set": "ND-2025",
        "resit_attempts": 0,
        "best_score": 3.12,
        "status": "Failed"
      },
      {
        "course_code": "CURRENT CGPA",
        "original_score": 3.04,
        "semester": "ND-FIRST-YEAR-SECOND-SEMESTER",
        "set": "ND-2025",
        "resit_attempts": 0,
        "best_score": 3.04,
        "status": "Failed"
      }
    ],
    "semester": "ND-FIRST-YEAR-SECOND-SEMESTER",
    "set": "ND-2025",
    "identified_date": "2026-01-08 07:07:54",
    "total_resit_attempts": 0,
    "status": "Active",
    "probation_status": false
  },
  {
    "exam_number": "FCTCONS/ND24/057",
    "name": "JIMOH PRINCESS RAHIMAT",
    "failed_courses": [
      {
        "course_code": "NUS123",
        "original_score": 45.0,
        "semester": "ND-FIRST-YEAR-SECOND-SEMESTER",
        "set": "ND-2025",
        "resit_attempts": 0,
        "best_score": 45.0,
        "status": "Failed"
      },
      {
        "course_code": "Total Registered CU",
        "original_score": 23.0,
        "semester": "ND-FIRST-YEAR-SECOND-SEMESTER",
        "set": "ND-2025",
        "resit_attempts": 0,
        "best_score": 23.0,
        "status": "Failed"
      },
      {
        "course_code": "PREVIOUS CGPA",
        "original_score": 2.92,
        "semester": "ND-FIRST-YEAR-SECOND-SEMESTER",
        "set": "ND-2025",
        "resit_attempts": 0,
        "best_score": 2.92,
        "status": "Failed"
      },
      {
        "course_code": "CURRENT CGPA",
        "original_score": 2.9,
        "semester": "ND-FIRST-YEAR-SECOND-SEMESTER",
        "set": "ND-2025",
        "resit_attempts": 0,
        "best_score": 2.9,
        "status": "Failed"
      }
    ],
    "semester": "ND-FIRST-YEAR-SECOND-SEMESTER",
    "set": "ND-2025",
    "identified_date": "2026-01-08 07:07:54",
    "total_resit_attempts": 0,
    "status": "Active",
    "probation_status": false
  },
  {
    "exam_number": "FCTCONS/ND24/064",
    "name": "GBADEBO RASHIDAT OLOLADE",
    "failed_courses": [
      {
        "course_code": "NUS123",
        "original_score": 46.0,
        "semester": "ND-FIRST-YEAR-SECOND-SEMESTER",
        "set": "ND-2025",
        "resit_attempts": 0,
        "best_score": 46.0,
        "status": "Failed"
      },
      {
        "course_code": "Total Registered CU",
        "original_score": 23.0,
        "semester": "ND-FIRST-YEAR-SECOND-SEMESTER",
        "set": "ND-2025",
        "resit_attempts": 0,
        "best_score": 23.0,
        "status": "Failed"
      },
      {
        "course_code": "PREVIOUS CGPA",
        "original_score": 2.48,
        "semester": "ND-FIRST-YEAR-SECOND-SEMESTER",
        "set": "ND-2025",
        "resit_attempts": 0,
        "best_score": 2.48,
        "status": "Failed"
      },
      {
        "course_code": "CURRENT CGPA",
        "original_score": 2.41,
        "semester": "ND-FIRST-YEAR-SECOND-SEMESTER",
        "set": "ND-2025",
        "resit_attempts": 0,
        "best_score": 2.41,
        "status": "Failed"
      }
    ],
    "semester": "ND-FIRST-YEAR-SECOND-SEMESTER",
    "set": "ND-2025",
    "identified_date": "2026-01-08 07:07:54",
    "total_resit_attempts": 0,
    "status": "Active",
    "probation_status": false
  },
  {
    "exam_number": "FCTCONS/ND24/073",
    "name": "ONYEHI PRAISE MAXWELL",
    "failed_courses": [
      {
        "course_code": "NUS123",
        "original_score": 46.0,
        "semester": "ND-FIRST-YEAR-SECOND-SEMESTER",
        "set": "ND-2025",
        "resit_attempts": 0,
        "best_score": 46.0,
        "status": "Failed"
      },
      {
        "course_code": "Total Registered CU",
        "original_score": 23.0,
        "semester": "ND-FIRST-YEAR-SECOND-SEMESTER",
        "set": "ND-2025",
        "resit_attempts": 0,
        "best_score": 23.0,
        "status": "Failed"
      },
      {
        "course_code": "PREVIOUS CGPA",
        "original_score": 3.68,
        "semester": "ND-FIRST-YEAR-SECOND-SEMESTER",
        "set": "ND-2025",
        "resit_attempts": 0,
        "best_score": 3.68,
        "status": "Failed"
      },
      {
        "course_code": "CURRENT CGPA",
        "original_score": 3.6,
        "semester": "ND-FIRST-YEAR-SECOND-SEMESTER",
        "set": "ND-2025",
        "resit_attempts": 0,
        "best_score": 3.6,
        "status": "Failed"
      }
    ],
    "semester": "ND-FIRST-YEAR-SECOND-SEMESTER",
    "set": "ND-2025",
    "identified_date": "2026-01-08 07:07:54",
    "total_resit_attempts": 0,
    "status": "Active",
    "probation_status": false
  },
  {
    "exam_number": "FCTCONS/ND24/076",
    "name": "OCHOLI TREASURE EGUYE",
    "failed_courses": [
      {
        "course_code": "NUS123",
        "original_score": 43.0,
        "semester": "ND-FIRST-YEAR-SECOND-SEMESTER",
        "set": "ND-2025",
        "resit_attempts": 0,
        "best_score": 43.0,
        "status": "Failed"
      },
      {
        "course_code": "Total Registered CU",
        "original_score": 23.0,
        "semester": "ND-FIRST-YEAR-SECOND-SEMESTER",
        "set": "ND-2025",
        "resit_attempts": 0,
        "best_score": 23.0,
        "status": "Failed"
      },
      {
        "course_code": "PREVIOUS CGPA",
        "original_score": 3.36,
        "semester": "ND-FIRST-YEAR-SECOND-SEMESTER",
        "set": "ND-2025",
        "resit_attempts": 0,
        "best_score": 3.36,
        "status": "Failed"
      },
      {
        "course_code": "CURRENT CGPA",
        "original_score": 3.27,
        "semester": "ND-FIRST-YEAR-SECOND-SEMESTER",
        "set": "ND-2025",
        "resit_attempts": 0,
        "best_score": 3.27,
        "status": "Failed"
      }
    ],
    "semester": "ND-FIRST-YEAR-SECOND-SEMESTER",
    "set": "ND-2025",
    "identified_date": "2026-01-08 07:07:54",
    "total_resit_attempts": 0,
    "status": "Active",
    "probation_status": false
  },
  {
    "exam_number": "FCTCONS/ND24/083",
    "name": "AYENI JEMIMAH RHODA",
    "failed_courses": [
      {
        "course_code": "NUS123",
        "original_score": 45.0,
        "semester": "ND-FIRST-YEAR-SECOND-SEMESTER",
        "set": "ND-2025",
        "resit_attempts": 0,
        "best_score": 45.0,
        "status": "Failed"
      },
      {
        "course_code": "NUS125",
        "original_score": 46.0,
        "semester": "ND-FIRST-YEAR-SECOND-SEMESTER",
        "set": "ND-2025",
        "resit_attempts": 0,
        "best_score": 46.0,
        "status": "Failed"
      },
      {
        "course_code": "Total Registered CU",
        "original_score": 19.0,
        "semester": "ND-FIRST-YEAR-SECOND-SEMESTER",
        "set": "ND-2025",
        "resit_attempts": 0,
        "best_score": 19.0,
        "status": "Failed"
      },
      {
        "course_code": "PREVIOUS CGPA",
        "original_score": 2.56,
        "semester": "ND-FIRST-YEAR-SECOND-SEMESTER",
        "set": "ND-2025",
        "resit_attempts": 0,
        "best_score": 2.56,
        "status": "Failed"
      },
      {
        "course_code": "CURRENT CGPA",
        "original_score": 2.45,
        "semester": "ND-FIRST-YEAR-SECOND-SEMESTER",
        "set": "ND-2025",
        "resit_attempts": 0,
        "best_score": 2.45,
        "status": "Failed"
      }
    ],
    "semester": "ND-FIRST-YEAR-SECOND-SEMESTER",
    "set": "ND-2025",
    "identified_date": "2026-01-08 07:07:54",
    "total_resit_attempts": 0,
    "status": "Active",
    "probation_status": false
  },
  {
    "exam_number": "FCTCONS/ND24/085",
    "name": "EMMANUEL HELEN",
    "failed_courses": [
      {
        "course_code": "NUS123",
        "original_score": 43.0,
        "semester": "ND-FIRST-YEAR-SECOND-SEMESTER",
        "set": "ND-2025",
        "resit_attempts": 0,
        "best_score": 43.0,
        "status": "Failed"
      },
      {
        "course_code": "Total Registered CU",
        "original_score": 19.0,
        "semester": "ND-FIRST-YEAR-SECOND-SEMESTER",
        "set": "ND-2025",
        "resit_attempts": 0,
        "best_score": 19.0,
        "status": "Failed"
      },
      {
        "course_code": "PREVIOUS CGPA",
        "original_score": 2.32,
        "semester": "ND-FIRST-YEAR-SECOND-SEMESTER",
        "set": "ND-2025",
        "resit_attempts": 0,
        "best_score": 2.32,
        "status": "Failed"
      },
      {
        "course_code": "CURRENT CGPA",
        "original_score": 2.25,
        "semester": "ND-FIRST-YEAR-SECOND-SEMESTER",
        "set": "ND-2025",
        "resit_attempts": 0,
        "best_score": 2.25,
        "status": "Failed"
      }
    ],
    "semester": "ND-FIRST-YEAR-SECOND-SEMESTER",
    "set": "ND-2025",
    "identified_date": "2026-01-08 07:07:54",
    "total_resit_attempts": 0,
    "status": "Active",
    "probation_status": false
  },
  {
    "exam_number": "FCTCONS/ND24/086",
    "name": "BARNOT REGBAS RITA SIMNOM",
    "failed_courses": [
      {
        "course_code": "NUS123",
        "original_score": 44.0,
        "semester": "ND-FIRST-YEAR-SECOND-SEMESTER",
        "set": "ND-2025",
        "resit_attempts": 0,
        "best_score": 44.0,
        "status": "Failed"
      },
      {
        "course_code": "Total Registered CU",
        "original_score": 15.0,
        "semester": "ND-FIRST-YEAR-SECOND-SEMESTER",
        "set": "ND-2025",
        "resit_attempts": 0,
        "best_score": 15.0,
        "status": "Failed"
      },
      {
        "course_code": "PREVIOUS CGPA",
        "original_score": 2.32,
        "semester": "ND-FIRST-YEAR-SECOND-SEMESTER",
        "set": "ND-2025",
        "resit_attempts": 0,
        "best_score": 2.32,
        "status": "Failed"
      },
      {
        "course_code": "CURRENT CGPA",
        "original_score": 2.38,
        "semester": "ND-FIRST-YEAR-SECOND-SEMESTER",
        "set": "ND-2025",
        "resit_attempts": 0,
        "best_score": 2.38,
        "status": "Failed"
      }
    ],
    "semester": "ND-FIRST-YEAR-SECOND-SEMESTER",
    "set": "ND-2025",
    "identified_date": "2026-01-08 07:07:54",
    "total_resit_attempts": 0,
    "status": "Active",
    "probation_status": false
  },
  {
    "exam_number": "FCTCONS/ND24/087",
    "name": "AYODELE MUMEENOT REGT DADA",
    "failed_courses": [
      {
        "course_code": "NUS123",
        "original_score": 46.0,
        "semester": "ND-FIRST-YEAR-SECOND-SEMESTER",
        "set": "ND-2025",
        "resit_attempts": 0,
        "best_score": 46.0,
        "status": "Failed"
      },
      {
        "course_code": "Total Registered CU",
        "original_score": 23.0,
        "semester": "ND-FIRST-YEAR-SECOND-SEMESTER",
        "set": "ND-2025",
        "resit_attempts": 0,
        "best_score": 23.0,
        "status": "Failed"
      },
      {
        "course_code": "PREVIOUS CGPA",
        "original_score": 2.28,
        "semester": "ND-FIRST-YEAR-SECOND-SEMESTER",
        "set": "ND-2025",
        "resit_attempts": 0,
        "best_score": 2.28,
        "status": "Failed"
      },
      {
        "course_code": "CURRENT CGPA",
        "original_score": 2.56,
        "semester": "ND-FIRST-YEAR-SECOND-SEMESTER",
        "set": "ND-2025",
        "resit_attempts": 0,
        "best_score": 2.56,
        "status": "Failed"
      }
    ],
    "semester": "ND-FIRST-YEAR-SECOND-SEMESTER",
    "set": "ND-2025",
    "identified_date": "2026-01-08 07:07:54",
    "total_resit_attempts": 0,
    "status": "Active",
    "probation_status": false
  },
  {
    "exam_number": "FCTCONS/ND24/091",
    "name": "DANLADI MERCY",
    "failed_courses": [
      {
        "course_code": "NUS123",
        "original_score": 39.0,
        "semester": "ND-FIRST-YEAR-SECOND-SEMESTER",
        "set": "ND-2025",
        "resit_attempts": 0,
        "best_score": 39.0,
        "status": "Failed"
      },
      {
        "course_code": "Total Registered CU",
        "original_score": 19.0,
        "semester": "ND-FIRST-YEAR-SECOND-SEMESTER",
        "set": "ND-2025",
        "resit_attempts": 0,
        "best_score": 19.0,
        "status": "Failed"
      },
      {
        "course_code": "PREVIOUS CGPA",
        "original_score": 3.16,
        "semester": "ND-FIRST-YEAR-SECOND-SEMESTER",
        "set": "ND-2025",
        "resit_attempts": 0,
        "best_score": 3.16,
        "status": "Failed"
      },
      {
        "course_code": "CURRENT CGPA",
        "original_score": 3.15,
        "semester": "ND-FIRST-YEAR-SECOND-SEMESTER",
        "set": "ND-2025",
        "resit_attempts": 0,
        "best_score": 3.15,
        "status": "Failed"
      }
    ],
    "semester": "ND-FIRST-YEAR-SECOND-SEMESTER",
    "set": "ND-2025",
    "identified_date": "2026-01-08 07:07:54",
    "total_resit_attempts": 0,
    "status": "Active",
    "probation_status": false
  },
  {
    "exam_number": "FCTCONS/ND24/092",
    "name": "OKUCHE KOSISOCHUKWU SCHOLARSTICA",
    "failed_courses": [
      {
        "course_code": "NUS123",
        "original_score": 43.0,
        "semester": "ND-FIRST-YEAR-SECOND-SEMESTER",
        "set": "ND-2025",
        "resit_attempts": 0,
        "best_score": 43.0,
        "status": "Failed"
      },
      {
        "course_code": "Total Registered CU",
        "original_score": 21.0,
        "semester": "ND-FIRST-YEAR-SECOND-SEMESTER",
        "set": "ND-2025",
        "resit_attempts": 0,
        "best_score": 21.0,
        "status": "Failed"
      },
      {
        "course_code": "PREVIOUS CGPA",
        "original_score": 2.36,
        "semester": "ND-FIRST-YEAR-SECOND-SEMESTER",
        "set": "ND-2025",
        "resit_attempts": 0,
        "best_score": 2.36,
        "status": "Failed"
      },
      {
        "course_code": "CURRENT CGPA",
        "original_score": 2.51,
        "semester": "ND-FIRST-YEAR-SECOND-SEMESTER",
        "set": "ND-2025",
        "resit_attempts": 0,
        "best_score": 2.51,
        "status": "Failed"
      }
    ],
    "semester": "ND-FIRST-YEAR-SECOND-SEMESTER",
    "set": "ND-2025",
    "identified_date": "2026-01-08 07:07:54",
    "total_resit_attempts": 0,
    "status": "Active",
    "probation_status": false
  },
  {
    "exam_number": "FCTCONS/ND24/094",
    "name": "AWAJE DORCAS ASABE",
    "failed_courses": [
      {
        "course_code": "NUS123",
        "original_score": 46.0,
        "semester": "ND-FIRST-YEAR-SECOND-SEMESTER",
        "set": "ND-2025",
        "resit_attempts": 0,
        "best_score": 46.0,
        "status": "Failed"
      },
      {
        "course_code": "Total Registered CU",
        "original_score": 23.0,
        "semester": "ND-FIRST-YEAR-SECOND-SEMESTER",
        "set": "ND-2025",
        "resit_attempts": 0,
        "best_score": 23.0,
        "status": "Failed"
      },
      {
        "course_code": "PREVIOUS CGPA",
        "original_score": 3.52,
        "semester": "ND-FIRST-YEAR-SECOND-SEMESTER",
        "set": "ND-2025",
        "resit_attempts": 0,
        "best_score": 3.52,
        "status": "Failed"
      },
      {
        "course_code": "CURRENT CGPA",
        "original_score": 3.54,
        "semester": "ND-FIRST-YEAR-SECOND-SEMESTER",
        "set": "ND-2025",
        "resit_attempts": 0,
        "best_score": 3.54,
        "status": "Failed"
      }
    ],
    "semester": "ND-FIRST-YEAR-SECOND-SEMESTER",
    "set": "ND-2025",
    "identified_date": "2026-01-08 07:07:54",
    "total_resit_attempts": 0,
    "status": "Active",
    "probation_status": false
  },
  {
    "exam_number": "FCTCONS/ND24/095",
    "name": "AYISA-ATANZE HAPPINESS CINCINSOKO",
    "failed_courses": [
      {
        "course_code": "NUS123",
        "original_score": 46.0,
        "semester": "ND-FIRST-YEAR-SECOND-SEMESTER",
        "set": "ND-2025",
        "resit_attempts": 0,
        "best_score": 46.0,
        "status": "Failed"
      },
      {
        "course_code": "Total Registered CU",
        "original_score": 23.0,
        "semester": "ND-FIRST-YEAR-SECOND-SEMESTER",
        "set": "ND-2025",
        "resit_attempts": 0,
        "best_score": 23.0,
        "status": "Failed"
      },
      {
        "course_code": "PREVIOUS CGPA",
        "original_score": 2.2,
        "semester": "ND-FIRST-YEAR-SECOND-SEMESTER",
        "set": "ND-2025",
        "resit_attempts": 0,
        "best_score": 2.2,
        "status": "Failed"
      },
      {
        "course_code": "CURRENT CGPA",
        "original_score": 2.36,
        "semester": "ND-FIRST-YEAR-SECOND-SEMESTER",
        "set": "ND-2025",
        "resit_attempts": 0,
        "best_score": 2.36,
        "status": "Failed"
      }
    ],
    "semester": "ND-FIRST-YEAR-SECOND-SEMESTER",
    "set": "ND-2025",
    "identified_date": "2026-01-08 07:07:54",
    "total_resit_attempts": 0,
    "status": "Active",
    "probation_status": false
  },
  {
    "exam_number": "FCTCONS/ND24/098",
    "name": "SULEIMAN MARYAM HARUNOT REG",
    "failed_courses": [
      {
        "course_code": "NUS123",
        "original_score": 43.0,
        "semester": "ND-FIRST-YEAR-SECOND-SEMESTER",
        "set": "ND-2025",
        "resit_attempts": 0,
        "best_score": 43.0,
        "status": "Failed"
      },
      {
        "course_code": "Total Registered CU",
        "original_score": 23.0,
        "semester": "ND-FIRST-YEAR-SECOND-SEMESTER",
        "set": "ND-2025",
        "resit_attempts": 0,
        "best_score": 23.0,
        "status": "Failed"
      },
      {
        "course_code": "PREVIOUS CGPA",
        "original_score": 3.04,
        "semester": "ND-FIRST-YEAR-SECOND-SEMESTER",
        "set": "ND-2025",
        "resit_attempts": 0,
        "best_score": 3.04,
        "status": "Failed"
      },
      {
        "course_code": "CURRENT CGPA",
        "original_score": 3.14,
        "semester": "ND-FIRST-YEAR-SECOND-SEMESTER",
        "set": "ND-2025",
        "resit_attempts": 0,
        "best_score": 3.14,
        "status": "Failed"
      }
    ],
    "semester": "ND-FIRST-YEAR-SECOND-SEMESTER",
    "set": "ND-2025",
    "identified_date": "2026-01-08 07:07:54",
    "total_resit_attempts": 0,
    "status": "Active",
    "probation_status": false
  },
  {
    "exam_number": "FCTCONS/ND24/099",
    "name": "ABEL BENITA GIDADO",
    "failed_courses": [
      {
        "course_code": "NUS125",
        "original_score": 45.0,
        "semester": "ND-FIRST-YEAR-SECOND-SEMESTER",
        "set": "ND-2025",
        "resit_attempts": 0,
        "best_score": 45.0,
        "status": "Failed"
      },
      {
        "course_code": "Total Registered CU",
        "original_score": 23.0,
        "semester": "ND-FIRST-YEAR-SECOND-SEMESTER",
        "set": "ND-2025",
        "resit_attempts": 0,
        "best_score": 23.0,
        "status": "Failed"
      },
      {
        "course_code": "PREVIOUS CGPA",
        "original_score": 2.88,
        "semester": "ND-FIRST-YEAR-SECOND-SEMESTER",
        "set": "ND-2025",
        "resit_attempts": 0,
        "best_score": 2.88,
        "status": "Failed"
      },
      {
        "course_code": "CURRENT CGPA",
        "original_score": 2.75,
        "semester": "ND-FIRST-YEAR-SECOND-SEMESTER",
        "set": "ND-2025",
        "resit_attempts": 0,
        "best_score": 2.75,
        "status": "Failed"
      }
    ],
    "semester": "ND-FIRST-YEAR-SECOND-SEMESTER",
    "set": "ND-2025",
    "identified_date": "2026-01-08 07:07:54",
    "total_resit_attempts": 0,
    "status": "Active",
    "probation_status": false
  },
  {
    "exam_number": "FCTCONS/ND24/109",
    "name": "GEOFFREY DIVINE DESTINY",
    "failed_courses": [
      {
        "course_code": "NUS123",
        "original_score": 42.0,
        "semester": "ND-FIRST-YEAR-SECOND-SEMESTER",
        "set": "ND-2025",
        "resit_attempts": 0,
        "best_score": 42.0,
        "status": "Failed"
      },
      {
        "course_code": "Total Registered CU",
        "original_score": 23.0,
        "semester": "ND-FIRST-YEAR-SECOND-SEMESTER",
        "set": "ND-2025",
        "resit_attempts": 0,
        "best_score": 23.0,
        "status": "Failed"
      },
      {
        "course_code": "PREVIOUS CGPA",
        "original_score": 2.96,
        "semester": "ND-FIRST-YEAR-SECOND-SEMESTER",
        "set": "ND-2025",
        "resit_attempts": 0,
        "best_score": 2.96,
        "status": "Failed"
      },
      {
        "course_code": "CURRENT CGPA",
        "original_score": 3.12,
        "semester": "ND-FIRST-YEAR-SECOND-SEMESTER",
        "set": "ND-2025",
        "resit_attempts": 0,
        "best_score": 3.12,
        "status": "Failed"
      }
    ],
    "semester": "ND-FIRST-YEAR-SECOND-SEMESTER",
    "set": "ND-2025",
    "identified_date": "2026-01-08 07:07:54",
    "total_resit_attempts": 0,
    "status": "Active",
    "probation_status": false
  },
  {
    "exam_number": "FCTCONS/ND24/113",
    "name": "BAWA EBWAYI GREAT",
    "failed_courses": [
      {
        "course_code": "NUS123",
        "original_score": 44.0,
        "semester": "ND-FIRST-YEAR-SECOND-SEMESTER",
        "set": "ND-2025",
        "resit_attempts": 0,
        "best_score": 44.0,
        "status": "Failed"
      },
      {
        "course_code": "Total Registered CU",
        "original_score": 23.0,
        "semester": "ND-FIRST-YEAR-SECOND-SEMESTER",
        "set": "ND-2025",
        "resit_attempts": 0,
        "best_score": 23.0,
        "status": "Failed"
      },
      {
        "course_code": "PREVIOUS CGPA",
        "original_score": 3.32,
        "semester": "ND-FIRST-YEAR-SECOND-SEMESTER",
        "set": "ND-2025",
        "resit_attempts": 0,
        "best_score": 3.32,
        "status": "Failed"
      },
      {
        "course_code": "CURRENT CGPA",
        "original_score": 3.33,
        "semester": "ND-FIRST-YEAR-SECOND-SEMESTER",
        "set": "ND-2025",
        "resit_attempts": 0,
        "best_score": 3.33,
        "status": "Failed"
      }
    ],
    "semester": "ND-FIRST-YEAR-SECOND-SEMESTER",
    "set": "ND-2025",
    "identified_date": "2026-01-08 07:07:54",
    "total_resit_attempts": 0,
    "status": "Active",
    "probation_status": false
  },
  {
    "exam_number": "FCTCONS/ND24/120",
    "name": "EMMANUEL ZIPPORAH",
    "failed_courses": [
      {
        "course_code": "NUS123",
        "original_score": 40.0,
        "semester": "ND-FIRST-YEAR-SECOND-SEMESTER",
        "set": "ND-2025",
        "resit_attempts": 0,
        "best_score": 40.0,
        "status": "Failed"
      },
      {
        "course_code": "Total Registered CU",
        "original_score": 23.0,
        "semester": "ND-FIRST-YEAR-SECOND-SEMESTER",
        "set": "ND-2025",
        "resit_attempts": 0,
        "best_score": 23.0,
        "status": "Failed"
      },
      {
        "course_code": "PREVIOUS CGPA",
        "original_score": 2.92,
        "semester": "ND-FIRST-YEAR-SECOND-SEMESTER",
        "set": "ND-2025",
        "resit_attempts": 0,
        "best_score": 2.92,
        "status": "Failed"
      },
      {
        "course_code": "CURRENT CGPA",
        "original_score": 2.96,
        "semester": "ND-FIRST-YEAR-SECOND-SEMESTER",
        "set": "ND-2025",
        "resit_attempts": 0,
        "best_score": 2.96,
        "status": "Failed"
      }
    ],
    "semester": "ND-FIRST-YEAR-SECOND-SEMESTER",
    "set": "ND-2025",
    "identified_date": "2026-01-08 07:07:54",
    "total_resit_attempts": 0,
    "status": "Active",
    "probation_status": false
  },
  {
    "exam_number": "FCTCONS/ND24/126",
    "name": "NUHU ENDURANCE",
    "failed_courses": [
      {
        "course_code": "NUS123",
        "original_score": 42.0,
        "semester": "ND-FIRST-YEAR-SECOND-SEMESTER",
        "set": "ND-2025",
        "resit_attempts": 0,
        "best_score": 42.0,
        "status": "Failed"
      },
      {
        "course_code": "Total Registered CU",
        "original_score": 23.0,
        "semester": "ND-FIRST-YEAR-SECOND-SEMESTER",
        "set": "ND-2025",
        "resit_attempts": 0,
        "best_score": 23.0,
        "status": "Failed"
      },
      {
        "course_code": "PREVIOUS CGPA",
        "original_score": 2.92,
        "semester": "ND-FIRST-YEAR-SECOND-SEMESTER",
        "set": "ND-2025",
        "resit_attempts": 0,
        "best_score": 2.92,
        "status": "Failed"
      },
      {
        "course_code": "CURRENT CGPA",
        "original_score": 2.83,
        "semester": "ND-FIRST-YEAR-SECOND-SEMESTER",
        "set": "ND-2025",
        "resit_attempts": 0,
        "best_score": 2.83,
        "status": "Failed"
      }
    ],
    "semester": "ND-FIRST-YEAR-SECOND-SEMESTER",
    "set": "ND-2025",
    "identified_date": "2026-01-08 07:07:54",
    "total_resit_attempts": 0,
    "status": "Active",
    "probation_status": false
  },
  {
    "exam_number": "FCTCONS/ND24/131",
    "name": "TIMOTHY FAITH",
    "failed_courses": [
      {
        "course_code": "NUS123",
        "original_score": 45.0,
        "semester": "ND-FIRST-YEAR-SECOND-SEMESTER",
        "set": "ND-2025",
        "resit_attempts": 0,
        "best_score": 45.0,
        "status": "Failed"
      },
      {
        "course_code": "Total Registered CU",
        "original_score": 23.0,
        "semester": "ND-FIRST-YEAR-SECOND-SEMESTER",
        "set": "ND-2025",
        "resit_attempts": 0,
        "best_score": 23.0,
        "status": "Failed"
      },
      {
        "course_code": "PREVIOUS CGPA",
        "original_score": 2.92,
        "semester": "ND-FIRST-YEAR-SECOND-SEMESTER",
        "set": "ND-2025",
        "resit_attempts": 0,
        "best_score": 2.92,
        "status": "Failed"
      },
      {
        "course_code": "CURRENT CGPA",
        "original_score": 3.04,
        "semester": "ND-FIRST-YEAR-SECOND-SEMESTER",
        "set": "ND-2025",
        "resit_attempts": 0,
        "best_score": 3.04,
        "status": "Failed"
      }
    ],
    "semester": "ND-FIRST-YEAR-SECOND-SEMESTER",
    "set": "ND-2025",
    "identified_date": "2026-01-08 07:07:54",
    "total_resit_attempts": 0,
    "status": "Active",
    "probation_status": false
  },
  {
    "exam_number": "FCTCONS/ND24/134",
    "name": "NUHU FAVOUR AUDU",
    "failed_courses": [
      {
        "course_code": "NUS123",
        "original_score": 42.0,
        "semester": "ND-FIRST-YEAR-SECOND-SEMESTER",
        "set": "ND-2025",
        "resit_attempts": 0,
        "best_score": 42.0,
        "status": "Failed"
      },
      {
        "course_code": "Total Registered CU",
        "original_score": 21.0,
        "semester": "ND-FIRST-YEAR-SECOND-SEMESTER",
        "set": "ND-2025",
        "resit_attempts": 0,
        "best_score": 21.0,
        "status": "Failed"
      },
      {
        "course_code": "PREVIOUS CGPA",
        "original_score": 2.16,
        "semester": "ND-FIRST-YEAR-SECOND-SEMESTER",
        "set": "ND-2025",
        "resit_attempts": 0,
        "best_score": 2.16,
        "status": "Failed"
      },
      {
        "course_code": "CURRENT CGPA",
        "original_score": 2.31,
        "semester": "ND-FIRST-YEAR-SECOND-SEMESTER",
        "set": "ND-2025",
        "resit_attempts": 0,
        "best_score": 2.31,
        "status": "Failed"
      }
    ],
    "semester": "ND-FIRST-YEAR-SECOND-SEMESTER",
    "set": "ND-2025",
    "identified_date": "2026-01-08 07:07:54",
    "total_resit_attempts": 0,
    "status": "Active",
    "probation_status": false
  },
  {
    "exam_number": "FCTCONS/ND24/135",
    "name": "ABDUL-RAHMAN NOT REGBILA ONIZE",
    "failed_courses": [
      {
        "course_code": "NUS123",
        "original_score": 45.0,
        "semester": "ND-FIRST-YEAR-SECOND-SEMESTER",
        "set": "ND-2025",
        "resit_attempts": 0,
        "best_score": 45.0,
        "status": "Failed"
      },
      {
        "course_code": "Total Registered CU",
        "original_score": 23.0,
        "semester": "ND-FIRST-YEAR-SECOND-SEMESTER",
        "set": "ND-2025",
        "resit_attempts": 0,
        "best_score": 23.0,
        "status": "Failed"
      },
      {
        "course_code": "PREVIOUS CGPA",
        "original_score": 2.8,
        "semester": "ND-FIRST-YEAR-SECOND-SEMESTER",
        "set": "ND-2025",
        "resit_attempts": 0,
        "best_score": 2.8,
        "status": "Failed"
      },
      {
        "course_code": "CURRENT CGPA",
        "original_score": 2.97,
        "semester": "ND-FIRST-YEAR-SECOND-SEMESTER",
        "set": "ND-2025",
        "resit_attempts": 0,
        "best_score": 2.97,
        "status": "Failed"
      }
    ],
    "semester": "ND-FIRST-YEAR-SECOND-SEMESTER",
    "set": "ND-2025",
    "identified_date": "2026-01-08 07:07:55",
    "total_resit_attempts": 0,
    "status": "Active",
    "probation_status": false
  },
  {
    "exam_number": "FCTCONS/ND24/140",
    "name": "DONGAH GODSLOVE LODIYA",
    "failed_courses": [
      {
        "course_code": "NUS123",
        "original_score": 46.0,
        "semester": "ND-FIRST-YEAR-SECOND-SEMESTER",
        "set": "ND-2025",
        "resit_attempts": 0,
        "best_score": 46.0,
        "status": "Failed"
      },
      {
        "course_code": "Total Registered CU",
        "original_score": 23.0,
        "semester": "ND-FIRST-YEAR-SECOND-SEMESTER",
        "set": "ND-2025",
        "resit_attempts": 0,
        "best_score": 23.0,
        "status": "Failed"
      },
      {
        "course_code": "PREVIOUS CGPA",
        "original_score": 3.32,
        "semester": "ND-FIRST-YEAR-SECOND-SEMESTER",
        "set": "ND-2025",
        "resit_attempts": 0,
        "best_score": 3.32,
        "status": "Failed"
      },
      {
        "course_code": "CURRENT CGPA",
        "original_score": 3.35,
        "semester": "ND-FIRST-YEAR-SECOND-SEMESTER",
        "set": "ND-2025",
        "resit_attempts": 0,
        "best_score": 3.35,
        "status": "Failed"
      }
    ],
    "semester": "ND-FIRST-YEAR-SECOND-SEMESTER",
    "set": "ND-2025",
    "identified_date": "2026-01-08 07:07:55",
    "total_resit_attempts": 0,
    "status": "Active",
    "probation_status": false
  }
]