[
  {
    "exam_number": "FCTCONS/ND24/009",
    "name": "AGADA EMMANUEL ENECHE",
    "failed_courses": [
      {
        "course_code": "NUS112",
        "original_score": 39.0,
        "semester": "ND-FIRST-YEAR-FIRST-SEMESTER",
        "set": "ND-2025",
        "resit_attempts": 0,
        "best_score": 39.0,
        "status": "Failed"
      },
      {
        "course_code": "NUS114",
        "original_score": 45.0,
        "semester": "ND-FIRST-YEAR-FIRST-SEMESTER",
        "set": "ND-2025",
        "resit_attempts": 0,
        "best_score": 45.0,
        "status": "Failed"
      },
      {
        "course_code": "Total Registered CU",
        "original_score": 25.0,
        "semester": "ND-FIRST-YEAR-FIRST-SEMESTER",
        "set": "ND-2025",
        "resit_attempts": 0,
        "best_score": 25.0,
        "status": "Failed"
      },
      {
        "course_code": "CURRENT CGPA",
        "original_score": 1.92,
        "semester": "ND-FIRST-YEAR-FIRST-SEMESTER",
        "set": "ND-2025",
        "resit_attempts": 0,
        "best_score": 1.92,
        "status": "Failed"
      }
    ],
    "semester": "ND-FIRST-YEAR-FIRST-SEMESTER",
    "set": "ND-2025",
    "identified_date": "2026-01-08 07:07:49",
    "total_resit_attempts": 0,
    "status": "Active",
    "probation_status": true
  },
  {
    "exam_number": "FCTCONS/ND24/017",
    "name": "MOHAMMED SAVIOUR SARAH",
    "failed_courses": [
      {
        "course_code": "NUS112",
        "original_score": 46.0,
        "semester": "ND-FIRST-YEAR-FIRST-SEMESTER",
        "set": "ND-2025",
        "resit_attempts": 0,
        "best_score": 46.0,
        "status": "Failed"
      },
      {
        "course_code": "NUS114",
        "original_score": 46.0,
        "semester": "ND-FIRST-YEAR-FIRST-SEMESTER",
        "set": "ND-2025",
        "resit_attempts": 0,
        "best_score": 46.0,
        "status": "Failed"
      },
      {
        "course_code": "Total Registered CU",
        "original_score": 25.0,
        "semester": "ND-FIRST-YEAR-FIRST-SEMESTER",
        "set": "ND-2025",
        "resit_attempts": 0,
        "best_score": 25.0,
        "status": "Failed"
      },
      {
        "course_code": "CURRENT CGPA",
        "original_score": 2.0,
        "semester": "ND-FIRST-YEAR-FIRST-SEMESTER",
        "set": "ND-2025",
        "resit_attempts": 0,
        "best_score": 2.0,
        "status": "Failed"
      }
    ],
    "semester": "ND-FIRST-YEAR-FIRST-SEMESTER",
    "set": "ND-2025",
    "identified_date": "2026-01-08 07:07:49",
    "total_resit_attempts": 0,
    "status": "Active",
    "probation_status": false
  },
  {
    "exam_number": "FCTCONS/ND24/025",
    "name": "ITEM PRAISEGOD CHIDOZIE",
    "failed_courses": [
      {
        "course_code": "GNS102",
        "original_score": 44.0,
        "semester": "ND-FIRST-YEAR-FIRST-SEMESTER",
        "set": "ND-2025",
        "resit_attempts": 0,
        "best_score": 44.0,
        "status": "Failed"
      },
      {
        "course_code": "Total Registered CU",
        "original_score": 25.0,
        "semester": "ND-FIRST-YEAR-FIRST-SEMESTER",
        "set": "ND-2025",
        "resit_attempts": 0,
        "best_score": 25.0,
        "status": "Failed"
      },
      {
        "course_code": "CURRENT CGPA",
        "original_score": 2.0,
        "semester": "ND-FIRST-YEAR-FIRST-SEMESTER",
        "set": "ND-2025",
        "resit_attempts": 0,
        "best_score": 2.0,
        "status": "Failed"
      }
    ],
    "semester": "ND-FIRST-YEAR-FIRST-SEMESTER",
    "set": "ND-2025",
    "identified_date": "2026-01-08 07:07:49",
    "total_resit_attempts": 0,
    "status": "Active",
    "probation_status": false
  },
  {
    "exam_number": "FCTCONS/ND24/030",
    "name": "AUGUSTINE SAVIOUR SUNDAY",
    "failed_courses": [
      {
        "course_code": "NUS113",
        "original_score": 44.0,
        "semester": "ND-FIRST-YEAR-FIRST-SEMESTER",
        "set": "ND-2025",
        "resit_attempts": 0,
        "best_score": 44.0,
        "status": "Failed"
      },
      {
        "course_code": "Total Registered CU",
        "original_score": 25.0,
        "semester": "ND-FIRST-YEAR-FIRST-SEMESTER",
        "set": "ND-2025",
        "resit_attempts": 0,
        "best_score": 25.0,
        "status": "Failed"
      },
      {
        "course_code": "CURRENT CGPA",
        "original_score": 2.08,
        "semester": "ND-FIRST-YEAR-FIRST-SEMESTER",
        "set": "ND-2025",
        "resit_attempts": 0,
        "best_score": 2.08,
        "status": "Failed"
      }
    ],
    "semester": "ND-FIRST-YEAR-FIRST-SEMESTER",
    "set": "ND-2025",
    "identified_date": "2026-01-08 07:07:49",
    "total_resit_attempts": 0,
    "status": "Active",
    "probation_status": false
  },
  {
    "exam_number": "FCTCONS/ND24/052",
    "name": "KAJANG FAVOUR ZIGWAI",
    "failed_courses": [
      {
        "course_code": "NUS112",
        "original_score": 45.0,
        "semester": "ND-FIRST-YEAR-FIRST-SEMESTER",
        "set": "ND-2025",
        "resit_attempts": 0,
        "best_score": 45.0,
        "status": "Failed"
      },
      {
        "course_code": "Total Registered CU",
        "original_score": 25.0,
        "semester": "ND-FIRST-YEAR-FIRST-SEMESTER",
        "set": "ND-2025",
        "resit_attempts": 0,
        "best_score": 25.0,
        "status": "Failed"
      },
      {
        "course_code": "CURRENT CGPA",
        "original_score": 2.24,
        "semester": "ND-FIRST-YEAR-FIRST-SEMESTER",
        "set": "ND-2025",
        "resit_attempts": 0,
        "best_score": 2.24,
        "status": "Failed"
      }
    ],
    "semester": "ND-FIRST-YEAR-FIRST-SEMESTER",
    "set": "ND-2025",
    "identified_date": "2026-01-08 07:07:49",
    "total_resit_attempts": 0,
    "status": "Active",
    "probation_status": false
  },
  {
    "exam_number": "FCTCONS/ND24/056",
    "name": "MAINA SHAMMAH MUSA",
    "failed_courses": [
      {
        "course_code": "NUS112",
        "original_score": 36.0,
        "semester": "ND-FIRST-YEAR-FIRST-SEMESTER",
        "set": "ND-2025",
        "resit_attempts": 0,
        "best_score": 36.0,
        "status": "Failed"
      },
      {
        "course_code": "NUS113",
        "original_score": 38.0,
        "semester": "ND-FIRST-YEAR-FIRST-SEMESTER",
        "set": "ND-2025",
        "resit_attempts": 0,
        "best_score": 38.0,
        "status": "Failed"
      },
      {
        "course_code": "NUS114",
        "original_score": 42.0,
        "semester": "ND-FIRST-YEAR-FIRST-SEMESTER",
        "set": "ND-2025",
        "resit_attempts": 0,
        "best_score": 42.0,
        "status": "Failed"
      },
      {
        "course_code": "Total Registered CU",
        "original_score": 25.0,
        "semester": "ND-FIRST-YEAR-FIRST-SEMESTER",
        "set": "ND-2025",
        "resit_attempts": 0,
        "best_score": 25.0,
        "status": "Failed"
      },
      {
        "course_code": "CURRENT CGPA",
        "original_score": 1.6,
        "semester": "ND-FIRST-YEAR-FIRST-SEMESTER",
        "set": "ND-2025",
        "resit_attempts": 0,
        "best_score": 1.6,
        "status": "Failed"
      }
    ],
    "semester": "ND-FIRST-YEAR-FIRST-SEMESTER",
    "set": "ND-2025",
    "identified_date": "2026-01-08 07:07:49",
    "total_resit_attempts": 0,
    "status": "Active",
    "probation_status": true
  },
  {
    "exam_number": "FCTCONS/ND24/058",
    "name": "ISMAIL HAUWA YUSUF",
    "failed_courses": [
      {
        "course_code": "NUS116",
        "original_score": 44.0,
        "semester": "ND-FIRST-YEAR-FIRST-SEMESTER",
        "set": "ND-2025",
        "resit_attempts": 0,
        "best_score": 44.0,
        "status": "Failed"
      },
      {
        "course_code": "Total Registered CU",
        "original_score": 25.0,
        "semester": "ND-FIRST-YEAR-FIRST-SEMESTER",
        "set": "ND-2025",
        "resit_attempts": 0,
        "best_score": 25.0,
        "status": "Failed"
      },
      {
        "course_code": "CURRENT CGPA",
        "original_score": 1.84,
        "semester": "ND-FIRST-YEAR-FIRST-SEMESTER",
        "set": "ND-2025",
        "resit_attempts": 0,
        "best_score": 1.84,
        "status": "Failed"
      }
    ],
    "semester": "ND-FIRST-YEAR-FIRST-SEMESTER",
    "set": "ND-2025",
    "identified_date": "2026-01-08 07:07:49",
    "total_resit_attempts": 0,
    "status": "Active",
    "probation_status": true
  },
  {
    "exam_number": "FCTCONS/ND24/077",
    "name": "OODOH COMFORT ONYENEFU",
    "failed_courses": [
      {
        "course_code": "NUS112",
        "original_score": 46.0,
        "semester": "ND-FIRST-YEAR-FIRST-SEMESTER",
        "set": "ND-2025",
        "resit_attempts": 0,
        "best_score": 46.0,
        "status": "Failed"
      },
      {
        "course_code": "Total Registered CU",
        "original_score": 25.0,
        "semester": "ND-FIRST-YEAR-FIRST-SEMESTER",
        "set": "ND-2025",
        "resit_attempts": 0,
        "best_score": 25.0,
        "status": "Failed"
      },
      {
        "course_code": "CURRENT CGPA",
        "original_score": 2.4,
        "semester": "ND-FIRST-YEAR-FIRST-SEMESTER",
        "set": "ND-2025",
        "resit_attempts": 0,
        "best_score": 2.4,
        "status": "Failed"
      }
    ],
    "semester": "ND-FIRST-YEAR-FIRST-SEMESTER",
    "set": "ND-2025",
    "identified_date": "2026-01-08 07:07:49",
    "total_resit_attempts": 0,
    "status": "Active",
    "probation_status": false
  },
  {
    "exam_number": "FCTCONS/ND24/087",
    "name": "AYODELE MUMEENAT DADA",
    "failed_courses": [
      {
        "course_code": "NUS117",
        "original_score": 46.0,
        "semester": "ND-FIRST-YEAR-FIRST-SEMESTER",
        "set": "ND-2025",
        "resit_attempts": 0,
        "best_score": 46.0,
        "status": "Failed"
      },
      {
        "course_code": "Total Registered CU",
        "original_score": 25.0,
        "semester": "ND-FIRST-YEAR-FIRST-SEMESTER",
        "set": "ND-2025",
        "resit_attempts": 0,
        "best_score": 25.0,
        "status": "Failed"
      },
      {
        "course_code": "CURRENT CGPA",
        "original_score": 2.28,
        "semester": "ND-FIRST-YEAR-FIRST-SEMESTER",
        "set": "ND-2025",
        "resit_attempts": 0,
        "best_score": 2.28,
        "status": "Failed"
      }
    ],
    "semester": "ND-FIRST-YEAR-FIRST-SEMESTER",
    "set": "ND-2025",
    "identified_date": "2026-01-08 07:07:49",
    "total_resit_attempts": 0,
    "status": "Active",
    "probation_status": false
  },
  {
    "exam_number": "FCTCONS/ND24/092",
    "name": "OKUCHE KOSISOCHUKWU SCHOLARSTICA",
    "failed_courses": [
      {
        "course_code": "GNS102",
        "original_score": 46.0,
        "semester": "ND-FIRST-YEAR-FIRST-SEMESTER",
        "set": "ND-2025",
        "resit_attempts": 0,
        "best_score": 46.0,
        "status": "Failed"
      },
      {
        "course_code": "Total Registered CU",
        "original_score": 25.0,
        "semester": "ND-FIRST-YEAR-FIRST-SEMESTER",
        "set": "ND-2025",
        "resit_attempts": 0,
        "best_score": 25.0,
        "status": "Failed"
      },
      {
        "course_code": "CURRENT CGPA",
        "original_score": 2.36,
        "semester": "ND-FIRST-YEAR-FIRST-SEMESTER",
        "set": "ND-2025",
        "resit_attempts": 0,
        "best_score": 2.36,
        "status": "Failed"
      }
    ],
    "semester": "ND-FIRST-YEAR-FIRST-SEMESTER",
    "set": "ND-2025",
    "identified_date": "2026-01-08 07:07:49",
    "total_resit_attempts": 0,
    "status": "Active",
    "probation_status": false
  },
  {
    "exam_number": "FCTCONS/ND24/095",
    "name": "AYISA-ATANZE HAPPINESS CINCINSOKO",
    "failed_courses": [
      {
        "course_code": "NUS117",
        "original_score": 46.0,
        "semester": "ND-FIRST-YEAR-FIRST-SEMESTER",
        "set": "ND-2025",
        "resit_attempts": 0,
        "best_score": 46.0,
        "status": "Failed"
      },
      {
        "course_code": "Total Registered CU",
        "original_score": 25.0,
        "semester": "ND-FIRST-YEAR-FIRST-SEMESTER",
        "set": "ND-2025",
        "resit_attempts": 0,
        "best_score": 25.0,
        "status": "Failed"
      },
      {
        "course_code": "CURRENT CGPA",
        "original_score": 2.2,
        "semester": "ND-FIRST-YEAR-FIRST-SEMESTER",
        "set": "ND-2025",
        "resit_attempts": 0,
        "best_score": 2.2,
        "status": "Failed"
      }
    ],
    "semester": "ND-FIRST-YEAR-FIRST-SEMESTER",
    "set": "ND-2025",
    "identified_date": "2026-01-08 07:07:49",
    "total_resit_attempts": 0,
    "status": "Active",
    "probation_status": false
  },
  {
    "exam_number": "FCTCONS/ND24/121",
    "name": "HUSSAINI AISHA KUCHI",
    "failed_courses": [
      {
        "course_code": "NUS113",
        "original_score": 46.0,
        "semester": "ND-FIRST-YEAR-FIRST-SEMESTER",
        "set": "ND-2025",
        "resit_attempts": 0,
        "best_score": 46.0,
        "status": "Failed"
      },
      {
        "course_code": "Total Registered CU",
        "original_score": 25.0,
        "semester": "ND-FIRST-YEAR-FIRST-SEMESTER",
        "set": "ND-2025",
        "resit_attempts": 0,
        "best_score": 25.0,
        "status": "Failed"
      },
      {
        "course_code": "CURRENT CGPA",
        "original_score": 1.92,
        "semester": "ND-FIRST-YEAR-FIRST-SEMESTER",
        "set": "ND-2025",
        "resit_attempts": 0,
        "best_score": 1.92,
        "status": "Failed"
      }
    ],
    "semester": "ND-FIRST-YEAR-FIRST-SEMESTER",
    "set": "ND-2025",
    "identified_date": "2026-01-08 07:07:49",
    "total_resit_attempts": 0,
    "status": "Active",
    "probation_status": true
  },
  {
    "exam_number": "FCTCONS/ND24/130",
    "name": "OGAR MONICA INAYI",
    "failed_courses": [
      {
        "course_code": "NUS116",
        "original_score": 44.0,
        "semester": "ND-FIRST-YEAR-FIRST-SEMESTER",
        "set": "ND-2025",
        "resit_attempts": 0,
        "best_score": 44.0,
        "status": "Failed"
      },
      {
        "course_code": "Total Registered CU",
        "original_score": 25.0,
        "semester": "ND-FIRST-YEAR-FIRST-SEMESTER",
        "set": "ND-2025",
        "resit_attempts": 0,
        "best_score": 25.0,
        "status": "Failed"
      },
      {
        "course_code": "CURRENT CGPA",
        "original_score": 2.4,
        "semester": "ND-FIRST-YEAR-FIRST-SEMESTER",
        "set": "ND-2025",
        "resit_attempts": 0,
        "best_score": 2.4,
        "status": "Failed"
      }
    ],
    "semester": "ND-FIRST-YEAR-FIRST-SEMESTER",
    "set": "ND-2025",
    "identified_date": "2026-01-08 07:07:49",
    "total_resit_attempts": 0,
    "status": "Active",
    "probation_status": false
  },
  {
    "exam_number": "FCTCONS/ND24/132",
    "name": "CHUDE ALEXANDER CHIDUBEM",
    "failed_courses": [
      {
        "course_code": "NUS111",
        "original_score": 45.0,
        "semester": "ND-FIRST-YEAR-FIRST-SEMESTER",
        "set": "ND-2025",
        "resit_attempts": 0,
        "best_score": 45.0,
        "status": "Failed"
      },
      {
        "course_code": "NUS112",
        "original_score": 46.0,
        "semester": "ND-FIRST-YEAR-FIRST-SEMESTER",
        "set": "ND-2025",
        "resit_attempts": 0,
        "best_score": 46.0,
        "status": "Failed"
      },
      {
        "course_code": "Total Registered CU",
        "original_score": 25.0,
        "semester": "ND-FIRST-YEAR-FIRST-SEMESTER",
        "set": "ND-2025",
        "resit_attempts": 0,
        "best_score": 25.0,
        "status": "Failed"
      },
      {
        "course_code": "CURRENT CGPA",
        "original_score": 2.24,
        "semester": "ND-FIRST-YEAR-FIRST-SEMESTER",
        "set": "ND-2025",
        "resit_attempts": 0,
        "best_score": 2.24,
        "status": "Failed"
      }
    ],
    "semester": "ND-FIRST-YEAR-FIRST-SEMESTER",
    "set": "ND-2025",
    "identified_date": "2026-01-08 07:07:49",
    "total_resit_attempts": 0,
    "status": "Active",
    "probation_status": false
  }
]