S/N,STATE_SN,FULL NAME,APPLICATION ID,PHONE NUMBER,STATE,Score/100.00,Score/100
1,1,Victor Otaka Robert,202551209034GF,,Abia,56.25,56
2,2,Uzor Ruth Ujuamara,202551011835FF,,Abia,52.50,52
3,3,Precious Anthony Adachukwu,202551631112AF,,Abia,38.75,39
4,1,John Ijanada,202550537231HA,,Adamawa,31.25,31
5,1,Ekpenyong Irene Asuquo,202550255044GF,,Akwa-Ibom,43.75,44
6,2,Reuben Esther Enobong,202551702413DF,,Akwa-Ibom,35.00,35
7,1,Michael Ikeh Ebuka,202550233062GA,,Anambra,50.00,50
8,2,Izuegbunam Miracle Oluebube,202550550576DF,,Anambra,43.75,44
9,3,Esther Okoli Oby,202550817894JF,,Anambra,42.50,42
10,4,Mmaduabuchukwu Amara Favour,202551535465BA,,Anambra,38.75,39
11,5,Chiamaka David Confidence,202550401216EA,,Anambra,35.00,35
12,6,Precious Izunna Izuogu,202551475039EA,,Anambra,27.50,28
13,1,Adams Favour Ehigocho,202550785098BA,,Benue,68.75,69
14,2,Wisdom-Praise Ogwuche Ene,202550127197EF,,Benue,56.25,56
15,3,Princess Omaji Ona-Ihotu,202550398410BA,,Benue,42.50,42
16,4,Blessing Ali Ene,202550139245DF,,Benue,41.25,41
17,5,Roseline Ocheme Ejum,202551807098GA,,Benue,40.00,40
18,6,Peace Raphael Chinecherem,202550873295BF,,Benue,37.50,38
19,7,Catherine Okwoli Oneh,202551299194EA,,Benue,32.50,32
20,8,Odoje Stella,202551078283DA,,Benue,20.00,20
21,1,Hope Ipuole Owoche,202550312811DA,,Cross-River,41.25,41
22,1,Favour Okoro Ukamaka,202550644554BF,,Ebonyi,42.50,42
23,1,Michael Peace Aleakhue,202551586386AF,,Edo,53.75,54
24,2,Blessing Osariemen Johnson,202551798008AF,,Edo,47.50,48
25,3,Joseph Love Eshi,202551757643FA,,Edo,43.75,44
26,4,Mercy Okaisabor Osadebame,202551956757IA,,Edo,42.50,42
27,5,Kelvin Faith,202550102330CF,,Edo,35.00,35
28,6,Divine Dania Victoria,202551437352JA,,Edo,33.75,34
29,7,Muhammad Saadat,202551079877EA,,Edo,31.25,31
30,1,Ogunremi Olamide Victor,202551956179CF,,Ekiti,33.75,34
31,1,Blessing Ugwu Chimuanya,202550870399FF,,Enugu,48.75,49
32,2,Gabriel Rejoice,202550612691BF,,Enugu,42.50,42
33,3,Iruoma Nnaji Glory,202550244547BF,,Enugu,40.00,40
34,4,Uzodimma Tochukwu Favour,202551661387GA,,Enugu,36.25,36
35,1,Webiye Gbaji Favour,202551949834CA,,FCT-Abuja,57.50,57
36,2,Simeon Praise Alefiya,202550126005CA,,FCT-Abuja,43.75,44
37,3,Waziri Hope Gold,202551911576HF,,FCT-Abuja,41.25,41
38,4,Grace David Miracle,202551945233DF,,FCT-Abuja,37.50,38
39,5,Flora Samson Yemilo,202550125474BF,,FCT-Abuja,36.25,36
40,6,Khadijat Abubakar Bajara,202551659582GA,,FCT-Abuja,32.50,32
41,1,Paul Bonnke,202551673210DF,,Gombe,48.75,49
42,1,Angela Iheanyichukwu Chidera,202551203893CF,,Imo,51.25,51
43,2,Ifeyinwa Maduuzowuru Precious,202550487253BF,,Imo,47.50,48
44,3,Chukwuneye Angel Chiamaka,202550530755FF,,Imo,43.75,44
45,4,Ndubuisi Chiemerie Emmanuella,202551717483CA,,Imo,42.50,42
46,5,Ugochukwu Chiamaka Janefrancis,202551091719BF,,Imo,42.50,42
47,6,Peculiar Godwin Chiwendu,202551745864EF,,Imo,40.00,40
48,1,Precious Emmanuel,202551426802CA,,Kaduna,51.25,51
49,2,Sarah Bilatus,202550447838GA,,Kaduna,47.50,48
50,3,Deborah Danjuma Dodo,202550519108FF,,Kaduna,45.00,45
51,4,Audu Favour Ayimeh,202551747408CA,,Kaduna,42.50,42
52,5,Stephanie Joshua Nsuni,202550570053CF,,Kaduna,38.75,39
53,6,Faith Peter,202550797298JF,,Kaduna,38.75,39
54,7,Desire Angelina,202550975822JF,,Kaduna,32.50,32
55,8,Patience Dauda,202550761818DF,,Kaduna,31.25,31
56,9,Sim Dangana Geyi Emmanuella,202550279502EA,,Kaduna,31.25,31
57,10,Monica Innocent,202550225096IF,,Kaduna,27.50,28
58,11,Diwoma Ezekiel Daniella,202550063025JA,,Kaduna,26.25,26
59,1,Jummai Samaila,202550265651EA,,Katsina,26.25,26
60,1,Marcus Sunday Emmanuel,202551995643CA,,Kebbi,28.75,29
61,1,Peter Audu Joyrich,202550126135DF,,Kogi,48.75,49
62,2,Amirah Abdulazeez Atimpo,202550312926CF,,Kogi,45.00,45
63,3,Firdausi Aliyu Oyiza,202551084142JA,,Kogi,43.75,44
64,4,Aishat Abdul,202550622888EF,,Kogi,42.50,42
65,5,Musa Saratu,202551857238GF,,Kogi,41.25,41
66,6,Natasha Adubazi Ovaiyoza,202551087397GA,,Kogi,40.00,40
67,7,Victoria Anthony Praise,202550662242CA,,Kogi,38.75,39
68,8,Deborah Emmanuel Ufedo-Ojo,202550779527DA,,Kogi,38.75,39
69,9,Usman Abdullahi,202551671506AF,,Kogi,31.25,31
70,10,Gift Festus,202551082995DA,,Kogi,31.25,31
71,11,Yahaya Barikisu Ometere,202551207099FA,,Kogi,26.25,26
72,1,Arolahun Aishat Kofoworola,202551969878CF,,Kwara,36.25,36
73,2,Maimunat Badmus Ajobi,202551043488GA,,Kwara,33.75,34
74,3,Abdulhameed Adeshina,202550589044HA,,Kwara,32.50,32
75,1,Halimoh Bankole Ayinke,202550379421FA,,Lagos,32.50,32
76,1,Waibe Musa,202551616985FF,,Nassarawa,42.50,42
77,2,Ibrahim Maryam Chiroma,202550292037GF,,Nassarawa,27.50,28
78,1,Solomon Rejoice,202551638410JA,,Niger,48.75,49
79,2,Aisha Abdulrahman,202550800954FF,,Niger,28.75,29
80,1,Toluwalashe Odumade Rashidat,202551495273EF,,Ogun,42.50,42
81,2,Lydia Ige Morohunmubo,202551146448GF,,Ogun,42.50,42
82,1,Hameedat Tiamiyu Temitope,202550966228JA,,Ondo,38.75,39
83,2,Titilayo Ige Elizabeth,202550765122EF,,Ondo,33.75,34
84,3,Ademakinwa God'Sgift Ebunoluwa,202550666083AF,,Ondo,33.75,34
85,4,Bridget Ajisafe Olawumi,202550096580IF,,Ondo,30.00,30
86,1,Dorcas Ebenezer Ayomiposi,202550535484GF,,Osun,46.25,46
87,2,Rachael Fasipe Oluwaseun,202550562428FF,,Osun,43.75,44
88,3,Akinrole Halimat Fumilayo,202551767271HF,,Osun,35.00,35
89,4,Titilope Alani Racheal,202551824986BF,,Osun,33.75,34
90,1,Mary Adewale Oluwafeyikemi,202551223826BF,,Oyo,57.50,57
91,2,Blessing Ojo,202550672504BA,,Oyo,55.00,55
92,3,Ayooluwa Adepoju Victory,202550734359FF,,Oyo,43.75,44
93,4,Elizabeth Olayiwola Mercy,202550921193CA,,Oyo,41.25,41
94,5,Amirah Abdullahi Aliyu,202551942158CA,,Oyo,28.75,29
95,1,Ishaku Shallom Chen,202550875054FF,,Plateau,41.25,41
96,2,Joy Ishaya Dung,202551609403GA,,Plateau,30.00,30
97,1,Amadi Marvelous Temple,202550649776DA,,Rivers,40.00,40
