S/N,STATE_SN,FULL NAME,APPLICATION ID,PHONE NUMBER,STATE,Score/100.00,Score/100
1,1,Chima Daniella Chidinma,202551536798JA,,Abia,51.25,51
2,2,Rejoice Iche Inyang-Kalu,202550523583AF,,Abia,43.75,44
3,3,Treasure Christopher Chukwudalu,202550950516IF,,Abia,43.75,44
4,4,Ngozi Williams Gift,202551492970GF,,Abia,41.25,41
5,5,God'S Chukwuemeka Light Chihurumnaya,202551548803BA,,Abia,33.75,34
6,1,Peace Peter Danladi,202551006030BA,,Adamawa,42.50,42
7,1,Victoria Udoh Isaac,202550271137GF,,Akwa-Ibom,55.00,55
8,2,Breakthrough Okpo Bassey,202551257561GA,,Akwa-Ibom,50.00,50
9,3,Faith Samuel Okon,202550354919BA,,Akwa-Ibom,43.75,44
10,4,Grace Dominic Philip,202551794981DF,,Akwa-Ibom,38.75,39
11,5,Mary Stephen Columbus,202550303163BA,,Akwa-Ibom,30.00,30
12,1,Amarachi Okwuoha,202551720228HA,,Anambra,51.25,51
13,2,Chidera Nwachukwu,202550346832HA,,Anambra,46.25,46
14,3,Chikasinma Louis Gift,202551205130BF,,Anambra,42.50,42
15,4,Chincherem Igbokwe Blessing,202550825571JA,,Anambra,31.25,31
16,5,Obianuju Chukwudike Anurika,202551766540CF,,Anambra,30.00,30
17,6,Moses Ezenu Chukwunoyelum,202550588583JF,,Anambra,27.50,28
18,1,Daniel James Owoicho,202551273401JA,,Benue,45.00,45
19,2,Onoja Blessing Ihotu,202551704324HF,,Benue,41.25,41
20,3,Annabel Titus,202551028231GA,,Benue,38.75,39
21,4,Dooyum Gwaza Rita,202551301311JF,,Benue,33.75,34
22,5,Gideon Usman,202550085890FA,,Benue,32.50,32
23,6,Anande Wuese Praise,202551177742GA,,Benue,30.00,30
24,7,Comfort Okpan Enayi,202551127285CF,,Benue,23.75,24
25,1,Abubakar Hassana,202550610103DF,,Borno,47.50,48
26,2,Aliyu Amina Usman,202551376326IA,,Borno,45.00,45
27,3,Ruth Amos Malgwi,202550585906IF,,Borno,32.50,32
28,1,Prudence-Dazzle Ayi Chris,202550724648GF,,Cross-River,52.50,52
29,2,Lauretta Iruonagbe Moses,202551795259HA,,Cross-River,43.75,44
30,1,Theresa Onokpasa Okpareme,202552018216BF,,Delta,63.75,64
31,2,Franklin Precious Ifeanyi,202550023470HF,,Delta,51.25,51
32,3,Obaloye Joy,202551841288BF,,Delta,47.50,48
33,4,Obianuju Egbochionye Sheila,202550659882EA,,Delta,47.50,48
34,5,Favour Isaac Oghenemaro,202550331513JF,,Delta,41.25,41
35,6,Sarah Henry Omogaga,202550071422JF,,Delta,40.00,40
36,1,Rejoice Chukwu Ada,202551334986GA,,Ebonyi,51.25,51
37,2,Udeh Blessing Kalu,202551220263GF,,Ebonyi,51.25,51
38,3,Emmanuel Ezekiel Tochukwu,202550193598GF,,Ebonyi,45.00,45
39,4,Faith Emmanuel Onyinyechi,202551616263FF,,Ebonyi,45.00,45
40,5,Chisom Aluma Sarah,202551123300JF,,Ebonyi,43.75,44
41,1,Princess Osadolor Osarumen,202551179121AF,,Edo,63.75,64
42,2,Esther Ahonsi Ivie-Chidera,202551746337FF,,Edo,57.50,57
43,3,Abdullahi Belikisu Mallama,202550453882FA,,Edo,53.75,54
44,4,Gracious Eku Onotieke,202550604456FF,,Edo,51.25,51
45,5,Abdullatif Musa,202550206257EA,,Edo,36.25,36
46,1,Felicity Onah Chinonye,202550766477BF,,Enugu,61.25,61
47,2,Goodness Cyprian,202551267608IA,,Enugu,60.00,60
48,3,Chidimma Okorie Cecilia,202551708896BF,,Enugu,50.00,50
49,4,Edeh Favour Nmesoma,202550252945BF,,Enugu,48.75,49
50,5,Williams Ndubuisi Akachukwu,202550518880FF,,Enugu,46.25,46
51,6,Eugenia Isife Chinaza,202550694763FF,,Enugu,45.00,45
52,7,Ngozi Nebechukwu Juliet,202551554270DF,,Enugu,42.50,42
53,8,Okeke Oluchi Esther,202551682256CF,,Enugu,42.50,42
54,9,Oluomachukwu Ossai Favour,202551381895HA,,Enugu,42.50,42
55,10,Chinaza Ofoele Kingsley,202550434610IA,,Enugu,41.25,41
56,11,Mmesoma Igboh Vera,202550352528JA,,Enugu,40.00,40
57,12,Chinaza Ossai Lilian,202551825030IA,,Enugu,38.75,39
58,13,Favour Aniakor Ifebuchechukwu,202551048728IA,,Enugu,36.25,36
59,14,Chisom Mbamalu Emmanuella,202550458806DF,,Enugu,35.00,35
60,15,Ebube Nwafor Scholastica,202550078598DA,,Enugu,32.50,32
61,16,Orji Ogechukwu Mary,202551910172GF,,Enugu,32.50,32
62,17,Onwubiko Sarafinna Ada,202551288029AF,,Enugu,30.00,30
63,18,Manu Emmanuella Somto,202551269185IA,,Enugu,27.50,28
64,19,Shedrach Arji Ogbonna,202551476906BF,,Enugu,15.00,15
65,1,Billha Joshua,202550853856CF,,FCT-Abuja,37.50,38
66,2,Faiza Musa Stephanie,202550182738CF,,FCT-Abuja,28.75,29
67,3,Emmanuel Precious Shekwosa,202550538557JA,,FCT-Abuja,18.75,19
68,1,Paul Mercy Princess,202551232902EF,,Gombe,32.50,32
69,1,Joy Obilom Chioma,202551581136DF,,Imo,55.00,55
70,2,Ebubechi Ugo Emmanuella,202550041283CF,,Imo,48.75,49
71,3,Okorie Grace Chinemeremu,202550570127DF,,Imo,48.75,49
72,4,Esther Ifeanyi Chidinma,202550074399DA,,Imo,48.75,49
73,5,Praise Anyaso Ugochi,202550087346IF,,Imo,45.00,45
74,6,Sarah Nnabugwu Chinyere,202551289345HF,,Imo,43.75,44
75,7,Chinaza Amaechi Favour,202550594833AF,,Imo,42.50,42
76,8,Precious Ohazuruike Uchechukwu,202550724569IA,,Imo,35.00,35
77,1,Endurance Istifanus,202550107084AF,,Kaduna,48.75,49
78,2,Priscilla Markus Manai,202550030605CF,,Kaduna,47.50,48
79,3,Ruby Josiah Nasara,202550736414EA,,Kaduna,40.00,40
80,4,Abida Amadu Madaki,202550542944AF,,Kaduna,37.50,38
81,5,Faith Titus,202550636199IF,,Kaduna,36.25,36
82,6,Fatima Abdullhi,202551103824AF,,Kaduna,36.25,36
83,7,Ismail Abdullahi,202551588633HF,,Kaduna,35.00,35
84,8,Bature Gloria Danlami,202551638247FA,,Kaduna,35.00,35
85,9,Ibrahim Ishaku,202550252823FF,,Kaduna,33.75,34
86,10,Patricia Victor,202551074625IA,,Kaduna,33.75,34
87,11,Joy Cyril,202550893092CA,,Kaduna,32.50,32
88,12,Ernest John Shuri,202552031488GA,,Kaduna,27.50,28
89,1,Murja Samaila,202551554613DA,,Kano,43.75,44
90,1,Nancy Sunday Tanimu,202550974283JF,,Kebbi,50.00,50
91,1,Oiza Yussuff Kauthsar,202550398836GF,,Kogi,57.50,57
92,2,Faith Jeremiah Omojo,202551012003HA,,Kogi,47.50,48
93,3,Ummuqulthum Abdullahi Ohikere,202551997715BF,,Kogi,47.50,48
94,4,Israel Simon Ojochegbe,202551111388JA,,Kogi,46.25,46
95,5,Elizabeth Stephen Ometere,202551862427FF,,Kogi,45.00,45
96,6,Ahmed Suleiman Arome,202550923763JA,,Kogi,45.00,45
97,7,Zainab Nasiru Ize,202551580526EF,,Kogi,42.50,42
98,8,Emmanuella Anthony Ajuma,202551011986GA,,Kogi,40.00,40
99,9,Christianah Isaac Oluwafisayo,202551875400HF,,Kogi,36.25,36
100,10,Suleiman Muazu,202550890952IA,,Kogi,35.00,35
101,11,Nathaniel Peace Ojodomo,202551042630HF,,Kogi,35.00,35
102,12,Adaji Ojochegbe,202551672473BF,,Kogi,35.00,35
103,13,Faith Abraham Kedonojo,202551319525DF,,Kogi,32.50,32
104,14,Faridat Hussein,202550590280GF,,Kogi,27.50,28
105,15,Shaibu Precious,202551627364DA,,Kogi,20.00,20
106,1,Badmus Shukurat Asabi,202550986131EA,,Kwara,53.75,54
107,2,Precious Owolabi,202551288154EF,,Kwara,41.25,41
108,3,Aminat Alawode,202550834223FF,,Kwara,35.00,35
109,1,Mogaji Tamilore Lilian,202550017658GF,,Lagos,40.00,40
110,1,Judith Ejike,202551340330DF,,Nassarawa,47.50,48
111,2,Eminent David,202550299740CF,,Nassarawa,23.75,24
112,1,Aliyu Hafsat,202550831257GF,,Niger,27.50,28
113,2,Suleiman Khairat,202551596587BF,,Niger,21.25,21
114,1,Darasimi John-Kukoyi David,202550728681EA,,Ogun,51.25,51
115,1,Stephanie Stephen,202550433054HA,,Ondo,48.75,49
116,2,Abimbola Samuel Omolere,202551945223IF,,Ondo,37.50,38
117,3,Ayomide Akinyemi Rebecca,202550814231HF,,Ondo,32.50,32
118,1,Blessing Folasayo Ruth,202551780435JA,,Osun,41.25,41
119,1,Taiye Akinyode Dorcas,202550902243FF,,Oyo,70.00,70
120,2,Habeebat Sulaiman Oyindamola,202550313801CA,,Oyo,51.25,51
121,3,Barakat Abdulrahman Omolola,202551274958JF,,Oyo,25.00,25
122,1,John Nanjul Cornelius,202551503924BF,,Plateau,57.50,57
123,2,Yusuf Iklima Umar,202550706848FA,,Plateau,43.75,44
124,3,Gloria Kokari Gata,202551777170HF,,Plateau,30.00,30
125,4,Laraba Yakubu,202551186061HF,,Plateau,30.00,30
126,5,Bamaiyi Christabel Thumangsha,202551022712BA,,Plateau,30.00,30
127,1,Nafisat Muhammed,202551082773JF,,Sokoto,33.75,34
