[
  {
    "exam_number": "FCTCONS/ND24/004",
    "name": "ABANG STEPHANIE ADA",
    "failed_courses": [
      {
        "course_code": "NUS123",
        "original_score": 41.0,
        "semester": "ND-FIRST-YEAR-SECOND-SEMESTER",
        "set": "ND-2025",
        "resit_attempts": 0,
        "best_score": 41.0,
        "status": "Failed"
      },
      {
        "course_code": "NUR122",
        "original_score": 42.0,
        "semester": "ND-FIRST-YEAR-SECOND-SEMESTER",
        "set": "ND-2025",
        "resit_attempts": 0,
        "best_score": 42.0,
        "status": "Failed"
      }
    ],
    "semester": "ND-FIRST-YEAR-SECOND-SEMESTER",
    "set": "ND-2025",
    "identified_date": "2025-10-27 08:49:14",
    "total_resit_attempts": 0,
    "status": "Active"
  },
  {
    "exam_number": "FCTCONS/ND24/007",
    "name": "AYO OLAMIDE PRAISE",
    "failed_courses": [
      {
        "course_code": "NUS125",
        "original_score": 48.0,
        "semester": "ND-FIRST-YEAR-SECOND-SEMESTER",
        "set": "ND-2025",
        "resit_attempts": 0,
        "best_score": 48.0,
        "status": "Failed"
      }
    ],
    "semester": "ND-FIRST-YEAR-SECOND-SEMESTER",
    "set": "ND-2025",
    "identified_date": "2025-10-27 08:49:14",
    "total_resit_attempts": 0,
    "status": "Active"
  },
  {
    "exam_number": "FCTCONS/ND24/009",
    "name": "AGADA EMMANUEL ENECHE",
    "failed_courses": [
      {
        "course_code": "NUS124",
        "original_score": 43.0,
        "semester": "ND-FIRST-YEAR-SECOND-SEMESTER",
        "set": "ND-2025",
        "resit_attempts": 0,
        "best_score": 43.0,
        "status": "Failed"
      }
    ],
    "semester": "ND-FIRST-YEAR-SECOND-SEMESTER",
    "set": "ND-2025",
    "identified_date": "2025-10-27 08:49:14",
    "total_resit_attempts": 0,
    "status": "Active"
  },
  {
    "exam_number": "FCTCONS/ND24/014",
    "name": "ALU EDWINA EDUGWU",
    "failed_courses": [
      {
        "course_code": "NUS122",
        "original_score": 44.0,
        "semester": "ND-FIRST-YEAR-SECOND-SEMESTER",
        "set": "ND-2025",
        "resit_attempts": 0,
        "best_score": 44.0,
        "status": "Failed"
      }
    ],
    "semester": "ND-FIRST-YEAR-SECOND-SEMESTER",
    "set": "ND-2025",
    "identified_date": "2025-10-27 08:49:14",
    "total_resit_attempts": 0,
    "status": "Active"
  },
  {
    "exam_number": "FCTCONS/ND24/016",
    "name": "UMUNNAKWE CHISOM MICHELLE",
    "failed_courses": [
      {
        "course_code": "EEd126",
        "original_score": 44.0,
        "semester": "ND-FIRST-YEAR-SECOND-SEMESTER",
        "set": "ND-2025",
        "resit_attempts": 0,
        "best_score": 44.0,
        "status": "Failed"
      }
    ],
    "semester": "ND-FIRST-YEAR-SECOND-SEMESTER",
    "set": "ND-2025",
    "identified_date": "2025-10-27 08:49:14",
    "total_resit_attempts": 0,
    "status": "Active"
  },
  {
    "exam_number": "FCTCONS/ND24/018",
    "name": "IGBASAN PHILBERTA  OLUWASEUN",
    "failed_courses": [
      {
        "course_code": "NUS121",
        "original_score": 32.0,
        "semester": "ND-FIRST-YEAR-SECOND-SEMESTER",
        "set": "ND-2025",
        "resit_attempts": 0,
        "best_score": 32.0,
        "status": "Failed"
      },
      {
        "course_code": "NUS122",
        "original_score": 48.0,
        "semester": "ND-FIRST-YEAR-SECOND-SEMESTER",
        "set": "ND-2025",
        "resit_attempts": 0,
        "best_score": 48.0,
        "status": "Failed"
      },
      {
        "course_code": "NUS125",
        "original_score": 48.0,
        "semester": "ND-FIRST-YEAR-SECOND-SEMESTER",
        "set": "ND-2025",
        "resit_attempts": 0,
        "best_score": 48.0,
        "status": "Failed"
      }
    ],
    "semester": "ND-FIRST-YEAR-SECOND-SEMESTER",
    "set": "ND-2025",
    "identified_date": "2025-10-27 08:49:14",
    "total_resit_attempts": 0,
    "status": "Active"
  },
  {
    "exam_number": "FCTCONS/ND24/019",
    "name": "OGAH PRINCESS UWENYI",
    "failed_courses": [
      {
        "course_code": "NUR121",
        "original_score": 36.0,
        "semester": "ND-FIRST-YEAR-SECOND-SEMESTER",
        "set": "ND-2025",
        "resit_attempts": 0,
        "best_score": 36.0,
        "status": "Failed"
      }
    ],
    "semester": "ND-FIRST-YEAR-SECOND-SEMESTER",
    "set": "ND-2025",
    "identified_date": "2025-10-27 08:49:14",
    "total_resit_attempts": 0,
    "status": "Active"
  },
  {
    "exam_number": "FCTCONS/ND24/031",
    "name": "MUHAMMAD NANA AISHA",
    "failed_courses": [
      {
        "course_code": "NUS121",
        "original_score": 43.0,
        "semester": "ND-FIRST-YEAR-SECOND-SEMESTER",
        "set": "ND-2025",
        "resit_attempts": 0,
        "best_score": 43.0,
        "status": "Failed"
      },
      {
        "course_code": "NUS122",
        "original_score": 46.0,
        "semester": "ND-FIRST-YEAR-SECOND-SEMESTER",
        "set": "ND-2025",
        "resit_attempts": 0,
        "best_score": 46.0,
        "status": "Failed"
      }
    ],
    "semester": "ND-FIRST-YEAR-SECOND-SEMESTER",
    "set": "ND-2025",
    "identified_date": "2025-10-27 08:49:14",
    "total_resit_attempts": 0,
    "status": "Active"
  },
  {
    "exam_number": "FCTCONS/ND24/035",
    "name": "AGBOOLA OLATOMIWA",
    "failed_courses": [
      {
        "course_code": "NUR121",
        "original_score": 46.0,
        "semester": "ND-FIRST-YEAR-SECOND-SEMESTER",
        "set": "ND-2025",
        "resit_attempts": 0,
        "best_score": 46.0,
        "status": "Failed"
      }
    ],
    "semester": "ND-FIRST-YEAR-SECOND-SEMESTER",
    "set": "ND-2025",
    "identified_date": "2025-10-27 08:49:14",
    "total_resit_attempts": 0,
    "status": "Active"
  },
  {
    "exam_number": "FCTCONS/ND24/040",
    "name": "AGBEGE SUZAN",
    "failed_courses": [
      {
        "course_code": "EEd126",
        "original_score": 32.0,
        "semester": "ND-FIRST-YEAR-SECOND-SEMESTER",
        "set": "ND-2025",
        "resit_attempts": 0,
        "best_score": 32.0,
        "status": "Failed"
      }
    ],
    "semester": "ND-FIRST-YEAR-SECOND-SEMESTER",
    "set": "ND-2025",
    "identified_date": "2025-10-27 08:49:14",
    "total_resit_attempts": 0,
    "status": "Active"
  },
  {
    "exam_number": "FCTCONS/ND24/049",
    "name": "EMMANUEL FAITH  AKOMENOMO",
    "failed_courses": [
      {
        "course_code": "NUS122",
        "original_score": 42.0,
        "semester": "ND-FIRST-YEAR-SECOND-SEMESTER",
        "set": "ND-2025",
        "resit_attempts": 0,
        "best_score": 42.0,
        "status": "Failed"
      },
      {
        "course_code": "NUS123",
        "original_score": 45.0,
        "semester": "ND-FIRST-YEAR-SECOND-SEMESTER",
        "set": "ND-2025",
        "resit_attempts": 0,
        "best_score": 45.0,
        "status": "Failed"
      },
      {
        "course_code": "NUR122",
        "original_score": 43.0,
        "semester": "ND-FIRST-YEAR-SECOND-SEMESTER",
        "set": "ND-2025",
        "resit_attempts": 0,
        "best_score": 43.0,
        "status": "Failed"
      }
    ],
    "semester": "ND-FIRST-YEAR-SECOND-SEMESTER",
    "set": "ND-2025",
    "identified_date": "2025-10-27 08:49:14",
    "total_resit_attempts": 0,
    "status": "Active"
  },
  {
    "exam_number": "FCTCONS/ND24/051",
    "name": "NDUBUISI GIFT ONYIYECHI",
    "failed_courses": [
      {
        "course_code": "NUS122",
        "original_score": 48.0,
        "semester": "ND-FIRST-YEAR-SECOND-SEMESTER",
        "set": "ND-2025",
        "resit_attempts": 0,
        "best_score": 48.0,
        "status": "Failed"
      }
    ],
    "semester": "ND-FIRST-YEAR-SECOND-SEMESTER",
    "set": "ND-2025",
    "identified_date": "2025-10-27 08:49:14",
    "total_resit_attempts": 0,
    "status": "Active"
  },
  {
    "exam_number": "FCTCONS/ND24/056",
    "name": "MAINA SHAMMAH MUSA",
    "failed_courses": [
      {
        "course_code": "NUR122",
        "original_score": 48.0,
        "semester": "ND-FIRST-YEAR-SECOND-SEMESTER",
        "set": "ND-2025",
        "resit_attempts": 0,
        "best_score": 48.0,
        "status": "Failed"
      },
      {
        "course_code": "EEd126",
        "original_score": 44.0,
        "semester": "ND-FIRST-YEAR-SECOND-SEMESTER",
        "set": "ND-2025",
        "resit_attempts": 0,
        "best_score": 44.0,
        "status": "Failed"
      }
    ],
    "semester": "ND-FIRST-YEAR-SECOND-SEMESTER",
    "set": "ND-2025",
    "identified_date": "2025-10-27 08:49:14",
    "total_resit_attempts": 0,
    "status": "Active"
  },
  {
    "exam_number": "FCTCONS/ND24/057",
    "name": "JIMOH PRINCESS RAHIMAT",
    "failed_courses": [
      {
        "course_code": "NUS122",
        "original_score": 48.0,
        "semester": "ND-FIRST-YEAR-SECOND-SEMESTER",
        "set": "ND-2025",
        "resit_attempts": 0,
        "best_score": 48.0,
        "status": "Failed"
      }
    ],
    "semester": "ND-FIRST-YEAR-SECOND-SEMESTER",
    "set": "ND-2025",
    "identified_date": "2025-10-27 08:49:14",
    "total_resit_attempts": 0,
    "status": "Active"
  },
  {
    "exam_number": "FCTCONS/ND24/060",
    "name": "OCHEMEJE EMMANUELLA OMOJO",
    "failed_courses": [
      {
        "course_code": "EEd126",
        "original_score": 40.0,
        "semester": "ND-FIRST-YEAR-SECOND-SEMESTER",
        "set": "ND-2025",
        "resit_attempts": 0,
        "best_score": 40.0,
        "status": "Failed"
      }
    ],
    "semester": "ND-FIRST-YEAR-SECOND-SEMESTER",
    "set": "ND-2025",
    "identified_date": "2025-10-27 08:49:14",
    "total_resit_attempts": 0,
    "status": "Active"
  },
  {
    "exam_number": "FCTCONS/ND24/063",
    "name": "NEZIEANYA KOSISOCHUKWU CHIMEZIE",
    "failed_courses": [
      {
        "course_code": "NUS121",
        "original_score": 48.0,
        "semester": "ND-FIRST-YEAR-SECOND-SEMESTER",
        "set": "ND-2025",
        "resit_attempts": 0,
        "best_score": 48.0,
        "status": "Failed"
      }
    ],
    "semester": "ND-FIRST-YEAR-SECOND-SEMESTER",
    "set": "ND-2025",
    "identified_date": "2025-10-27 08:49:14",
    "total_resit_attempts": 0,
    "status": "Active"
  },
  {
    "exam_number": "FCTCONS/ND24/073",
    "name": "ONYEHI PRAISE MAXWELL",
    "failed_courses": [
      {
        "course_code": "NUS124",
        "original_score": 40.0,
        "semester": "ND-FIRST-YEAR-SECOND-SEMESTER",
        "set": "ND-2025",
        "resit_attempts": 0,
        "best_score": 40.0,
        "status": "Failed"
      }
    ],
    "semester": "ND-FIRST-YEAR-SECOND-SEMESTER",
    "set": "ND-2025",
    "identified_date": "2025-10-27 08:49:14",
    "total_resit_attempts": 0,
    "status": "Active"
  },
  {
    "exam_number": "FCTCONS/ND24/076",
    "name": "OCHOLI TREASURE EGUYE",
    "failed_courses": [
      {
        "course_code": "NUS122",
        "original_score": 40.0,
        "semester": "ND-FIRST-YEAR-SECOND-SEMESTER",
        "set": "ND-2025",
        "resit_attempts": 0,
        "best_score": 40.0,
        "status": "Failed"
      },
      {
        "course_code": "NUS123",
        "original_score": 34.0,
        "semester": "ND-FIRST-YEAR-SECOND-SEMESTER",
        "set": "ND-2025",
        "resit_attempts": 0,
        "best_score": 34.0,
        "status": "Failed"
      }
    ],
    "semester": "ND-FIRST-YEAR-SECOND-SEMESTER",
    "set": "ND-2025",
    "identified_date": "2025-10-27 08:49:14",
    "total_resit_attempts": 0,
    "status": "Active"
  },
  {
    "exam_number": "FCTCONS/ND24/077",
    "name": "OODOH COMFORT ONYENEFU",
    "failed_courses": [
      {
        "course_code": "NUR121",
        "original_score": 48.0,
        "semester": "ND-FIRST-YEAR-SECOND-SEMESTER",
        "set": "ND-2025",
        "resit_attempts": 0,
        "best_score": 48.0,
        "status": "Failed"
      }
    ],
    "semester": "ND-FIRST-YEAR-SECOND-SEMESTER",
    "set": "ND-2025",
    "identified_date": "2025-10-27 08:49:14",
    "total_resit_attempts": 0,
    "status": "Active"
  },
  {
    "exam_number": "FCTCONS/ND24/079",
    "name": "IBRAHIM MURJANATU",
    "failed_courses": [
      {
        "course_code": "NUR121",
        "original_score": 44.0,
        "semester": "ND-FIRST-YEAR-SECOND-SEMESTER",
        "set": "ND-2025",
        "resit_attempts": 0,
        "best_score": 44.0,
        "status": "Failed"
      }
    ],
    "semester": "ND-FIRST-YEAR-SECOND-SEMESTER",
    "set": "ND-2025",
    "identified_date": "2025-10-27 08:49:14",
    "total_resit_attempts": 0,
    "status": "Active"
  },
  {
    "exam_number": "FCTCONS/ND24/086",
    "name": "BARNABAS RITA SIMNOM",
    "failed_courses": [
      {
        "course_code": "NUS124",
        "original_score": 42.0,
        "semester": "ND-FIRST-YEAR-SECOND-SEMESTER",
        "set": "ND-2025",
        "resit_attempts": 0,
        "best_score": 42.0,
        "status": "Failed"
      }
    ],
    "semester": "ND-FIRST-YEAR-SECOND-SEMESTER",
    "set": "ND-2025",
    "identified_date": "2025-10-27 08:49:14",
    "total_resit_attempts": 0,
    "status": "Active"
  },
  {
    "exam_number": "FCTCONS/ND24/092",
    "name": "OKUCHE KOSISOCHUKWU SCHOLARSTICA",
    "failed_courses": [
      {
        "course_code": "NUR121",
        "original_score": 44.0,
        "semester": "ND-FIRST-YEAR-SECOND-SEMESTER",
        "set": "ND-2025",
        "resit_attempts": 0,
        "best_score": 44.0,
        "status": "Failed"
      }
    ],
    "semester": "ND-FIRST-YEAR-SECOND-SEMESTER",
    "set": "ND-2025",
    "identified_date": "2025-10-27 08:49:14",
    "total_resit_attempts": 0,
    "status": "Active"
  },
  {
    "exam_number": "FCTCONS/ND24/096",
    "name": "OKAFOR UWAOMA VICTORY",
    "failed_courses": [
      {
        "course_code": "NUS122",
        "original_score": 49.0,
        "semester": "ND-FIRST-YEAR-SECOND-SEMESTER",
        "set": "ND-2025",
        "resit_attempts": 0,
        "best_score": 49.0,
        "status": "Failed"
      },
      {
        "course_code": "NUS124",
        "original_score": 48.0,
        "semester": "ND-FIRST-YEAR-SECOND-SEMESTER",
        "set": "ND-2025",
        "resit_attempts": 0,
        "best_score": 48.0,
        "status": "Failed"
      },
      {
        "course_code": "NUS125",
        "original_score": 40.0,
        "semester": "ND-FIRST-YEAR-SECOND-SEMESTER",
        "set": "ND-2025",
        "resit_attempts": 0,
        "best_score": 40.0,
        "status": "Failed"
      }
    ],
    "semester": "ND-FIRST-YEAR-SECOND-SEMESTER",
    "set": "ND-2025",
    "identified_date": "2025-10-27 08:49:14",
    "total_resit_attempts": 0,
    "status": "Active"
  },
  {
    "exam_number": "FCTCONS/ND24/097",
    "name": "UCHE ULOMA",
    "failed_courses": [
      {
        "course_code": "NUS123",
        "original_score": 40.0,
        "semester": "ND-FIRST-YEAR-SECOND-SEMESTER",
        "set": "ND-2025",
        "resit_attempts": 0,
        "best_score": 40.0,
        "status": "Failed"
      }
    ],
    "semester": "ND-FIRST-YEAR-SECOND-SEMESTER",
    "set": "ND-2025",
    "identified_date": "2025-10-27 08:49:14",
    "total_resit_attempts": 0,
    "status": "Active"
  },
  {
    "exam_number": "FCTCONS/ND24/098",
    "name": "SULEIMAN MARYAM HARUNA",
    "failed_courses": [
      {
        "course_code": "NUS125",
        "original_score": 48.0,
        "semester": "ND-FIRST-YEAR-SECOND-SEMESTER",
        "set": "ND-2025",
        "resit_attempts": 0,
        "best_score": 48.0,
        "status": "Failed"
      }
    ],
    "semester": "ND-FIRST-YEAR-SECOND-SEMESTER",
    "set": "ND-2025",
    "identified_date": "2025-10-27 08:49:14",
    "total_resit_attempts": 0,
    "status": "Active"
  },
  {
    "exam_number": "FCTCONS/ND24/100",
    "name": "BAMIDELE FAVOUR DUPE",
    "failed_courses": [
      {
        "course_code": "NUS122",
        "original_score": 44.0,
        "semester": "ND-FIRST-YEAR-SECOND-SEMESTER",
        "set": "ND-2025",
        "resit_attempts": 0,
        "best_score": 44.0,
        "status": "Failed"
      },
      {
        "course_code": "NUS123",
        "original_score": 48.0,
        "semester": "ND-FIRST-YEAR-SECOND-SEMESTER",
        "set": "ND-2025",
        "resit_attempts": 0,
        "best_score": 48.0,
        "status": "Failed"
      }
    ],
    "semester": "ND-FIRST-YEAR-SECOND-SEMESTER",
    "set": "ND-2025",
    "identified_date": "2025-10-27 08:49:14",
    "total_resit_attempts": 0,
    "status": "Active"
  },
  {
    "exam_number": "FCTCONS/ND24/110",
    "name": "ABOKO DAVID JUNIOR",
    "failed_courses": [
      {
        "course_code": "NUS121",
        "original_score": 40.0,
        "semester": "ND-FIRST-YEAR-SECOND-SEMESTER",
        "set": "ND-2025",
        "resit_attempts": 0,
        "best_score": 40.0,
        "status": "Failed"
      },
      {
        "course_code": "NUS125",
        "original_score": 36.0,
        "semester": "ND-FIRST-YEAR-SECOND-SEMESTER",
        "set": "ND-2025",
        "resit_attempts": 0,
        "best_score": 36.0,
        "status": "Failed"
      }
    ],
    "semester": "ND-FIRST-YEAR-SECOND-SEMESTER",
    "set": "ND-2025",
    "identified_date": "2025-10-27 08:49:14",
    "total_resit_attempts": 0,
    "status": "Active"
  },
  {
    "exam_number": "FCTCONS/ND24/112",
    "name": "FOLORUNSHO AANUOLUWA PRECIOUS",
    "failed_courses": [
      {
        "course_code": "NUS124",
        "original_score": 48.0,
        "semester": "ND-FIRST-YEAR-SECOND-SEMESTER",
        "set": "ND-2025",
        "resit_attempts": 0,
        "best_score": 48.0,
        "status": "Failed"
      }
    ],
    "semester": "ND-FIRST-YEAR-SECOND-SEMESTER",
    "set": "ND-2025",
    "identified_date": "2025-10-27 08:49:14",
    "total_resit_attempts": 0,
    "status": "Active"
  },
  {
    "exam_number": "FCTCONS/ND24/120",
    "name": "EMMANUEL ZIPPORAH",
    "failed_courses": [
      {
        "course_code": "EEd126",
        "original_score": 38.0,
        "semester": "ND-FIRST-YEAR-SECOND-SEMESTER",
        "set": "ND-2025",
        "resit_attempts": 0,
        "best_score": 38.0,
        "status": "Failed"
      }
    ],
    "semester": "ND-FIRST-YEAR-SECOND-SEMESTER",
    "set": "ND-2025",
    "identified_date": "2025-10-27 08:49:14",
    "total_resit_attempts": 0,
    "status": "Active"
  },
  {
    "exam_number": "FCTCONS/ND24/121",
    "name": "HUSSAINI AISHA KUCHI",
    "failed_courses": [
      {
        "course_code": "NUR122",
        "original_score": 49.0,
        "semester": "ND-FIRST-YEAR-SECOND-SEMESTER",
        "set": "ND-2025",
        "resit_attempts": 0,
        "best_score": 49.0,
        "status": "Failed"
      }
    ],
    "semester": "ND-FIRST-YEAR-SECOND-SEMESTER",
    "set": "ND-2025",
    "identified_date": "2025-10-27 08:49:14",
    "total_resit_attempts": 0,
    "status": "Active"
  },
  {
    "exam_number": "FCTCONS/ND24/122",
    "name": "ONYEKWELU CHIAMAKA EUGENIA",
    "failed_courses": [
      {
        "course_code": "NUS124",
        "original_score": 41.0,
        "semester": "ND-FIRST-YEAR-SECOND-SEMESTER",
        "set": "ND-2025",
        "resit_attempts": 0,
        "best_score": 41.0,
        "status": "Failed"
      },
      {
        "course_code": "NUR121",
        "original_score": 40.0,
        "semester": "ND-FIRST-YEAR-SECOND-SEMESTER",
        "set": "ND-2025",
        "resit_attempts": 0,
        "best_score": 40.0,
        "status": "Failed"
      }
    ],
    "semester": "ND-FIRST-YEAR-SECOND-SEMESTER",
    "set": "ND-2025",
    "identified_date": "2025-10-27 08:49:14",
    "total_resit_attempts": 0,
    "status": "Active"
  },
  {
    "exam_number": "FCTCONS/ND24/123",
    "name": "HASSAN SOPHIA AISOSA",
    "failed_courses": [
      {
        "course_code": "NUR122",
        "original_score": 42.0,
        "semester": "ND-FIRST-YEAR-SECOND-SEMESTER",
        "set": "ND-2025",
        "resit_attempts": 0,
        "best_score": 42.0,
        "status": "Failed"
      }
    ],
    "semester": "ND-FIRST-YEAR-SECOND-SEMESTER",
    "set": "ND-2025",
    "identified_date": "2025-10-27 08:49:14",
    "total_resit_attempts": 0,
    "status": "Active"
  },
  {
    "exam_number": "FCTCONS/ND24/133",
    "name": "ELEGHASIM DELIGHT CHIDINMA",
    "failed_courses": [
      {
        "course_code": "NUS123",
        "original_score": 42.0,
        "semester": "ND-FIRST-YEAR-SECOND-SEMESTER",
        "set": "ND-2025",
        "resit_attempts": 0,
        "best_score": 42.0,
        "status": "Failed"
      }
    ],
    "semester": "ND-FIRST-YEAR-SECOND-SEMESTER",
    "set": "ND-2025",
    "identified_date": "2025-10-27 08:49:14",
    "total_resit_attempts": 0,
    "status": "Active"
  },
  {
    "exam_number": "FCTCONS/ND24/137",
    "name": "ELIZABETH DANIEL",
    "failed_courses": [
      {
        "course_code": "NUS123",
        "original_score": 43.0,
        "semester": "ND-FIRST-YEAR-SECOND-SEMESTER",
        "set": "ND-2025",
        "resit_attempts": 0,
        "best_score": 43.0,
        "status": "Failed"
      }
    ],
    "semester": "ND-FIRST-YEAR-SECOND-SEMESTER",
    "set": "ND-2025",
    "identified_date": "2025-10-27 08:49:14",
    "total_resit_attempts": 0,
    "status": "Active"
  }
]