ND CARRYOVER RESULT REPORT,,,,,
FCT COLLEGE OF NURSING SCIENCES,,,,,
ND Set: ND-2024,,,,,
ND Semester: ND-FIRST-YEAR-FIRST-SEMESTER,,,,,
,,,,,
ND STUDENT INFORMATION,,,,,
Exam Number:,FCTCONS/ND24/137,,,,
Name:,ELIZABETH DANIEL,,,,
,,,,,
ND PREVIOUS GPAs,,,,,
,,,,,
ND CURRENT ACADEMIC RECORD,,,,,
Current GPA:,3.32,,,,
Current CGPA:,3.32,,,,
,,,,,
ND RESIT COURSES,,,,,
Course Code,Course Title,Credit Unit,Original Score,Resit Score,Status
NUS111,Applied Chemistry,2.0,47.0,64.0,PASSED
NUS113,Human Anatomy I,4.0,23.0,65.0,PASSED
NUS116,Use of Computer,2.0,16.0,59.0,PASSED
