ND CARRYOVER RESULT REPORT,,,,,
FCT COLLEGE OF NURSING SCIENCES,,,,,
ND Set: ND-2024,,,,,
ND Semester: ND-FIRST-YEAR-FIRST-SEMESTER,,,,,
,,,,,
ND STUDENT INFORMATION,,,,,
Exam Number:,FCTCONS/ND24/014,,,,
Name:,ALU EDWINA EDUGWU,,,,
,,,,,
ND PREVIOUS GPAs,,,,,
,,,,,
ND CURRENT ACADEMIC RECORD,,,,,
Current GPA:,4.08,,,,
Current CGPA:,4.08,,,,
,,,,,
ND RESIT COURSES,,,,,
Course Code,Course Title,Credit Unit,Original Score,Resit Score,Status
GNS102,Communication in English I,2.0,9.0,71.0,PASSED
NUR111,Foundations of Nursing/ Emergency Care I,4.0,44.0,80.0,PASSED
NUS111,Applied Chemistry,2.0,36.0,52.0,PASSED
NUS112,Applied Physics,2.0,34.0,56.0,PASSED
