ND CARRYOVER RESULT REPORT,,,,,
FCT COLLEGE OF NURSING SCIENCES,,,,,
ND Set: ND-2024,,,,,
ND Semester: ND-FIRST-YEAR-FIRST-SEMESTER,,,,,
,,,,,
ND STUDENT INFORMATION,,,,,
Exam Number:,FCTCONS/ND24/109,,,,
Name:,GEOFFREY DIVINE DESTINY,,,,
,,,,,
ND PREVIOUS GPAs,,,,,
,,,,,
ND CURRENT ACADEMIC RECORD,,,,,
Current GPA:,4.36,,,,
Current CGPA:,4.36,,,,
,,,,,
ND RESIT COURSES,,,,,
Course Code,Course Title,Credit Unit,Original Score,Resit Score,Status
GNS102,Communication in English I,2.0,28.0,68.0,PASSED
GNS111,Citizenship Education I,2.0,44.0,79.0,PASSED
NUR111,Foundations of Nursing/ Emergency Care I,4.0,16.0,51.0,PASSED
NUS114,Human Physiology I,2.0,44.0,69.0,PASSED
NUS116,Use of Computer,2.0,49.0,78.0,PASSED
