ND CARRYOVER RESULT REPORT,,,,,
FCT COLLEGE OF NURSING SCIENCES,,,,,
ND Set: ND-2024,,,,,
ND Semester: ND-FIRST-YEAR-FIRST-SEMESTER,,,,,
,,,,,
ND STUDENT INFORMATION,,,,,
Exam Number:,FCTCONS/ND24/087,,,,
Name:,AYODELE MUMEENAT DADA,,,,
,,,,,
ND PREVIOUS GPAs,,,,,
,,,,,
ND CURRENT ACADEMIC RECORD,,,,,
Current GPA:,4.08,,,,
Current CGPA:,4.08,,,,
,,,,,
ND RESIT COURSES,,,,,
Course Code,Course Title,Credit Unit,Original Score,Resit Score,Status
GNS102,Communication in English I,2.0,36.0,80.0,PASSED
NUS112,Applied Physics,2.0,36.0,72.0,PASSED
NUS113,Human Anatomy I,4.0,20.0,50.0,PASSED
NUS115,Introduction to Sociology,2.0,48.0,51.0,PASSED
NUS116,Use of Computer,2.0,43.0,71.0,PASSED
