ND CARRYOVER RESULT REPORT,,,,,
FCT COLLEGE OF NURSING SCIENCES,,,,,
ND Set: ND-2024,,,,,
ND Semester: ND-FIRST-YEAR-FIRST-SEMESTER,,,,,
,,,,,
ND STUDENT INFORMATION,,,,,
Exam Number:,FCTCONS/ND24/049,,,,
Name:,EMMANUEL FAITH  AKOMENOMO,,,,
,,,,,
ND PREVIOUS GPAs,,,,,
,,,,,
ND CURRENT ACADEMIC RECORD,,,,,
Current GPA:,4.28,,,,
Current CGPA:,4.28,,,,
,,,,,
ND RESIT COURSES,,,,,
Course Code,Course Title,Credit Unit,Original Score,Resit Score,Status
NUS111,Applied Chemistry,2.0,47.0,75.0,PASSED
NUS113,Human Anatomy I,4.0,41.0,74.0,PASSED
NUS115,Introduction to Sociology,2.0,43.0,76.0,PASSED
NUS117,Medical Microbiology,3.0,48.0,79.0,PASSED
