[
  {
    "exam_number": "7463",
    "name": "ALIU MARIA OCHUWA",
    "failed_courses": [
      {
        "course_code": "GNS321",
        "original_score": 17.0,
        "semester": "N-THIRD-YEAR-SECOND-SEMESTER",
        "set": "SET47",
        "resit_attempts": 0,
        "best_score": 17.0,
        "status": "Failed"
      },
      {
        "course_code": "GNS323",
        "original_score": 40.0,
        "semester": "N-THIRD-YEAR-SECOND-SEMESTER",
        "set": "SET47",
        "resit_attempts": 0,
        "best_score": 40.0,
        "status": "Failed"
      },
      {
        "course_code": "GST322",
        "original_score": 43.0,
        "semester": "N-THIRD-YEAR-SECOND-SEMESTER",
        "set": "SET47",
        "resit_attempts": 0,
        "best_score": 43.0,
        "status": "Failed"
      },
      {
        "course_code": "GST323",
        "original_score": 46.0,
        "semester": "N-THIRD-YEAR-SECOND-SEMESTER",
        "set": "SET47",
        "resit_attempts": 0,
        "best_score": 46.0,
        "status": "Failed"
      }
    ],
    "semester": "N-THIRD-YEAR-SECOND-SEMESTER",
    "set": "SET47",
    "identified_date": "2025-11-20 14:40:04",
    "total_resit_attempts": 0,
    "status": "Active",
    "probation_status": false
  },
  {
    "exam_number": "7467",
    "name": "AMADI JULIET OBIANUJUNWA",
    "failed_courses": [
      {
        "course_code": "GNS322",
        "original_score": 39.0,
        "semester": "N-THIRD-YEAR-SECOND-SEMESTER",
        "set": "SET47",
        "resit_attempts": 0,
        "best_score": 39.0,
        "status": "Failed"
      },
      {
        "course_code": "GNS324",
        "original_score": 42.0,
        "semester": "N-THIRD-YEAR-SECOND-SEMESTER",
        "set": "SET47",
        "resit_attempts": 0,
        "best_score": 42.0,
        "status": "Failed"
      }
    ],
    "semester": "N-THIRD-YEAR-SECOND-SEMESTER",
    "set": "SET47",
    "identified_date": "2025-11-20 14:40:04",
    "total_resit_attempts": 0,
    "status": "Active",
    "probation_status": false
  },
  {
    "exam_number": "7483",
    "name": "BALA CHRISTOPHER BLAYA",
    "failed_courses": [
      {
        "course_code": "GST322",
        "original_score": 31.0,
        "semester": "N-THIRD-YEAR-SECOND-SEMESTER",
        "set": "SET47",
        "resit_attempts": 0,
        "best_score": 31.0,
        "status": "Failed"
      },
      {
        "course_code": "GST323",
        "original_score": 40.0,
        "semester": "N-THIRD-YEAR-SECOND-SEMESTER",
        "set": "SET47",
        "resit_attempts": 0,
        "best_score": 40.0,
        "status": "Failed"
      }
    ],
    "semester": "N-THIRD-YEAR-SECOND-SEMESTER",
    "set": "SET47",
    "identified_date": "2025-11-20 14:40:04",
    "total_resit_attempts": 0,
    "status": "Active",
    "probation_status": false
  },
  {
    "exam_number": "7500",
    "name": "ELOCHUKWU PROMISE ONYINYECHI",
    "failed_courses": [
      {
        "course_code": "GNS323",
        "original_score": 39.0,
        "semester": "N-THIRD-YEAR-SECOND-SEMESTER",
        "set": "SET47",
        "resit_attempts": 0,
        "best_score": 39.0,
        "status": "Failed"
      },
      {
        "course_code": "GST321",
        "original_score": 46.0,
        "semester": "N-THIRD-YEAR-SECOND-SEMESTER",
        "set": "SET47",
        "resit_attempts": 0,
        "best_score": 46.0,
        "status": "Failed"
      }
    ],
    "semester": "N-THIRD-YEAR-SECOND-SEMESTER",
    "set": "SET47",
    "identified_date": "2025-11-20 14:40:04",
    "total_resit_attempts": 0,
    "status": "Active",
    "probation_status": false
  },
  {
    "exam_number": "7543",
    "name": "LAWAL GLORY IFEOLUWA",
    "failed_courses": [
      {
        "course_code": "GNS323",
        "original_score": 47.0,
        "semester": "N-THIRD-YEAR-SECOND-SEMESTER",
        "set": "SET47",
        "resit_attempts": 0,
        "best_score": 47.0,
        "status": "Failed"
      },
      {
        "course_code": "GST322",
        "original_score": 35.0,
        "semester": "N-THIRD-YEAR-SECOND-SEMESTER",
        "set": "SET47",
        "resit_attempts": 0,
        "best_score": 35.0,
        "status": "Failed"
      },
      {
        "course_code": "GNS324",
        "original_score": 30.0,
        "semester": "N-THIRD-YEAR-SECOND-SEMESTER",
        "set": "SET47",
        "resit_attempts": 0,
        "best_score": 30.0,
        "status": "Failed"
      }
    ],
    "semester": "N-THIRD-YEAR-SECOND-SEMESTER",
    "set": "SET47",
    "identified_date": "2025-11-20 14:40:04",
    "total_resit_attempts": 0,
    "status": "Active",
    "probation_status": false
  },
  {
    "exam_number": "7553",
    "name": "MICHAEL  OGHENEKOME FAVOUR",
    "failed_courses": [
      {
        "course_code": "GNS321",
        "original_score": 33.0,
        "semester": "N-THIRD-YEAR-SECOND-SEMESTER",
        "set": "SET47",
        "resit_attempts": 0,
        "best_score": 33.0,
        "status": "Failed"
      },
      {
        "course_code": "GNS323",
        "original_score": 29.0,
        "semester": "N-THIRD-YEAR-SECOND-SEMESTER",
        "set": "SET47",
        "resit_attempts": 0,
        "best_score": 29.0,
        "status": "Failed"
      },
      {
        "course_code": "GST322",
        "original_score": 42.0,
        "semester": "N-THIRD-YEAR-SECOND-SEMESTER",
        "set": "SET47",
        "resit_attempts": 0,
        "best_score": 42.0,
        "status": "Failed"
      }
    ],
    "semester": "N-THIRD-YEAR-SECOND-SEMESTER",
    "set": "SET47",
    "identified_date": "2025-11-20 14:40:04",
    "total_resit_attempts": 0,
    "status": "Active",
    "probation_status": false
  },
  {
    "exam_number": "7579",
    "name": "ODEAHAN ITOHAN ABIGAIL",
    "failed_courses": [
      {
        "course_code": "GNS321",
        "original_score": 44.0,
        "semester": "N-THIRD-YEAR-SECOND-SEMESTER",
        "set": "SET47",
        "resit_attempts": 0,
        "best_score": 44.0,
        "status": "Failed"
      },
      {
        "course_code": "GNS323",
        "original_score": 22.0,
        "semester": "N-THIRD-YEAR-SECOND-SEMESTER",
        "set": "SET47",
        "resit_attempts": 0,
        "best_score": 22.0,
        "status": "Failed"
      }
    ],
    "semester": "N-THIRD-YEAR-SECOND-SEMESTER",
    "set": "SET47",
    "identified_date": "2025-11-20 14:40:04",
    "total_resit_attempts": 0,
    "status": "Active",
    "probation_status": false
  },
  {
    "exam_number": "7581",
    "name": "OKAM BELIEVE  ONENO",
    "failed_courses": [
      {
        "course_code": "GST322",
        "original_score": 23.0,
        "semester": "N-THIRD-YEAR-SECOND-SEMESTER",
        "set": "SET47",
        "resit_attempts": 0,
        "best_score": 23.0,
        "status": "Failed"
      },
      {
        "course_code": "GST323",
        "original_score": 6.0,
        "semester": "N-THIRD-YEAR-SECOND-SEMESTER",
        "set": "SET47",
        "resit_attempts": 0,
        "best_score": 6.0,
        "status": "Failed"
      }
    ],
    "semester": "N-THIRD-YEAR-SECOND-SEMESTER",
    "set": "SET47",
    "identified_date": "2025-11-20 14:40:04",
    "total_resit_attempts": 0,
    "status": "Active",
    "probation_status": false
  }
]