ND CARRYOVER RESULT REPORT,,,,,
FCT COLLEGE OF NURSING SCIENCES,,,,,
ND Set: ND-2024,,,,,
ND Semester: ND-SECOND-YEAR-SECOND-SEMESTER,,,,,
,,,,,
ND STUDENT INFORMATION,,,,,
Exam Number:,FCTCONS/ND24/128,,,,
Name:,CHIME KENECHI PAULINE,,,,
,,,,,
ND PREVIOUS GPAs,,,,,
Semester 1:,2.84,,,,
Semester 2:,4.35,,,,
Semester 3:,4.08,,,,
,,,,,
ND CURRENT ACADEMIC RECORD,,,,,
Current GPA:,3.83,,,,
Current CGPA:,3.86,,,,
,,,,,
ND RESIT COURSES,,,,,
Course Code,Course Title,Credit Unit,Original Score,Resit Score,Status
NUR224,Mental Health / Psychiatric Nursing,3.0,45.0,55.0,PASSED
