ND CARRYOVER RESULT REPORT,,,,,
FCT COLLEGE OF NURSING SCIENCES,,,,,
ND Set: ND-2024,,,,,
ND Semester: ND-SECOND-YEAR-SECOND-SEMESTER,,,,,
,,,,,
ND STUDENT INFORMATION,,,,,
Exam Number:,FCTCONS/ND24/120,,,,
Name:,EMMANUEL ZIPPORAH,,,,
,,,,,
ND PREVIOUS GPAs,,,,,
Semester 1:,3.04,,,,
Semester 2:,4.09,,,,
Semester 3:,4.32,,,,
,,,,,
ND CURRENT ACADEMIC RECORD,,,,,
Current GPA:,4.21,,,,
Current CGPA:,3.97,,,,
,,,,,
ND RESIT COURSES,,,,,
Course Code,Course Title,Credit Unit,Original Score,Resit Score,Status
NUR223,Reproductive Health I,4.0,46.0,55.0,PASSED
