ND CARRYOVER RESULT REPORT,,,,,
FCT COLLEGE OF NURSING SCIENCES,,,,,
ND Set: ND-2024,,,,,
ND Semester: ND-SECOND-YEAR-SECOND-SEMESTER,,,,,
,,,,,
ND STUDENT INFORMATION,,,,,
Exam Number:,FCTCONS/ND24/076,,,,
Name:,OCHOLI TREASURE EGUYE,,,,
,,,,,
ND PREVIOUS GPAs,,,,,
Semester 1:,2.88,,,,
Semester 2:,3.65,,,,
Semester 3:,4.36,,,,
,,,,,
ND CURRENT ACADEMIC RECORD,,,,,
Current GPA:,4.59,,,,
Current CGPA:,3.95,,,,
,,,,,
ND RESIT COURSES,,,,,
Course Code,Course Title,Credit Unit,Original Score,Resit Score,Status
NUS222,Human Physiology IV,2.0,46.0,69.0,PASSED
