ND CARRYOVER RESULT REPORT,,,,,
FCT COLLEGE OF NURSING SCIENCES,,,,,
ND Set: ND-2024,,,,,
ND Semester: ND-SECOND-YEAR-SECOND-SEMESTER,,,,,
,,,,,
ND STUDENT INFORMATION,,,,,
Exam Number:,FCTCONS/ND24/035,,,,
Name:,AGBOOLA OLATOMIWA,,,,
,,,,,
ND PREVIOUS GPAs,,,,,
Semester 1:,3.2,,,,
Semester 2:,3.87,,,,
Semester 3:,3.72,,,,
,,,,,
ND CURRENT ACADEMIC RECORD,,,,,
Current GPA:,3.9,,,,
Current CGPA:,3.7,,,,
,,,,,
ND RESIT COURSES,,,,,
Course Code,Course Title,Credit Unit,Original Score,Resit Score,Status
NUS221,Human Anatomy IV,4.0,48.0,59.0,PASSED
