ND CARRYOVER RESULT REPORT,,,,,
FCT COLLEGE OF NURSING SCIENCES,,,,,
ND Set: ND-2024,,,,,
ND Semester: ND-SECOND-YEAR-SECOND-SEMESTER,,,,,
,,,,,
ND STUDENT INFORMATION,,,,,
Exam Number:,FCTCONS/ND24/056,,,,
Name:,MAINA SHAMMAH MUSA,,,,
,,,,,
ND PREVIOUS GPAs,,,,,
Semester 1:,3.56,,,,
Semester 2:,3.78,,,,
Semester 3:,4.0,,,,
,,,,,
ND CURRENT ACADEMIC RECORD,,,,,
Current GPA:,3.66,,,,
Current CGPA:,3.75,,,,
,,,,,
ND RESIT COURSES,,,,,
Course Code,Course Title,Credit Unit,Original Score,Resit Score,Status
NUR221,Foundations Of Nursing IV,4.0,46.0,55.0,PASSED
NUS222,Human Physiology IV,2.0,34.0,75.0,PASSED
