ND CARRYOVER RESULT REPORT,,,,,
FCT COLLEGE OF NURSING SCIENCES,,,,,
ND Set: ND-2024,,,,,
ND Semester: ND-SECOND-YEAR-SECOND-SEMESTER,,,,,
,,,,,
ND STUDENT INFORMATION,,,,,
Exam Number:,FCTCONS/ND24/041,,,,
Name:,IDRIS UMMULKHAIR NDATSU,,,,
,,,,,
ND PREVIOUS GPAs,,,,,
Semester 1:,2.64,,,,
Semester 2:,4.39,,,,
Semester 3:,4.4,,,,
,,,,,
ND CURRENT ACADEMIC RECORD,,,,,
Current GPA:,4.03,,,,
Current CGPA:,3.99,,,,
,,,,,
ND RESIT COURSES,,,,,
Course Code,Course Title,Credit Unit,Original Score,Resit Score,Status
NUS222,Human Physiology IV,2.0,49.0,79.0,PASSED
