ND CARRYOVER RESULT REPORT,,,,,
FCT COLLEGE OF NURSING SCIENCES,,,,,
ND Set: ND-2024,,,,,
ND Semester: ND-SECOND-YEAR-SECOND-SEMESTER,,,,,
,,,,,
ND STUDENT INFORMATION,,,,,
Exam Number:,FCTCONS/ND24/055,,,,
Name:,AYODELE JOHN TANTOLUWA,,,,
,,,,,
ND PREVIOUS GPAs,,,,,
Semester 1:,3.6,,,,
Semester 2:,3.7,,,,
Semester 3:,3.56,,,,
,,,,,
ND CURRENT ACADEMIC RECORD,,,,,
Current GPA:,3.93,,,,
Current CGPA:,3.71,,,,
,,,,,
ND RESIT COURSES,,,,,
Course Code,Course Title,Credit Unit,Original Score,Resit Score,Status
EEd216,Practice Of Entrepreneurship,3.0,49.0,53.0,PASSED
