ND CARRYOVER RESULT REPORT,,,,,
FCT COLLEGE OF NURSING SCIENCES,,,,,
ND Set: ND-2024,,,,,
ND Semester: ND-SECOND-YEAR-SECOND-SEMESTER,,,,,
,,,,,
ND STUDENT INFORMATION,,,,,
Exam Number:,FCTCONS/ND24/100,,,,
Name:,BAMIDELE FAVOUR DUPE,,,,
,,,,,
ND PREVIOUS GPAs,,,,,
Semester 1:,2.84,,,,
Semester 2:,3.65,,,,
Semester 3:,4.44,,,,
,,,,,
ND CURRENT ACADEMIC RECORD,,,,,
Current GPA:,3.76,,,,
Current CGPA:,3.71,,,,
,,,,,
ND RESIT COURSES,,,,,
Course Code,Course Title,Credit Unit,Original Score,Resit Score,Status
EEd216,Practice Of Entrepreneurship,3.0,45.0,59.0,PASSED
NUR224,Mental Health / Psychiatric Nursing,3.0,48.0,65.0,PASSED
