ND CARRYOVER RESULT REPORT,,,,,
FCT COLLEGE OF NURSING SCIENCES,,,,,
ND Set: ND-2024,,,,,
ND Semester: ND-SECOND-YEAR-SECOND-SEMESTER,,,,,
,,,,,
ND STUDENT INFORMATION,,,,,
Exam Number:,FCTCONS/ND24/112,,,,
Name:,FOLORUNSHO AANUOLUWA PRECIOUS,,,,
,,,,,
ND PREVIOUS GPAs,,,,,
Semester 1:,2.84,,,,
Semester 2:,4.09,,,,
Semester 3:,3.96,,,,
,,,,,
ND CURRENT ACADEMIC RECORD,,,,,
Current GPA:,4.28,,,,
Current CGPA:,3.87,,,,
,,,,,
ND RESIT COURSES,,,,,
Course Code,Course Title,Credit Unit,Original Score,Resit Score,Status
EEd216,Practice Of Entrepreneurship,3.0,46.0,76.0,PASSED
