ND CARRYOVER RESULT REPORT,,,,,
FCT COLLEGE OF NURSING SCIENCES,,,,,
ND Set: ND-2024,,,,,
ND Semester: ND-SECOND-YEAR-SECOND-SEMESTER,,,,,
,,,,,
ND STUDENT INFORMATION,,,,,
Exam Number:,FCTCONS/ND24/008,,,,
Name:,OBICHEWE PAUL DAVID,,,,
,,,,,
ND PREVIOUS GPAs,,,,,
Semester 1:,3.24,,,,
Semester 2:,4.61,,,,
Semester 3:,3.68,,,,
,,,,,
ND CURRENT ACADEMIC RECORD,,,,,
Current GPA:,3.45,,,,
Current CGPA:,3.78,,,,
,,,,,
ND RESIT COURSES,,,,,
Course Code,Course Title,Credit Unit,Original Score,Resit Score,Status
NUR221,Foundations Of Nursing IV,4.0,42.0,56.0,PASSED
NUR222,Medical-Surgical  Nursing II,4.0,49.0,50.0,PASSED
