ND CARRYOVER RESULT REPORT,,,,,
FCT COLLEGE OF NURSING SCIENCES,,,,,
ND Set: ND-2024,,,,,
ND Semester: ND-SECOND-YEAR-SECOND-SEMESTER,,,,,
,,,,,
ND STUDENT INFORMATION,,,,,
Exam Number:,FCTCONS/ND24/002,,,,
Name:,UMAR AMINA MAKUN,,,,
,,,,,
ND PREVIOUS GPAs,,,,,
Semester 1:,3.28,,,,
Semester 3:,3.4,,,,
,,,,,
ND CURRENT ACADEMIC RECORD,,,,,
Current GPA:,2.86,,,,
Current CGPA:,3.2,,,,
,,,,,
ND RESIT COURSES,,,,,
Course Code,Course Title,Credit Unit,Original Score,Resit Score,Status
NUR222,Medical-Surgical  Nursing II,4.0,49.0,65.0,PASSED
NUR223,Reproductive Health I,4.0,40.0,72.0,PASSED
NUS221,Human Anatomy IV,4.0,42.0,71.0,PASSED
