ND CARRYOVER RESULT REPORT,,,,,
FCT COLLEGE OF NURSING SCIENCES,,,,,
ND Set: ND-2024,,,,,
ND Semester: ND-SECOND-YEAR-SECOND-SEMESTER,,,,,
,,,,,
ND STUDENT INFORMATION,,,,,
Exam Number:,FCTCONS/ND24/053,,,,
Name:,NWEZE UKAMAKA MABEL,,,,
,,,,,
ND PREVIOUS GPAs,,,,,
Semester 1:,2.8,,,,
Semester 2:,4.35,,,,
Semester 3:,4.04,,,,
,,,,,
ND CURRENT ACADEMIC RECORD,,,,,
Current GPA:,3.93,,,,
Current CGPA:,3.88,,,,
,,,,,
ND RESIT COURSES,,,,,
Course Code,Course Title,Credit Unit,Original Score,Resit Score,Status
EEd216,Practice Of Entrepreneurship,3.0,45.0,74.0,PASSED
