ND CARRYOVER RESULT REPORT,,,,,
FCT COLLEGE OF NURSING SCIENCES,,,,,
ND Set: ND-2024,,,,,
ND Semester: ND-SECOND-YEAR-SECOND-SEMESTER,,,,,
,,,,,
ND STUDENT INFORMATION,,,,,
Exam Number:,FCTCONS/ND24/077,,,,
Name:,OODOH COMFORT ONYENEFU,,,,
,,,,,
ND PREVIOUS GPAs,,,,,
Semester 1:,2.88,,,,
Semester 2:,4.22,,,,
Semester 3:,4.04,,,,
,,,,,
ND CURRENT ACADEMIC RECORD,,,,,
Current GPA:,3.21,,,,
Current CGPA:,3.64,,,,
,,,,,
ND RESIT COURSES,,,,,
Course Code,Course Title,Credit Unit,Original Score,Resit Score,Status
NUR222,Medical-Surgical  Nursing II,4.0,42.0,60.0,PASSED
NUR223,Reproductive Health I,4.0,48.0,62.0,PASSED
NUS221,Human Anatomy IV,4.0,48.0,69.0,PASSED
