ND CARRYOVER RESULT REPORT,,,,,
FCT COLLEGE OF NURSING SCIENCES,,,,,
ND Set: ND-2024,,,,,
ND Semester: ND-SECOND-YEAR-SECOND-SEMESTER,,,,,
,,,,,
ND STUDENT INFORMATION,,,,,
Exam Number:,FCTCONS/ND24/027,,,,
Name:,BABAJI BENI DENNIS,,,,
,,,,,
ND PREVIOUS GPAs,,,,,
Semester 1:,2.52,,,,
Semester 2:,3.91,,,,
Semester 3:,3.76,,,,
,,,,,
ND CURRENT ACADEMIC RECORD,,,,,
Current GPA:,3.97,,,,
Current CGPA:,3.63,,,,
,,,,,
ND RESIT COURSES,,,,,
Course Code,Course Title,Credit Unit,Original Score,Resit Score,Status
NUR222,Medical-Surgical  Nursing II,4.0,46.0,58.0,PASSED
