ND CARRYOVER RESULT REPORT,,,,,
FCT COLLEGE OF NURSING SCIENCES,,,,,
ND Set: ND-2024,,,,,
ND Semester: ND-SECOND-YEAR-SECOND-SEMESTER,,,,,
,,,,,
ND STUDENT INFORMATION,,,,,
Exam Number:,FCTCONS/ND24/051,,,,
Name:,NDUBUISI GIFT ONYIYECHI,,,,
,,,,,
ND PREVIOUS GPAs,,,,,
Semester 1:,2.84,,,,
Semester 2:,3.61,,,,
Semester 3:,4.24,,,,
,,,,,
ND CURRENT ACADEMIC RECORD,,,,,
Current GPA:,4.03,,,,
Current CGPA:,3.72,,,,
,,,,,
ND RESIT COURSES,,,,,
Course Code,Course Title,Credit Unit,Original Score,Resit Score,Status
EEd216,Practice Of Entrepreneurship,3.0,44.0,56.0,PASSED
NUS222,Human Physiology IV,2.0,46.0,62.0,PASSED
