ND CARRYOVER RESULT REPORT,,,,,
FCT COLLEGE OF NURSING SCIENCES,,,,,
ND Set: ND-2024,,,,,
ND Semester: ND-SECOND-YEAR-SECOND-SEMESTER,,,,,
,,,,,
ND STUDENT INFORMATION,,,,,
Exam Number:,FCTCONS/ND24/134,,,,
Name:,NUHU FAVOUR AUDU,,,,
,,,,,
ND PREVIOUS GPAs,,,,,
Semester 1:,2.76,,,,
Semester 2:,4.43,,,,
Semester 3:,4.2,,,,
,,,,,
ND CURRENT ACADEMIC RECORD,,,,,
Current GPA:,4.14,,,,
Current CGPA:,3.99,,,,
,,,,,
ND RESIT COURSES,,,,,
Course Code,Course Title,Credit Unit,Original Score,Resit Score,Status
NUR223,Reproductive Health I,4.0,46.0,51.0,PASSED
