ND CARRYOVER RESULT REPORT,,,,,
FCT COLLEGE OF NURSING SCIENCES,,,,,
ND Set: ND-2024,,,,,
ND Semester: ND-SECOND-YEAR-SECOND-SEMESTER,,,,,
,,,,,
ND STUDENT INFORMATION,,,,,
Exam Number:,FCTCONS/ND24/040,,,,
Name:,AGBEGE SUZAN,,,,
,,,,,
ND PREVIOUS GPAs,,,,,
Semester 1:,3.48,,,,
Semester 2:,3.65,,,,
Semester 3:,3.6,,,,
,,,,,
ND CURRENT ACADEMIC RECORD,,,,,
Current GPA:,4.07,,,,
Current CGPA:,3.72,,,,
,,,,,
ND RESIT COURSES,,,,,
Course Code,Course Title,Credit Unit,Original Score,Resit Score,Status
NUR224,Mental Health / Psychiatric Nursing,3.0,46.0,52.0,PASSED
