ND CARRYOVER RESULT REPORT,,,,,
FCT COLLEGE OF NURSING SCIENCES,,,,,
ND Set: ND-2024,,,,,
ND Semester: ND-SECOND-YEAR-SECOND-SEMESTER,,,,,
,,,,,
ND STUDENT INFORMATION,,,,,
Exam Number:,FCTCONS/ND24/066,,,,
Name:,OBADIAH MICAH,,,,
,,,,,
ND PREVIOUS GPAs,,,,,
Semester 1:,2.76,,,,
Semester 2:,4.35,,,,
Semester 3:,4.44,,,,
,,,,,
ND CURRENT ACADEMIC RECORD,,,,,
Current GPA:,3.9,,,,
Current CGPA:,3.98,,,,
,,,,,
ND RESIT COURSES,,,,,
Course Code,Course Title,Credit Unit,Original Score,Resit Score,Status
EEd216,Practice Of Entrepreneurship,3.0,49.0,57.0,PASSED
NUR223,Reproductive Health I,4.0,46.0,80.0,PASSED
