ND CARRYOVER RESULT REPORT,,,,,
FCT COLLEGE OF NURSING SCIENCES,,,,,
ND Set: ND-2024,,,,,
ND Semester: ND-SECOND-YEAR-SECOND-SEMESTER,,,,,
,,,,,
ND STUDENT INFORMATION,,,,,
Exam Number:,FCTCONS/ND24/072,,,,
Name:,DAUDA HOPE AWYETU,,,,
,,,,,
ND PREVIOUS GPAs,,,,,
Semester 1:,2.32,,,,
Semester 2:,3.96,,,,
Semester 3:,2.96,,,,
,,,,,
ND CURRENT ACADEMIC RECORD,,,,,
Current GPA:,4.07,,,,
Current CGPA:,3.5,,,,
,,,,,
ND RESIT COURSES,,,,,
Course Code,Course Title,Credit Unit,Original Score,Resit Score,Status
NUS221,Human Anatomy IV,4.0,47.0,58.0,PASSED
