ND CARRYOVER RESULT REPORT,,,,,
FCT COLLEGE OF NURSING SCIENCES,,,,,
ND Set: ND-2024,,,,,
ND Semester: ND-SECOND-YEAR-SECOND-SEMESTER,,,,,
,,,,,
ND STUDENT INFORMATION,,,,,
Exam Number:,FCTCONS/ND24/137,,,,
Name:,ELIZABETH DANIEL,,,,
,,,,,
ND PREVIOUS GPAs,,,,,
Semester 1:,2.28,,,,
Semester 2:,3.78,,,,
Semester 3:,3.92,,,,
,,,,,
ND CURRENT ACADEMIC RECORD,,,,,
Current GPA:,3.55,,,,
Current CGPA:,3.44,,,,
,,,,,
ND RESIT COURSES,,,,,
Course Code,Course Title,Credit Unit,Original Score,Resit Score,Status
NUR221,Foundations Of Nursing IV,4.0,41.0,55.0,PASSED
NUS221,Human Anatomy IV,4.0,48.0,80.0,PASSED
