ND CARRYOVER RESULT REPORT,,,,,
FCT COLLEGE OF NURSING SCIENCES,,,,,
ND Set: ND-2024,,,,,
ND Semester: ND-SECOND-YEAR-SECOND-SEMESTER,,,,,
,,,,,
ND STUDENT INFORMATION,,,,,
Exam Number:,FCTCONS/ND24/075,,,,
Name:,DENEN RUTH DOOSE,,,,
,,,,,
ND PREVIOUS GPAs,,,,,
Semester 1:,3.88,,,,
Semester 2:,3.91,,,,
Semester 3:,3.64,,,,
,,,,,
ND CURRENT ACADEMIC RECORD,,,,,
Current GPA:,4.03,,,,
Current CGPA:,3.88,,,,
,,,,,
ND RESIT COURSES,,,,,
Course Code,Course Title,Credit Unit,Original Score,Resit Score,Status
NUR224,Mental Health / Psychiatric Nursing,3.0,49.0,59.0,PASSED
