ND CARRYOVER RESULT REPORT,,,,,
FCT COLLEGE OF NURSING SCIENCES,,,,,
ND Set: ND-2024,,,,,
ND Semester: ND-SECOND-YEAR-SECOND-SEMESTER,,,,,
,,,,,
ND STUDENT INFORMATION,,,,,
Exam Number:,FCTCONS/ND24/103,,,,
Name:,WAKILI SHEJIYABA CONFIDENCE,,,,
,,,,,
ND PREVIOUS GPAs,,,,,
Semester 1:,2.96,,,,
Semester 2:,4.39,,,,
Semester 3:,3.36,,,,
,,,,,
ND CURRENT ACADEMIC RECORD,,,,,
Current GPA:,3.86,,,,
Current CGPA:,3.69,,,,
,,,,,
ND RESIT COURSES,,,,,
Course Code,Course Title,Credit Unit,Original Score,Resit Score,Status
NUR221,Foundations Of Nursing IV,4.0,42.0,66.0,PASSED
NUR225,Research Methodology II,2.0,44.0,69.0,PASSED
