ND CARRYOVER RESULT REPORT,,,,,
FCT COLLEGE OF NURSING SCIENCES,,,,,
ND Set: ND-2024,,,,,
ND Semester: ND-SECOND-YEAR-SECOND-SEMESTER,,,,,
,,,,,
ND STUDENT INFORMATION,,,,,
Exam Number:,FCTCONS/ND24/019,,,,
Name:,OGAH PRINCESS UWENYI,,,,
,,,,,
ND PREVIOUS GPAs,,,,,
Semester 1:,3.52,,,,
Semester 2:,3.39,,,,
Semester 3:,3.8,,,,
,,,,,
ND CURRENT ACADEMIC RECORD,,,,,
Current GPA:,4.21,,,,
Current CGPA:,3.75,,,,
,,,,,
ND RESIT COURSES,,,,,
Course Code,Course Title,Credit Unit,Original Score,Resit Score,Status
EEd216,Practice Of Entrepreneurship,3.0,46.0,69.0,PASSED
NUR223,Reproductive Health I,4.0,48.0,79.0,PASSED
