[
  {
    "exam_number": "FCTCONS/ND23/037",
    "name": "ONWUKWE WENDY EBERECHI",
    "failed_courses": [
      {
        "course_code": "NUR221",
        "original_score": 44.0,
        "semester": "ND-SECOND-YEAR-SECOND-SEMESTER",
        "set": "ND-2024",
        "resit_attempts": 0,
        "best_score": 44.0,
        "status": "Failed"
      },
      {
        "course_code": "Total Registered CU",
        "original_score": 33.0,
        "semester": "ND-SECOND-YEAR-SECOND-SEMESTER",
        "set": "ND-2024",
        "resit_attempts": 0,
        "best_score": 33.0,
        "status": "Failed"
      }
    ],
    "semester": "ND-SECOND-YEAR-SECOND-SEMESTER",
    "set": "ND-2024",
    "identified_date": "2025-11-26 22:36:15",
    "total_resit_attempts": 0,
    "status": "Active",
    "probation_status": false
  },
  {
    "exam_number": "FCTCONS/ND23/110",
    "name": "DENNIS EMMANUEL OLOCHE",
    "failed_courses": [
      {
        "course_code": "NUR223",
        "original_score": 44.0,
        "semester": "ND-SECOND-YEAR-SECOND-SEMESTER",
        "set": "ND-2024",
        "resit_attempts": 0,
        "best_score": 44.0,
        "status": "Failed"
      },
      {
        "course_code": "Total Registered CU",
        "original_score": 33.0,
        "semester": "ND-SECOND-YEAR-SECOND-SEMESTER",
        "set": "ND-2024",
        "resit_attempts": 0,
        "best_score": 33.0,
        "status": "Failed"
      }
    ],
    "semester": "ND-SECOND-YEAR-SECOND-SEMESTER",
    "set": "ND-2024",
    "identified_date": "2025-11-26 22:36:15",
    "total_resit_attempts": 0,
    "status": "Active",
    "probation_status": false
  }
]