S/N,STATE_SN,FULL NAME,APPLICATION ID,PHONE NUMBER,STATE,Score/100.00,Score/100
1,1,Love Iheanacho Chinaza,202550114942EF,,Abia,55.00,55
2,2,Paul Ruth Chidindu,202551620920EF,,Abia,55.00,55
3,3,Favour Abel Chinaza,202551318602JA,,Abia,50.00,50
4,4,Nwanyieze Nwaogu Geraldine,202551414423HA,,Abia,50.00,50
5,5,Blessing Egbutah Sunday,202550697069CA,,Abia,40.00,40
6,6,Angel Ezeigbo Chiemerie,202551462449AF,,Abia,38.75,39
7,7,Mercy John Grace Chiluruya,202550262124AF,,Abia,38.75,39
8,8,Best Jombo Ugochinyere,202550063445IA,,Abia,33.75,34
9,1,Job Sunday,202551222943GA,,Adamawa,37.50,38
10,1,Festus Joy Efonema,202551720134GF,,Akwa-Ibom,68.75,69
11,2,Asuquo Ubokobong Ibanga,202551856726GA,,Akwa-Ibom,42.50,42
12,3,Uduak-Abasi Udoma Joshua,202550276380HA,,Akwa-Ibom,41.25,41
13,1,Nancy Andrew Nkiruka,202550207060BF,,Anambra,60.00,60
14,2,Chidindu Obiegbunam Stephany,202550506820DA,,Anambra,42.50,42
15,3,Amarachukwu Oduah Nkemdilim,202550683850JA,,Anambra,35.00,35
16,4,Victory Uduezue Amarachukwu,202550869304CA,,Anambra,30.00,30
17,1,Mngusuun Anem Anita,202550330743FA,,Benue,48.75,49
18,2,Mercy Adah,202550143332CF,,Benue,47.50,48
19,3,Victory Ebute Ejuma,202550646787GA,,Benue,46.25,46
20,4,Idoko Maria Ochanya,202551676728CA,,Benue,42.50,42
21,5,Mercy Augustine Onyefie,202550791067JA,,Benue,41.25,41
22,6,Sunday Marcus,202551545774FA,,Benue,40.00,40
23,7,Mary Ogwiji,202550854716JF,,Benue,37.50,38
24,8,Joy Matthew Glory,202551293969EA,,Benue,37.50,38
25,9,Tersoo Terundu Sandra,202550483160FF,,Benue,36.25,36
26,10,Joseph Obiabo,202550709815DF,,Benue,36.25,36
27,11,Mary Joseph Igele,202550351306CF,,Benue,33.75,34
28,12,Perpetual Kwaghza,202550698178IA,,Benue,33.75,34
29,13,Paulina Emmanuel Ekele,202550523391BF,,Benue,33.75,34
30,1,Philomina Odama Aloho,202550220860IA,,Cross-River,58.75,59
31,2,Princess-Keyu De-Jarka Otu,202551953173EF,,Cross-River,50.00,50
32,3,Juliet Omurukpa Akpana,202550475355DF,,Cross-River,42.50,42
33,4,Sarah Owanafu Eyang,202551120609GA,,Cross-River,32.50,32
34,1,Goodness Obasi,202551130227EA,,Ebonyi,46.25,46
35,2,Chukwuemeka Obasi Clinton,202551459316JA,,Ebonyi,42.50,42
36,3,Rebecca Nnachi Francis,202551141377FF,,Ebonyi,41.25,41
37,1,Mary Ehikhuenmen Emoshoke,202551082293CF,,Edo,53.75,54
38,2,Zainab Muhammed Yusuf,202550305052GF,,Edo,50.00,50
39,3,Merit Ehizibue,202550971626IA,,Edo,47.50,48
40,4,Khadijat Aliu Mercy,202550460761EF,,Edo,45.00,45
41,5,Ovie Abigail,202551793259JF,,Edo,43.75,44
42,6,Florence Okumagbe Okumagbe,202550647032HA,,Edo,43.75,44
43,7,Omoti Ahmadu Annie,202550828769GA,,Edo,42.50,42
44,8,Agatha Emmanuel Idowu,202550290965BA,,Edo,41.25,41
45,9,Luna Enakhena Eshieza,202550649892CA,,Edo,40.00,40
46,10,Favour Ikpobazu Aimalohi,202550807364CA,,Edo,38.75,39
47,11,Joy Akhademe Eweme,202551086674GF,,Edo,37.50,38
48,12,Salamat Muhammed Sani,202551351034JF,,Edo,36.25,36
49,13,Augustina Okoeguale Emasekemen,202551910624IF,,Edo,35.00,35
50,14,Anthonia Godwin Wetanah,202551044342GF,,Edo,28.75,29
51,15,Esther Ofure Chioma,202551747795IA,,Edo,22.50,22
52,1,Martha Ajofoyinbo Tinuola,202550756667EF,,Ekiti,50.00,50
53,1,Amarachukwu Amoke Faith,202551721606CA,,Enugu,58.75,59
54,2,Onyinyechi Eze Tina,202551380302FF,,Enugu,51.25,51
55,3,Ojukwu Ebube Miriam,202551613583GA,,Enugu,50.00,50
56,4,Amarachi Eze,202551039379IF,,Enugu,40.00,40
57,5,Mary Ugwoke Nzube,202550126856EA,,Enugu,37.50,38
58,1,Anita Luka Sanasi,202550094329DF,,FCT-Abuja,41.25,41
59,2,Christopher Victor Shekwobagu,202551793432IF,,FCT-Abuja,31.25,31
60,1,Maryam Danjuma Mabe,202550412338AF,,Gombe,53.75,54
61,1,Faith Obilom Chimamanda,202550478078AF,,Imo,55.00,55
62,2,Ijeoma Kalu Faustina,202551338388FF,,Imo,55.00,55
63,3,Confidence Iwuanyanwu Chidiebube,202551190188FF,,Imo,48.75,49
64,4,Grace Eziefula Chigaemezu,202551446664IA,,Imo,46.25,46
65,5,Okoronkwo Blessing,202551822600HA,,Imo,45.00,45
66,6,Precious Agazie Nmesoma,202550265447BF,,Imo,43.75,44
67,7,Precious Okoro,202550239221EF,,Imo,41.25,41
68,8,Danmusa Mirabel Ene,202551998228BF,,Imo,40.00,40
69,9,Ezumah Whitney Ujunwa,202551948503CF,,Imo,40.00,40
70,10,Favour Chidi Chiamaka,202551170649JA,,Imo,26.25,26
71,1,Reuben Joseph Gyongou,202550388993HA,,Kaduna,51.25,51
72,2,Destiny Jacob Zitchat,202550180155CA,,Kaduna,51.25,51
73,3,Best Augustine Sengnwi,202550158324CA,,Kaduna,42.50,42
74,4,Winner Akims Yat,202550444710CF,,Kaduna,40.00,40
75,5,Divine Sunday Ngbo,202551672446FF,,Kaduna,38.75,39
76,6,Lois Nuhu,202550291038CF,,Kaduna,37.50,38
77,7,Ishaya Dorathy,202551516405CF,,Kaduna,36.25,36
78,8,Ichile Ishaya Peace,202550307594IF,,Kaduna,35.00,35
79,9,Endurance Michael,202550665467EF,,Kaduna,35.00,35
80,10,Rachael Solomon,202551896072HF,,Kaduna,33.75,34
81,11,Freda Fidelis,202550033964EF,,Kaduna,33.75,34
82,12,Joan Bulus,202550555772IF,,Kaduna,32.50,32
83,13,Fatima Abubakar,202551938436BA,,Kaduna,21.25,21
84,1,Aisha Musa,202550518444FA,,Katsina,37.50,38
85,2,Yusra Yahaya Kusada,202550439009DA,,Katsina,21.25,21
86,1,Ali Philomina,202550724216EA,,Kogi,52.50,52
87,2,Ismail Rukayat,202551662966FA,,Kogi,47.50,48
88,3,Evelyn Olushola Gbemisola,202550834965FA,,Kogi,47.50,48
89,4,Mathew Mercy Iko'Ojo,202550893000AF,,Kogi,46.25,46
90,5,Dominic Blessing Benedicta Enejor,202550544725DA,,Kogi,45.00,45
91,6,Yakubu Anita Chubiyojo,202551946209JF,,Kogi,45.00,45
92,7,Prscilla Albert Onozasi,202551147762FA,,Kogi,42.50,42
93,8,Deborah Sunday Ojocheyi,202550713691DF,,Kogi,41.25,41
94,9,Rashidat Odufu Ojoma,202551615580FA,,Kogi,40.00,40
95,10,Okabichi Chubiyo Joy,202551158553FF,,Kogi,30.00,30
96,1,Treasure Rahman Monjolaoluwa,202551580239FF,,Kwara,48.75,49
97,2,Ismaila Shukurat Omotayo,202551182548GF,,Kwara,42.50,42
98,3,Aishat Jimoh Motunrayo,202550087749GF,,Kwara,35.00,35
99,1,Julius Destiny,202551230076CA,,Nassarawa,50.00,50
100,2,Joy Rabo,202551037374EA,,Nassarawa,46.25,46
101,3,Ummusulaim Abdullahi Abubakar,202550987464CF,,Nassarawa,40.00,40
102,4,Faiza Abubakar Abdullahi,202551230557IF,,Nassarawa,37.50,38
103,5,Idris Haruna,202550362962HF,,Nassarawa,37.50,38
104,6,Abigail Keve,202551824325JA,,Nassarawa,33.75,34
105,7,Rukayya Idris Ibrahim,202550775354JA,,Nassarawa,27.50,28
106,8,Aisha Muhammad Ibrahim,202551182514EF,,Nassarawa,26.25,26
107,9,Atari Monday Gift,202550255075AF,,Nassarawa,26.25,26
108,1,Farida Muhammad Sani,202550891190DA,,Niger,43.75,44
109,2,Davina Gideon Akpamkah,202550130559FA,,Niger,35.00,35
110,3,Hassan Iliyasu Kuti,202550201492CA,,Niger,32.50,32
111,1,Victor Abiodun Caleb,202550897827JF,,Ogun,37.50,38
112,2,Badejo Ifeoluwa Esther,202551257621EF,,Ogun,37.50,38
113,1,Rofiat Alimi Boluwatife,202550857784FA,,Ondo,26.25,26
114,1,Damilola Ojo Favour,202551608672BA,,Osun,56.25,56
115,2,Blessing Oloruntoba Mary,202551380541JF,,Osun,45.00,45
116,3,Rodiat Abdulrafiu Mojirad,202550067936EF,,Osun,33.75,34
117,1,Christiana Olatunji Olanrewaju,202550508174AF,,Oyo,47.50,48
118,2,Grace Jeje Ebunoluwa,202550905666EA,,Oyo,42.50,42
119,1,Dennis Gift Nankling,202550118712AF,,Plateau,53.75,54
120,2,Gyang Martha Bulus,202550973147HF,,Plateau,42.50,42
121,3,Luther Happiness Nanmet,202551863125IA,,Plateau,26.25,26
122,1,Abdulmudallif Surajo,202551733284FF,,Sokoto,33.75,34
