[
  {
    "exam_number": "7434",
    "name": "ABDULKADIR MARYAM IKPEMOSIME",
    "failed_courses": [
      {
        "course_code": "GNS121",
        "original_score": 49.0,
        "semester": "N-FIRST-YEAR-SECOND-SEMESTER",
        "set": "SET47",
        "resit_attempts": 0,
        "best_score": 49.0,
        "status": "Failed"
      },
      {
        "course_code": "GNS124",
        "original_score": 14.0,
        "semester": "N-FIRST-YEAR-SECOND-SEMESTER",
        "set": "SET47",
        "resit_attempts": 0,
        "best_score": 14.0,
        "status": "Failed"
      },
      {
        "course_code": "GNS125",
        "original_score": 38.0,
        "semester": "N-FIRST-YEAR-SECOND-SEMESTER",
        "set": "SET47",
        "resit_attempts": 0,
        "best_score": 38.0,
        "status": "Failed"
      },
      {
        "course_code": "GNS126",
        "original_score": 46.0,
        "semester": "N-FIRST-YEAR-SECOND-SEMESTER",
        "set": "SET47",
        "resit_attempts": 0,
        "best_score": 46.0,
        "status": "Failed"
      }
    ],
    "semester": "N-FIRST-YEAR-SECOND-SEMESTER",
    "set": "SET47",
    "identified_date": "2025-11-17 16:31:08",
    "total_resit_attempts": 0,
    "status": "Active",
    "probation_status": false
  },
  {
    "exam_number": "7439",
    "name": "ABDULSALAM  HAUWA UMMI",
    "failed_courses": [
      {
        "course_code": "GNS122",
        "original_score": 30.0,
        "semester": "N-FIRST-YEAR-SECOND-SEMESTER",
        "set": "SET47",
        "resit_attempts": 0,
        "best_score": 30.0,
        "status": "Failed"
      },
      {
        "course_code": "GNS127",
        "original_score": 48.0,
        "semester": "N-FIRST-YEAR-SECOND-SEMESTER",
        "set": "SET47",
        "resit_attempts": 0,
        "best_score": 48.0,
        "status": "Failed"
      },
      {
        "course_code": "GNS128",
        "original_score": 27.0,
        "semester": "N-FIRST-YEAR-SECOND-SEMESTER",
        "set": "SET47",
        "resit_attempts": 0,
        "best_score": 27.0,
        "status": "Failed"
      }
    ],
    "semester": "N-FIRST-YEAR-SECOND-SEMESTER",
    "set": "SET47",
    "identified_date": "2025-11-17 16:31:08",
    "total_resit_attempts": 0,
    "status": "Active",
    "probation_status": false
  },
  {
    "exam_number": "7440",
    "name": "ABDULSALAM  ZULIEHAT",
    "failed_courses": [
      {
        "course_code": "GNS127",
        "original_score": 41.0,
        "semester": "N-FIRST-YEAR-SECOND-SEMESTER",
        "set": "SET47",
        "resit_attempts": 0,
        "best_score": 41.0,
        "status": "Failed"
      }
    ],
    "semester": "N-FIRST-YEAR-SECOND-SEMESTER",
    "set": "SET47",
    "identified_date": "2025-11-17 16:31:08",
    "total_resit_attempts": 0,
    "status": "Active",
    "probation_status": false
  },
  {
    "exam_number": "7443",
    "name": "ABUBAKAR  NABILA",
    "failed_courses": [
      {
        "course_code": "GNS124",
        "original_score": 40.0,
        "semester": "N-FIRST-YEAR-SECOND-SEMESTER",
        "set": "SET47",
        "resit_attempts": 0,
        "best_score": 40.0,
        "status": "Failed"
      },
      {
        "course_code": "GNS126",
        "original_score": 44.0,
        "semester": "N-FIRST-YEAR-SECOND-SEMESTER",
        "set": "SET47",
        "resit_attempts": 0,
        "best_score": 44.0,
        "status": "Failed"
      },
      {
        "course_code": "GNS127",
        "original_score": 44.0,
        "semester": "N-FIRST-YEAR-SECOND-SEMESTER",
        "set": "SET47",
        "resit_attempts": 0,
        "best_score": 44.0,
        "status": "Failed"
      },
      {
        "course_code": "GNS128",
        "original_score": 48.0,
        "semester": "N-FIRST-YEAR-SECOND-SEMESTER",
        "set": "SET47",
        "resit_attempts": 0,
        "best_score": 48.0,
        "status": "Failed"
      }
    ],
    "semester": "N-FIRST-YEAR-SECOND-SEMESTER",
    "set": "SET47",
    "identified_date": "2025-11-17 16:31:08",
    "total_resit_attempts": 0,
    "status": "Active",
    "probation_status": false
  },
  {
    "exam_number": "7448",
    "name": "ADEGBEMILE OLUWANIFEMI O.",
    "failed_courses": [
      {
        "course_code": "GNS121",
        "original_score": 30.0,
        "semester": "N-FIRST-YEAR-SECOND-SEMESTER",
        "set": "SET47",
        "resit_attempts": 0,
        "best_score": 30.0,
        "status": "Failed"
      },
      {
        "course_code": "GNS122",
        "original_score": 32.0,
        "semester": "N-FIRST-YEAR-SECOND-SEMESTER",
        "set": "SET47",
        "resit_attempts": 0,
        "best_score": 32.0,
        "status": "Failed"
      },
      {
        "course_code": "GNS127",
        "original_score": 34.0,
        "semester": "N-FIRST-YEAR-SECOND-SEMESTER",
        "set": "SET47",
        "resit_attempts": 0,
        "best_score": 34.0,
        "status": "Failed"
      }
    ],
    "semester": "N-FIRST-YEAR-SECOND-SEMESTER",
    "set": "SET47",
    "identified_date": "2025-11-17 16:31:08",
    "total_resit_attempts": 0,
    "status": "Active",
    "probation_status": false
  },
  {
    "exam_number": "7460",
    "name": "ALHAMDU ISAAC",
    "failed_courses": [
      {
        "course_code": "GNS123",
        "original_score": 47.0,
        "semester": "N-FIRST-YEAR-SECOND-SEMESTER",
        "set": "SET47",
        "resit_attempts": 0,
        "best_score": 47.0,
        "status": "Failed"
      },
      {
        "course_code": "GNS126",
        "original_score": 20.0,
        "semester": "N-FIRST-YEAR-SECOND-SEMESTER",
        "set": "SET47",
        "resit_attempts": 0,
        "best_score": 20.0,
        "status": "Failed"
      }
    ],
    "semester": "N-FIRST-YEAR-SECOND-SEMESTER",
    "set": "SET47",
    "identified_date": "2025-11-17 16:31:08",
    "total_resit_attempts": 0,
    "status": "Active",
    "probation_status": false
  },
  {
    "exam_number": "7461",
    "name": "ALHASSAN  FATIMA",
    "failed_courses": [
      {
        "course_code": "GNS121",
        "original_score": 36.0,
        "semester": "N-FIRST-YEAR-SECOND-SEMESTER",
        "set": "SET47",
        "resit_attempts": 0,
        "best_score": 36.0,
        "status": "Failed"
      },
      {
        "course_code": "GNS122",
        "original_score": 13.0,
        "semester": "N-FIRST-YEAR-SECOND-SEMESTER",
        "set": "SET47",
        "resit_attempts": 0,
        "best_score": 13.0,
        "status": "Failed"
      },
      {
        "course_code": "GNS127",
        "original_score": 15.0,
        "semester": "N-FIRST-YEAR-SECOND-SEMESTER",
        "set": "SET47",
        "resit_attempts": 0,
        "best_score": 15.0,
        "status": "Failed"
      }
    ],
    "semester": "N-FIRST-YEAR-SECOND-SEMESTER",
    "set": "SET47",
    "identified_date": "2025-11-17 16:31:08",
    "total_resit_attempts": 0,
    "status": "Active",
    "probation_status": false
  },
  {
    "exam_number": "7462",
    "name": "ALIU MARTHA ODUFA",
    "failed_courses": [
      {
        "course_code": "GNS121",
        "original_score": 31.0,
        "semester": "N-FIRST-YEAR-SECOND-SEMESTER",
        "set": "SET47",
        "resit_attempts": 0,
        "best_score": 31.0,
        "status": "Failed"
      },
      {
        "course_code": "GNS122",
        "original_score": 44.0,
        "semester": "N-FIRST-YEAR-SECOND-SEMESTER",
        "set": "SET47",
        "resit_attempts": 0,
        "best_score": 44.0,
        "status": "Failed"
      },
      {
        "course_code": "GNS125",
        "original_score": 34.0,
        "semester": "N-FIRST-YEAR-SECOND-SEMESTER",
        "set": "SET47",
        "resit_attempts": 0,
        "best_score": 34.0,
        "status": "Failed"
      },
      {
        "course_code": "GNS127",
        "original_score": 43.0,
        "semester": "N-FIRST-YEAR-SECOND-SEMESTER",
        "set": "SET47",
        "resit_attempts": 0,
        "best_score": 43.0,
        "status": "Failed"
      }
    ],
    "semester": "N-FIRST-YEAR-SECOND-SEMESTER",
    "set": "SET47",
    "identified_date": "2025-11-17 16:31:08",
    "total_resit_attempts": 0,
    "status": "Active",
    "probation_status": false
  },
  {
    "exam_number": "7463",
    "name": "ALIU MARIA OCHUWA",
    "failed_courses": [
      {
        "course_code": "GNS121",
        "original_score": 36.0,
        "semester": "N-FIRST-YEAR-SECOND-SEMESTER",
        "set": "SET47",
        "resit_attempts": 0,
        "best_score": 36.0,
        "status": "Failed"
      },
      {
        "course_code": "GNS125",
        "original_score": 46.0,
        "semester": "N-FIRST-YEAR-SECOND-SEMESTER",
        "set": "SET47",
        "resit_attempts": 0,
        "best_score": 46.0,
        "status": "Failed"
      },
      {
        "course_code": "GNS126",
        "original_score": 48.0,
        "semester": "N-FIRST-YEAR-SECOND-SEMESTER",
        "set": "SET47",
        "resit_attempts": 0,
        "best_score": 48.0,
        "status": "Failed"
      }
    ],
    "semester": "N-FIRST-YEAR-SECOND-SEMESTER",
    "set": "SET47",
    "identified_date": "2025-11-17 16:31:08",
    "total_resit_attempts": 0,
    "status": "Active",
    "probation_status": false
  },
  {
    "exam_number": "7467",
    "name": "AMADI JULIET OBIANUJUNWA",
    "failed_courses": [
      {
        "course_code": "GNS123",
        "original_score": 33.0,
        "semester": "N-FIRST-YEAR-SECOND-SEMESTER",
        "set": "SET47",
        "resit_attempts": 0,
        "best_score": 33.0,
        "status": "Failed"
      },
      {
        "course_code": "GNS125",
        "original_score": 23.0,
        "semester": "N-FIRST-YEAR-SECOND-SEMESTER",
        "set": "SET47",
        "resit_attempts": 0,
        "best_score": 23.0,
        "status": "Failed"
      },
      {
        "course_code": "GNS126",
        "original_score": 32.0,
        "semester": "N-FIRST-YEAR-SECOND-SEMESTER",
        "set": "SET47",
        "resit_attempts": 0,
        "best_score": 32.0,
        "status": "Failed"
      }
    ],
    "semester": "N-FIRST-YEAR-SECOND-SEMESTER",
    "set": "SET47",
    "identified_date": "2025-11-17 16:31:08",
    "total_resit_attempts": 0,
    "status": "Active",
    "probation_status": false
  },
  {
    "exam_number": "7472",
    "name": "ANTHONY OBADIAH",
    "failed_courses": [
      {
        "course_code": "GNS122",
        "original_score": 45.0,
        "semester": "N-FIRST-YEAR-SECOND-SEMESTER",
        "set": "SET47",
        "resit_attempts": 0,
        "best_score": 45.0,
        "status": "Failed"
      },
      {
        "course_code": "GNS125",
        "original_score": 22.0,
        "semester": "N-FIRST-YEAR-SECOND-SEMESTER",
        "set": "SET47",
        "resit_attempts": 0,
        "best_score": 22.0,
        "status": "Failed"
      }
    ],
    "semester": "N-FIRST-YEAR-SECOND-SEMESTER",
    "set": "SET47",
    "identified_date": "2025-11-17 16:31:08",
    "total_resit_attempts": 0,
    "status": "Active",
    "probation_status": false
  },
  {
    "exam_number": "7480",
    "name": "AYIKOYE FLOURISH ULIEJU",
    "failed_courses": [
      {
        "course_code": "GNS123",
        "original_score": 38.0,
        "semester": "N-FIRST-YEAR-SECOND-SEMESTER",
        "set": "SET47",
        "resit_attempts": 0,
        "best_score": 38.0,
        "status": "Failed"
      },
      {
        "course_code": "GNS127",
        "original_score": 26.0,
        "semester": "N-FIRST-YEAR-SECOND-SEMESTER",
        "set": "SET47",
        "resit_attempts": 0,
        "best_score": 26.0,
        "status": "Failed"
      },
      {
        "course_code": "GNS128",
        "original_score": 44.0,
        "semester": "N-FIRST-YEAR-SECOND-SEMESTER",
        "set": "SET47",
        "resit_attempts": 0,
        "best_score": 44.0,
        "status": "Failed"
      }
    ],
    "semester": "N-FIRST-YEAR-SECOND-SEMESTER",
    "set": "SET47",
    "identified_date": "2025-11-17 16:31:08",
    "total_resit_attempts": 0,
    "status": "Active",
    "probation_status": false
  },
  {
    "exam_number": "7482",
    "name": "BABAJIDE DEBORAH GBEMISOLA",
    "failed_courses": [
      {
        "course_code": "GNS123",
        "original_score": 27.0,
        "semester": "N-FIRST-YEAR-SECOND-SEMESTER",
        "set": "SET47",
        "resit_attempts": 0,
        "best_score": 27.0,
        "status": "Failed"
      },
      {
        "course_code": "GNS125",
        "original_score": 42.0,
        "semester": "N-FIRST-YEAR-SECOND-SEMESTER",
        "set": "SET47",
        "resit_attempts": 0,
        "best_score": 42.0,
        "status": "Failed"
      },
      {
        "course_code": "GNS127",
        "original_score": 41.0,
        "semester": "N-FIRST-YEAR-SECOND-SEMESTER",
        "set": "SET47",
        "resit_attempts": 0,
        "best_score": 41.0,
        "status": "Failed"
      },
      {
        "course_code": "GNS128",
        "original_score": 46.0,
        "semester": "N-FIRST-YEAR-SECOND-SEMESTER",
        "set": "SET47",
        "resit_attempts": 0,
        "best_score": 46.0,
        "status": "Failed"
      }
    ],
    "semester": "N-FIRST-YEAR-SECOND-SEMESTER",
    "set": "SET47",
    "identified_date": "2025-11-17 16:31:08",
    "total_resit_attempts": 0,
    "status": "Active",
    "probation_status": false
  },
  {
    "exam_number": "7483",
    "name": "BALA CHRISTOPHER BLAYA",
    "failed_courses": [
      {
        "course_code": "GNS122",
        "original_score": 16.0,
        "semester": "N-FIRST-YEAR-SECOND-SEMESTER",
        "set": "SET47",
        "resit_attempts": 0,
        "best_score": 16.0,
        "status": "Failed"
      },
      {
        "course_code": "GNS126",
        "original_score": 38.0,
        "semester": "N-FIRST-YEAR-SECOND-SEMESTER",
        "set": "SET47",
        "resit_attempts": 0,
        "best_score": 38.0,
        "status": "Failed"
      }
    ],
    "semester": "N-FIRST-YEAR-SECOND-SEMESTER",
    "set": "SET47",
    "identified_date": "2025-11-17 16:31:08",
    "total_resit_attempts": 0,
    "status": "Active",
    "probation_status": false
  },
  {
    "exam_number": "7491",
    "name": "DAUDA  CYNTIKI KUYET",
    "failed_courses": [
      {
        "course_code": "GNS121",
        "original_score": 15.0,
        "semester": "N-FIRST-YEAR-SECOND-SEMESTER",
        "set": "SET47",
        "resit_attempts": 0,
        "best_score": 15.0,
        "status": "Failed"
      },
      {
        "course_code": "GNS122",
        "original_score": 18.0,
        "semester": "N-FIRST-YEAR-SECOND-SEMESTER",
        "set": "SET47",
        "resit_attempts": 0,
        "best_score": 18.0,
        "status": "Failed"
      }
    ],
    "semester": "N-FIRST-YEAR-SECOND-SEMESTER",
    "set": "SET47",
    "identified_date": "2025-11-17 16:31:08",
    "total_resit_attempts": 0,
    "status": "Active",
    "probation_status": false
  },
  {
    "exam_number": "7492",
    "name": "DAVID JIKHIRIT FAITH",
    "failed_courses": [
      {
        "course_code": "GNS121",
        "original_score": 44.0,
        "semester": "N-FIRST-YEAR-SECOND-SEMESTER",
        "set": "SET47",
        "resit_attempts": 0,
        "best_score": 44.0,
        "status": "Failed"
      },
      {
        "course_code": "GNS124",
        "original_score": 40.0,
        "semester": "N-FIRST-YEAR-SECOND-SEMESTER",
        "set": "SET47",
        "resit_attempts": 0,
        "best_score": 40.0,
        "status": "Failed"
      },
      {
        "course_code": "GNS125",
        "original_score": 48.0,
        "semester": "N-FIRST-YEAR-SECOND-SEMESTER",
        "set": "SET47",
        "resit_attempts": 0,
        "best_score": 48.0,
        "status": "Failed"
      },
      {
        "course_code": "GNS126",
        "original_score": 40.0,
        "semester": "N-FIRST-YEAR-SECOND-SEMESTER",
        "set": "SET47",
        "resit_attempts": 0,
        "best_score": 40.0,
        "status": "Failed"
      }
    ],
    "semester": "N-FIRST-YEAR-SECOND-SEMESTER",
    "set": "SET47",
    "identified_date": "2025-11-17 16:31:08",
    "total_resit_attempts": 0,
    "status": "Active",
    "probation_status": false
  },
  {
    "exam_number": "7493",
    "name": "DAVID JAMES",
    "failed_courses": [
      {
        "course_code": "GNS122",
        "original_score": 33.0,
        "semester": "N-FIRST-YEAR-SECOND-SEMESTER",
        "set": "SET47",
        "resit_attempts": 0,
        "best_score": 33.0,
        "status": "Failed"
      },
      {
        "course_code": "GNS124",
        "original_score": 40.0,
        "semester": "N-FIRST-YEAR-SECOND-SEMESTER",
        "set": "SET47",
        "resit_attempts": 0,
        "best_score": 40.0,
        "status": "Failed"
      },
      {
        "course_code": "GNS126",
        "original_score": 23.0,
        "semester": "N-FIRST-YEAR-SECOND-SEMESTER",
        "set": "SET47",
        "resit_attempts": 0,
        "best_score": 23.0,
        "status": "Failed"
      },
      {
        "course_code": "GNS127",
        "original_score": 49.0,
        "semester": "N-FIRST-YEAR-SECOND-SEMESTER",
        "set": "SET47",
        "resit_attempts": 0,
        "best_score": 49.0,
        "status": "Failed"
      }
    ],
    "semester": "N-FIRST-YEAR-SECOND-SEMESTER",
    "set": "SET47",
    "identified_date": "2025-11-17 16:31:08",
    "total_resit_attempts": 0,
    "status": "Active",
    "probation_status": false
  },
  {
    "exam_number": "7495",
    "name": "DOKIH BLESSING IVREN",
    "failed_courses": [
      {
        "course_code": "GNS122",
        "original_score": 36.0,
        "semester": "N-FIRST-YEAR-SECOND-SEMESTER",
        "set": "SET47",
        "resit_attempts": 0,
        "best_score": 36.0,
        "status": "Failed"
      },
      {
        "course_code": "GNS126",
        "original_score": 41.0,
        "semester": "N-FIRST-YEAR-SECOND-SEMESTER",
        "set": "SET47",
        "resit_attempts": 0,
        "best_score": 41.0,
        "status": "Failed"
      },
      {
        "course_code": "GNS127",
        "original_score": 40.0,
        "semester": "N-FIRST-YEAR-SECOND-SEMESTER",
        "set": "SET47",
        "resit_attempts": 0,
        "best_score": 40.0,
        "status": "Failed"
      }
    ],
    "semester": "N-FIRST-YEAR-SECOND-SEMESTER",
    "set": "SET47",
    "identified_date": "2025-11-17 16:31:08",
    "total_resit_attempts": 0,
    "status": "Active",
    "probation_status": false
  },
  {
    "exam_number": "7497",
    "name": "EBERECHUKWU DIVINE STEPHEN",
    "failed_courses": [
      {
        "course_code": "GNS121",
        "original_score": 28.0,
        "semester": "N-FIRST-YEAR-SECOND-SEMESTER",
        "set": "SET47",
        "resit_attempts": 0,
        "best_score": 28.0,
        "status": "Failed"
      },
      {
        "course_code": "GNS125",
        "original_score": 36.0,
        "semester": "N-FIRST-YEAR-SECOND-SEMESTER",
        "set": "SET47",
        "resit_attempts": 0,
        "best_score": 36.0,
        "status": "Failed"
      },
      {
        "course_code": "GNS126",
        "original_score": 36.0,
        "semester": "N-FIRST-YEAR-SECOND-SEMESTER",
        "set": "SET47",
        "resit_attempts": 0,
        "best_score": 36.0,
        "status": "Failed"
      },
      {
        "course_code": "GNS128",
        "original_score": 22.0,
        "semester": "N-FIRST-YEAR-SECOND-SEMESTER",
        "set": "SET47",
        "resit_attempts": 0,
        "best_score": 22.0,
        "status": "Failed"
      }
    ],
    "semester": "N-FIRST-YEAR-SECOND-SEMESTER",
    "set": "SET47",
    "identified_date": "2025-11-17 16:31:08",
    "total_resit_attempts": 0,
    "status": "Active",
    "probation_status": false
  },
  {
    "exam_number": "7499",
    "name": "EHIABHI QUEEN",
    "failed_courses": [
      {
        "course_code": "GNS122",
        "original_score": 49.0,
        "semester": "N-FIRST-YEAR-SECOND-SEMESTER",
        "set": "SET47",
        "resit_attempts": 0,
        "best_score": 49.0,
        "status": "Failed"
      },
      {
        "course_code": "GNS123",
        "original_score": 23.0,
        "semester": "N-FIRST-YEAR-SECOND-SEMESTER",
        "set": "SET47",
        "resit_attempts": 0,
        "best_score": 23.0,
        "status": "Failed"
      },
      {
        "course_code": "GNS126",
        "original_score": 48.0,
        "semester": "N-FIRST-YEAR-SECOND-SEMESTER",
        "set": "SET47",
        "resit_attempts": 0,
        "best_score": 48.0,
        "status": "Failed"
      }
    ],
    "semester": "N-FIRST-YEAR-SECOND-SEMESTER",
    "set": "SET47",
    "identified_date": "2025-11-17 16:31:08",
    "total_resit_attempts": 0,
    "status": "Active",
    "probation_status": false
  },
  {
    "exam_number": "7500",
    "name": "ELOCHUKWU PROMISE ONYINYECHI",
    "failed_courses": [
      {
        "course_code": "GNS121",
        "original_score": 38.0,
        "semester": "N-FIRST-YEAR-SECOND-SEMESTER",
        "set": "SET47",
        "resit_attempts": 0,
        "best_score": 38.0,
        "status": "Failed"
      },
      {
        "course_code": "GNS122",
        "original_score": 30.0,
        "semester": "N-FIRST-YEAR-SECOND-SEMESTER",
        "set": "SET47",
        "resit_attempts": 0,
        "best_score": 30.0,
        "status": "Failed"
      }
    ],
    "semester": "N-FIRST-YEAR-SECOND-SEMESTER",
    "set": "SET47",
    "identified_date": "2025-11-17 16:31:08",
    "total_resit_attempts": 0,
    "status": "Active",
    "probation_status": false
  },
  {
    "exam_number": "7502",
    "name": "EMMANUEL MARY CORNELIUS",
    "failed_courses": [
      {
        "course_code": "GNS122",
        "original_score": 30.0,
        "semester": "N-FIRST-YEAR-SECOND-SEMESTER",
        "set": "SET47",
        "resit_attempts": 0,
        "best_score": 30.0,
        "status": "Failed"
      },
      {
        "course_code": "GNS123",
        "original_score": 18.0,
        "semester": "N-FIRST-YEAR-SECOND-SEMESTER",
        "set": "SET47",
        "resit_attempts": 0,
        "best_score": 18.0,
        "status": "Failed"
      },
      {
        "course_code": "GNS124",
        "original_score": 29.0,
        "semester": "N-FIRST-YEAR-SECOND-SEMESTER",
        "set": "SET47",
        "resit_attempts": 0,
        "best_score": 29.0,
        "status": "Failed"
      },
      {
        "course_code": "GNS125",
        "original_score": 47.0,
        "semester": "N-FIRST-YEAR-SECOND-SEMESTER",
        "set": "SET47",
        "resit_attempts": 0,
        "best_score": 47.0,
        "status": "Failed"
      }
    ],
    "semester": "N-FIRST-YEAR-SECOND-SEMESTER",
    "set": "SET47",
    "identified_date": "2025-11-17 16:31:08",
    "total_resit_attempts": 0,
    "status": "Active",
    "probation_status": false
  },
  {
    "exam_number": "7507",
    "name": "ESIKE  CHINENYE STEPHANIE",
    "failed_courses": [
      {
        "course_code": "GNS123",
        "original_score": 26.0,
        "semester": "N-FIRST-YEAR-SECOND-SEMESTER",
        "set": "SET47",
        "resit_attempts": 0,
        "best_score": 26.0,
        "status": "Failed"
      },
      {
        "course_code": "GNS124",
        "original_score": 30.0,
        "semester": "N-FIRST-YEAR-SECOND-SEMESTER",
        "set": "SET47",
        "resit_attempts": 0,
        "best_score": 30.0,
        "status": "Failed"
      },
      {
        "course_code": "GNS126",
        "original_score": 48.0,
        "semester": "N-FIRST-YEAR-SECOND-SEMESTER",
        "set": "SET47",
        "resit_attempts": 0,
        "best_score": 48.0,
        "status": "Failed"
      }
    ],
    "semester": "N-FIRST-YEAR-SECOND-SEMESTER",
    "set": "SET47",
    "identified_date": "2025-11-17 16:31:08",
    "total_resit_attempts": 0,
    "status": "Active",
    "probation_status": false
  },
  {
    "exam_number": "7516",
    "name": "HASSAN ABUBAKAR",
    "failed_courses": [
      {
        "course_code": "GNS126",
        "original_score": 32.0,
        "semester": "N-FIRST-YEAR-SECOND-SEMESTER",
        "set": "SET47",
        "resit_attempts": 0,
        "best_score": 32.0,
        "status": "Failed"
      },
      {
        "course_code": "GNS128",
        "original_score": 40.0,
        "semester": "N-FIRST-YEAR-SECOND-SEMESTER",
        "set": "SET47",
        "resit_attempts": 0,
        "best_score": 40.0,
        "status": "Failed"
      }
    ],
    "semester": "N-FIRST-YEAR-SECOND-SEMESTER",
    "set": "SET47",
    "identified_date": "2025-11-17 16:31:08",
    "total_resit_attempts": 0,
    "status": "Active",
    "probation_status": false
  },
  {
    "exam_number": "7523",
    "name": "IKWUEZE SANDRA CHINAZA",
    "failed_courses": [
      {
        "course_code": "GNS125",
        "original_score": 49.0,
        "semester": "N-FIRST-YEAR-SECOND-SEMESTER",
        "set": "SET47",
        "resit_attempts": 0,
        "best_score": 49.0,
        "status": "Failed"
      },
      {
        "course_code": "GNS126",
        "original_score": 25.0,
        "semester": "N-FIRST-YEAR-SECOND-SEMESTER",
        "set": "SET47",
        "resit_attempts": 0,
        "best_score": 25.0,
        "status": "Failed"
      },
      {
        "course_code": "GNS128",
        "original_score": 25.0,
        "semester": "N-FIRST-YEAR-SECOND-SEMESTER",
        "set": "SET47",
        "resit_attempts": 0,
        "best_score": 25.0,
        "status": "Failed"
      }
    ],
    "semester": "N-FIRST-YEAR-SECOND-SEMESTER",
    "set": "SET47",
    "identified_date": "2025-11-17 16:31:08",
    "total_resit_attempts": 0,
    "status": "Active",
    "probation_status": false
  },
  {
    "exam_number": "7530",
    "name": "ISMAIL RUKAYAT",
    "failed_courses": [
      {
        "course_code": "GNS123",
        "original_score": 43.0,
        "semester": "N-FIRST-YEAR-SECOND-SEMESTER",
        "set": "SET47",
        "resit_attempts": 0,
        "best_score": 43.0,
        "status": "Failed"
      },
      {
        "course_code": "GNS124",
        "original_score": 46.0,
        "semester": "N-FIRST-YEAR-SECOND-SEMESTER",
        "set": "SET47",
        "resit_attempts": 0,
        "best_score": 46.0,
        "status": "Failed"
      },
      {
        "course_code": "GNS125",
        "original_score": 48.0,
        "semester": "N-FIRST-YEAR-SECOND-SEMESTER",
        "set": "SET47",
        "resit_attempts": 0,
        "best_score": 48.0,
        "status": "Failed"
      },
      {
        "course_code": "GNS126",
        "original_score": 18.0,
        "semester": "N-FIRST-YEAR-SECOND-SEMESTER",
        "set": "SET47",
        "resit_attempts": 0,
        "best_score": 18.0,
        "status": "Failed"
      },
      {
        "course_code": "GNS127",
        "original_score": 20.0,
        "semester": "N-FIRST-YEAR-SECOND-SEMESTER",
        "set": "SET47",
        "resit_attempts": 0,
        "best_score": 20.0,
        "status": "Failed"
      }
    ],
    "semester": "N-FIRST-YEAR-SECOND-SEMESTER",
    "set": "SET47",
    "identified_date": "2025-11-17 16:31:08",
    "total_resit_attempts": 0,
    "status": "Active",
    "probation_status": false
  },
  {
    "exam_number": "7533",
    "name": "JAMES  ELIJAH",
    "failed_courses": [
      {
        "course_code": "GNS123",
        "original_score": 28.0,
        "semester": "N-FIRST-YEAR-SECOND-SEMESTER",
        "set": "SET47",
        "resit_attempts": 0,
        "best_score": 28.0,
        "status": "Failed"
      },
      {
        "course_code": "GNS125",
        "original_score": 18.0,
        "semester": "N-FIRST-YEAR-SECOND-SEMESTER",
        "set": "SET47",
        "resit_attempts": 0,
        "best_score": 18.0,
        "status": "Failed"
      },
      {
        "course_code": "GNS127",
        "original_score": 41.0,
        "semester": "N-FIRST-YEAR-SECOND-SEMESTER",
        "set": "SET47",
        "resit_attempts": 0,
        "best_score": 41.0,
        "status": "Failed"
      },
      {
        "course_code": "GNS128",
        "original_score": 34.0,
        "semester": "N-FIRST-YEAR-SECOND-SEMESTER",
        "set": "SET47",
        "resit_attempts": 0,
        "best_score": 34.0,
        "status": "Failed"
      }
    ],
    "semester": "N-FIRST-YEAR-SECOND-SEMESTER",
    "set": "SET47",
    "identified_date": "2025-11-17 16:31:08",
    "total_resit_attempts": 0,
    "status": "Active",
    "probation_status": false
  },
  {
    "exam_number": "7535",
    "name": "JAMES  MERCY NDOUK",
    "failed_courses": [
      {
        "course_code": "GNS122",
        "original_score": 33.0,
        "semester": "N-FIRST-YEAR-SECOND-SEMESTER",
        "set": "SET47",
        "resit_attempts": 0,
        "best_score": 33.0,
        "status": "Failed"
      },
      {
        "course_code": "GNS124",
        "original_score": 44.0,
        "semester": "N-FIRST-YEAR-SECOND-SEMESTER",
        "set": "SET47",
        "resit_attempts": 0,
        "best_score": 44.0,
        "status": "Failed"
      },
      {
        "course_code": "GNS127",
        "original_score": 42.0,
        "semester": "N-FIRST-YEAR-SECOND-SEMESTER",
        "set": "SET47",
        "resit_attempts": 0,
        "best_score": 42.0,
        "status": "Failed"
      }
    ],
    "semester": "N-FIRST-YEAR-SECOND-SEMESTER",
    "set": "SET47",
    "identified_date": "2025-11-17 16:31:08",
    "total_resit_attempts": 0,
    "status": "Active",
    "probation_status": false
  },
  {
    "exam_number": "7542",
    "name": "LAWAL ANAS",
    "failed_courses": [
      {
        "course_code": "GNS124",
        "original_score": 32.0,
        "semester": "N-FIRST-YEAR-SECOND-SEMESTER",
        "set": "SET47",
        "resit_attempts": 0,
        "best_score": 32.0,
        "status": "Failed"
      },
      {
        "course_code": "GNS126",
        "original_score": 42.0,
        "semester": "N-FIRST-YEAR-SECOND-SEMESTER",
        "set": "SET47",
        "resit_attempts": 0,
        "best_score": 42.0,
        "status": "Failed"
      }
    ],
    "semester": "N-FIRST-YEAR-SECOND-SEMESTER",
    "set": "SET47",
    "identified_date": "2025-11-17 16:31:08",
    "total_resit_attempts": 0,
    "status": "Active",
    "probation_status": false
  },
  {
    "exam_number": "7543",
    "name": "LAWAL GLORY IFEOLUWA",
    "failed_courses": [
      {
        "course_code": "GNS123",
        "original_score": 48.0,
        "semester": "N-FIRST-YEAR-SECOND-SEMESTER",
        "set": "SET47",
        "resit_attempts": 0,
        "best_score": 48.0,
        "status": "Failed"
      },
      {
        "course_code": "GNS124",
        "original_score": 34.0,
        "semester": "N-FIRST-YEAR-SECOND-SEMESTER",
        "set": "SET47",
        "resit_attempts": 0,
        "best_score": 34.0,
        "status": "Failed"
      },
      {
        "course_code": "GNS125",
        "original_score": 17.0,
        "semester": "N-FIRST-YEAR-SECOND-SEMESTER",
        "set": "SET47",
        "resit_attempts": 0,
        "best_score": 17.0,
        "status": "Failed"
      },
      {
        "course_code": "GNS126",
        "original_score": 44.0,
        "semester": "N-FIRST-YEAR-SECOND-SEMESTER",
        "set": "SET47",
        "resit_attempts": 0,
        "best_score": 44.0,
        "status": "Failed"
      }
    ],
    "semester": "N-FIRST-YEAR-SECOND-SEMESTER",
    "set": "SET47",
    "identified_date": "2025-11-17 16:31:08",
    "total_resit_attempts": 0,
    "status": "Active",
    "probation_status": false
  },
  {
    "exam_number": "7544",
    "name": "LAWRENCE  ESTHER AMARACHI",
    "failed_courses": [
      {
        "course_code": "GNS122",
        "original_score": 49.0,
        "semester": "N-FIRST-YEAR-SECOND-SEMESTER",
        "set": "SET47",
        "resit_attempts": 0,
        "best_score": 49.0,
        "status": "Failed"
      },
      {
        "course_code": "GNS123",
        "original_score": 26.0,
        "semester": "N-FIRST-YEAR-SECOND-SEMESTER",
        "set": "SET47",
        "resit_attempts": 0,
        "best_score": 26.0,
        "status": "Failed"
      },
      {
        "course_code": "GNS124",
        "original_score": 40.0,
        "semester": "N-FIRST-YEAR-SECOND-SEMESTER",
        "set": "SET47",
        "resit_attempts": 0,
        "best_score": 40.0,
        "status": "Failed"
      },
      {
        "course_code": "GNS127",
        "original_score": 23.0,
        "semester": "N-FIRST-YEAR-SECOND-SEMESTER",
        "set": "SET47",
        "resit_attempts": 0,
        "best_score": 23.0,
        "status": "Failed"
      }
    ],
    "semester": "N-FIRST-YEAR-SECOND-SEMESTER",
    "set": "SET47",
    "identified_date": "2025-11-17 16:31:08",
    "total_resit_attempts": 0,
    "status": "Active",
    "probation_status": false
  },
  {
    "exam_number": "7551",
    "name": "MENSAH PRAISE CHIOMA",
    "failed_courses": [
      {
        "course_code": "GNS124",
        "original_score": 24.0,
        "semester": "N-FIRST-YEAR-SECOND-SEMESTER",
        "set": "SET47",
        "resit_attempts": 0,
        "best_score": 24.0,
        "status": "Failed"
      },
      {
        "course_code": "GNS125",
        "original_score": 40.0,
        "semester": "N-FIRST-YEAR-SECOND-SEMESTER",
        "set": "SET47",
        "resit_attempts": 0,
        "best_score": 40.0,
        "status": "Failed"
      },
      {
        "course_code": "GNS127",
        "original_score": 30.0,
        "semester": "N-FIRST-YEAR-SECOND-SEMESTER",
        "set": "SET47",
        "resit_attempts": 0,
        "best_score": 30.0,
        "status": "Failed"
      },
      {
        "course_code": "GNS128",
        "original_score": 47.0,
        "semester": "N-FIRST-YEAR-SECOND-SEMESTER",
        "set": "SET47",
        "resit_attempts": 0,
        "best_score": 47.0,
        "status": "Failed"
      }
    ],
    "semester": "N-FIRST-YEAR-SECOND-SEMESTER",
    "set": "SET47",
    "identified_date": "2025-11-17 16:31:08",
    "total_resit_attempts": 0,
    "status": "Active",
    "probation_status": false
  },
  {
    "exam_number": "7553",
    "name": "MICHAEL  OGHENEKOME FAVOUR",
    "failed_courses": [
      {
        "course_code": "GNS121",
        "original_score": 32.0,
        "semester": "N-FIRST-YEAR-SECOND-SEMESTER",
        "set": "SET47",
        "resit_attempts": 0,
        "best_score": 32.0,
        "status": "Failed"
      }
    ],
    "semester": "N-FIRST-YEAR-SECOND-SEMESTER",
    "set": "SET47",
    "identified_date": "2025-11-17 16:31:08",
    "total_resit_attempts": 0,
    "status": "Active",
    "probation_status": false
  },
  {
    "exam_number": "7555",
    "name": "MOHAMMED  SULEIMAN",
    "failed_courses": [
      {
        "course_code": "GNS124",
        "original_score": 16.0,
        "semester": "N-FIRST-YEAR-SECOND-SEMESTER",
        "set": "SET47",
        "resit_attempts": 0,
        "best_score": 16.0,
        "status": "Failed"
      },
      {
        "course_code": "GNS125",
        "original_score": 42.0,
        "semester": "N-FIRST-YEAR-SECOND-SEMESTER",
        "set": "SET47",
        "resit_attempts": 0,
        "best_score": 42.0,
        "status": "Failed"
      },
      {
        "course_code": "GNS126",
        "original_score": 41.0,
        "semester": "N-FIRST-YEAR-SECOND-SEMESTER",
        "set": "SET47",
        "resit_attempts": 0,
        "best_score": 41.0,
        "status": "Failed"
      }
    ],
    "semester": "N-FIRST-YEAR-SECOND-SEMESTER",
    "set": "SET47",
    "identified_date": "2025-11-17 16:31:08",
    "total_resit_attempts": 0,
    "status": "Active",
    "probation_status": false
  },
  {
    "exam_number": "7557",
    "name": "MOLOKWU ONYINYECHUKWU OLIVIA",
    "failed_courses": [
      {
        "course_code": "GNS121",
        "original_score": 31.0,
        "semester": "N-FIRST-YEAR-SECOND-SEMESTER",
        "set": "SET47",
        "resit_attempts": 0,
        "best_score": 31.0,
        "status": "Failed"
      },
      {
        "course_code": "GNS123",
        "original_score": 45.0,
        "semester": "N-FIRST-YEAR-SECOND-SEMESTER",
        "set": "SET47",
        "resit_attempts": 0,
        "best_score": 45.0,
        "status": "Failed"
      },
      {
        "course_code": "GNS124",
        "original_score": 20.0,
        "semester": "N-FIRST-YEAR-SECOND-SEMESTER",
        "set": "SET47",
        "resit_attempts": 0,
        "best_score": 20.0,
        "status": "Failed"
      },
      {
        "course_code": "GNS125",
        "original_score": 43.0,
        "semester": "N-FIRST-YEAR-SECOND-SEMESTER",
        "set": "SET47",
        "resit_attempts": 0,
        "best_score": 43.0,
        "status": "Failed"
      }
    ],
    "semester": "N-FIRST-YEAR-SECOND-SEMESTER",
    "set": "SET47",
    "identified_date": "2025-11-17 16:31:08",
    "total_resit_attempts": 0,
    "status": "Active",
    "probation_status": false
  },
  {
    "exam_number": "7559",
    "name": "MOSES VICTORY ESHIOFUNE",
    "failed_courses": [
      {
        "course_code": "GNS121",
        "original_score": 30.0,
        "semester": "N-FIRST-YEAR-SECOND-SEMESTER",
        "set": "SET47",
        "resit_attempts": 0,
        "best_score": 30.0,
        "status": "Failed"
      },
      {
        "course_code": "GNS123",
        "original_score": 37.0,
        "semester": "N-FIRST-YEAR-SECOND-SEMESTER",
        "set": "SET47",
        "resit_attempts": 0,
        "best_score": 37.0,
        "status": "Failed"
      },
      {
        "course_code": "GNS128",
        "original_score": 33.0,
        "semester": "N-FIRST-YEAR-SECOND-SEMESTER",
        "set": "SET47",
        "resit_attempts": 0,
        "best_score": 33.0,
        "status": "Failed"
      }
    ],
    "semester": "N-FIRST-YEAR-SECOND-SEMESTER",
    "set": "SET47",
    "identified_date": "2025-11-17 16:31:08",
    "total_resit_attempts": 0,
    "status": "Active",
    "probation_status": true
  },
  {
    "exam_number": "7579",
    "name": "ODEAHAN ITOHAN ABIGAIL",
    "failed_courses": [
      {
        "course_code": "GNS125",
        "original_score": 36.0,
        "semester": "N-FIRST-YEAR-SECOND-SEMESTER",
        "set": "SET47",
        "resit_attempts": 0,
        "best_score": 36.0,
        "status": "Failed"
      },
      {
        "course_code": "GNS128",
        "original_score": 32.0,
        "semester": "N-FIRST-YEAR-SECOND-SEMESTER",
        "set": "SET47",
        "resit_attempts": 0,
        "best_score": 32.0,
        "status": "Failed"
      }
    ],
    "semester": "N-FIRST-YEAR-SECOND-SEMESTER",
    "set": "SET47",
    "identified_date": "2025-11-17 16:31:08",
    "total_resit_attempts": 0,
    "status": "Active",
    "probation_status": false
  },
  {
    "exam_number": "7581",
    "name": "OKAM BELIEVE  ONENO",
    "failed_courses": [
      {
        "course_code": "GNS124",
        "original_score": 31.0,
        "semester": "N-FIRST-YEAR-SECOND-SEMESTER",
        "set": "SET47",
        "resit_attempts": 0,
        "best_score": 31.0,
        "status": "Failed"
      },
      {
        "course_code": "GNS126",
        "original_score": 24.0,
        "semester": "N-FIRST-YEAR-SECOND-SEMESTER",
        "set": "SET47",
        "resit_attempts": 0,
        "best_score": 24.0,
        "status": "Failed"
      },
      {
        "course_code": "GNS127",
        "original_score": 47.0,
        "semester": "N-FIRST-YEAR-SECOND-SEMESTER",
        "set": "SET47",
        "resit_attempts": 0,
        "best_score": 47.0,
        "status": "Failed"
      }
    ],
    "semester": "N-FIRST-YEAR-SECOND-SEMESTER",
    "set": "SET47",
    "identified_date": "2025-11-17 16:31:08",
    "total_resit_attempts": 0,
    "status": "Active",
    "probation_status": false
  },
  {
    "exam_number": "7593",
    "name": "OSIPITAN ESTHER ARIBIYO",
    "failed_courses": [
      {
        "course_code": "GNS124",
        "original_score": 48.0,
        "semester": "N-FIRST-YEAR-SECOND-SEMESTER",
        "set": "SET47",
        "resit_attempts": 0,
        "best_score": 48.0,
        "status": "Failed"
      },
      {
        "course_code": "GNS125",
        "original_score": 30.0,
        "semester": "N-FIRST-YEAR-SECOND-SEMESTER",
        "set": "SET47",
        "resit_attempts": 0,
        "best_score": 30.0,
        "status": "Failed"
      },
      {
        "course_code": "GNS126",
        "original_score": 35.0,
        "semester": "N-FIRST-YEAR-SECOND-SEMESTER",
        "set": "SET47",
        "resit_attempts": 0,
        "best_score": 35.0,
        "status": "Failed"
      },
      {
        "course_code": "GNS127",
        "original_score": 47.0,
        "semester": "N-FIRST-YEAR-SECOND-SEMESTER",
        "set": "SET47",
        "resit_attempts": 0,
        "best_score": 47.0,
        "status": "Failed"
      },
      {
        "course_code": "GNS128",
        "original_score": 28.0,
        "semester": "N-FIRST-YEAR-SECOND-SEMESTER",
        "set": "SET47",
        "resit_attempts": 0,
        "best_score": 28.0,
        "status": "Failed"
      }
    ],
    "semester": "N-FIRST-YEAR-SECOND-SEMESTER",
    "set": "SET47",
    "identified_date": "2025-11-17 16:31:08",
    "total_resit_attempts": 0,
    "status": "Active",
    "probation_status": false
  },
  {
    "exam_number": "7605",
    "name": "SAMSON ERNEST ALLU",
    "failed_courses": [
      {
        "course_code": "GNS123",
        "original_score": 44.0,
        "semester": "N-FIRST-YEAR-SECOND-SEMESTER",
        "set": "SET47",
        "resit_attempts": 0,
        "best_score": 44.0,
        "status": "Failed"
      },
      {
        "course_code": "GNS126",
        "original_score": 46.0,
        "semester": "N-FIRST-YEAR-SECOND-SEMESTER",
        "set": "SET47",
        "resit_attempts": 0,
        "best_score": 46.0,
        "status": "Failed"
      },
      {
        "course_code": "GNS127",
        "original_score": 48.0,
        "semester": "N-FIRST-YEAR-SECOND-SEMESTER",
        "set": "SET47",
        "resit_attempts": 0,
        "best_score": 48.0,
        "status": "Failed"
      },
      {
        "course_code": "GNS128",
        "original_score": 47.0,
        "semester": "N-FIRST-YEAR-SECOND-SEMESTER",
        "set": "SET47",
        "resit_attempts": 0,
        "best_score": 47.0,
        "status": "Failed"
      }
    ],
    "semester": "N-FIRST-YEAR-SECOND-SEMESTER",
    "set": "SET47",
    "identified_date": "2025-11-17 16:31:08",
    "total_resit_attempts": 0,
    "status": "Active",
    "probation_status": false
  },
  {
    "exam_number": "7607",
    "name": "SANUSI MABEL",
    "failed_courses": [
      {
        "course_code": "GNS123",
        "original_score": 32.0,
        "semester": "N-FIRST-YEAR-SECOND-SEMESTER",
        "set": "SET47",
        "resit_attempts": 0,
        "best_score": 32.0,
        "status": "Failed"
      },
      {
        "course_code": "GNS124",
        "original_score": 28.0,
        "semester": "N-FIRST-YEAR-SECOND-SEMESTER",
        "set": "SET47",
        "resit_attempts": 0,
        "best_score": 28.0,
        "status": "Failed"
      },
      {
        "course_code": "GNS125",
        "original_score": 28.0,
        "semester": "N-FIRST-YEAR-SECOND-SEMESTER",
        "set": "SET47",
        "resit_attempts": 0,
        "best_score": 28.0,
        "status": "Failed"
      }
    ],
    "semester": "N-FIRST-YEAR-SECOND-SEMESTER",
    "set": "SET47",
    "identified_date": "2025-11-17 16:31:08",
    "total_resit_attempts": 0,
    "status": "Active",
    "probation_status": false
  },
  {
    "exam_number": "7613",
    "name": "SOLOMON  SHEDRACH ANYUDO",
    "failed_courses": [
      {
        "course_code": "GNS123",
        "original_score": 42.0,
        "semester": "N-FIRST-YEAR-SECOND-SEMESTER",
        "set": "SET47",
        "resit_attempts": 0,
        "best_score": 42.0,
        "status": "Failed"
      },
      {
        "course_code": "GNS125",
        "original_score": 33.0,
        "semester": "N-FIRST-YEAR-SECOND-SEMESTER",
        "set": "SET47",
        "resit_attempts": 0,
        "best_score": 33.0,
        "status": "Failed"
      },
      {
        "course_code": "GNS126",
        "original_score": 28.0,
        "semester": "N-FIRST-YEAR-SECOND-SEMESTER",
        "set": "SET47",
        "resit_attempts": 0,
        "best_score": 28.0,
        "status": "Failed"
      },
      {
        "course_code": "GNS128",
        "original_score": 48.0,
        "semester": "N-FIRST-YEAR-SECOND-SEMESTER",
        "set": "SET47",
        "resit_attempts": 0,
        "best_score": 48.0,
        "status": "Failed"
      }
    ],
    "semester": "N-FIRST-YEAR-SECOND-SEMESTER",
    "set": "SET47",
    "identified_date": "2025-11-17 16:31:08",
    "total_resit_attempts": 0,
    "status": "Active",
    "probation_status": false
  },
  {
    "exam_number": "7617",
    "name": "TAIWO HOPE",
    "failed_courses": [
      {
        "course_code": "GNS122",
        "original_score": 48.0,
        "semester": "N-FIRST-YEAR-SECOND-SEMESTER",
        "set": "SET47",
        "resit_attempts": 0,
        "best_score": 48.0,
        "status": "Failed"
      },
      {
        "course_code": "GNS125",
        "original_score": 8.0,
        "semester": "N-FIRST-YEAR-SECOND-SEMESTER",
        "set": "SET47",
        "resit_attempts": 0,
        "best_score": 8.0,
        "status": "Failed"
      }
    ],
    "semester": "N-FIRST-YEAR-SECOND-SEMESTER",
    "set": "SET47",
    "identified_date": "2025-11-17 16:31:08",
    "total_resit_attempts": 0,
    "status": "Active",
    "probation_status": false
  },
  {
    "exam_number": "7618",
    "name": "THEOPHILUS BUKOLA CHRYSOPRASE",
    "failed_courses": [
      {
        "course_code": "GNS121",
        "original_score": 34.0,
        "semester": "N-FIRST-YEAR-SECOND-SEMESTER",
        "set": "SET47",
        "resit_attempts": 0,
        "best_score": 34.0,
        "status": "Failed"
      },
      {
        "course_code": "GNS122",
        "original_score": 40.0,
        "semester": "N-FIRST-YEAR-SECOND-SEMESTER",
        "set": "SET47",
        "resit_attempts": 0,
        "best_score": 40.0,
        "status": "Failed"
      },
      {
        "course_code": "GNS123",
        "original_score": 47.0,
        "semester": "N-FIRST-YEAR-SECOND-SEMESTER",
        "set": "SET47",
        "resit_attempts": 0,
        "best_score": 47.0,
        "status": "Failed"
      }
    ],
    "semester": "N-FIRST-YEAR-SECOND-SEMESTER",
    "set": "SET47",
    "identified_date": "2025-11-17 16:31:08",
    "total_resit_attempts": 0,
    "status": "Active",
    "probation_status": false
  },
  {
    "exam_number": "7619",
    "name": "TUKUR COMFORT",
    "failed_courses": [
      {
        "course_code": "GNS124",
        "original_score": 48.0,
        "semester": "N-FIRST-YEAR-SECOND-SEMESTER",
        "set": "SET47",
        "resit_attempts": 0,
        "best_score": 48.0,
        "status": "Failed"
      },
      {
        "course_code": "GNS125",
        "original_score": 28.0,
        "semester": "N-FIRST-YEAR-SECOND-SEMESTER",
        "set": "SET47",
        "resit_attempts": 0,
        "best_score": 28.0,
        "status": "Failed"
      },
      {
        "course_code": "GNS128",
        "original_score": 34.0,
        "semester": "N-FIRST-YEAR-SECOND-SEMESTER",
        "set": "SET47",
        "resit_attempts": 0,
        "best_score": 34.0,
        "status": "Failed"
      }
    ],
    "semester": "N-FIRST-YEAR-SECOND-SEMESTER",
    "set": "SET47",
    "identified_date": "2025-11-17 16:31:08",
    "total_resit_attempts": 0,
    "status": "Active",
    "probation_status": false
  },
  {
    "exam_number": "7626",
    "name": "UNUABOR PHILIP OSEIWE",
    "failed_courses": [
      {
        "course_code": "GNS124",
        "original_score": 36.0,
        "semester": "N-FIRST-YEAR-SECOND-SEMESTER",
        "set": "SET47",
        "resit_attempts": 0,
        "best_score": 36.0,
        "status": "Failed"
      },
      {
        "course_code": "GNS126",
        "original_score": 41.0,
        "semester": "N-FIRST-YEAR-SECOND-SEMESTER",
        "set": "SET47",
        "resit_attempts": 0,
        "best_score": 41.0,
        "status": "Failed"
      },
      {
        "course_code": "GNS127",
        "original_score": 46.0,
        "semester": "N-FIRST-YEAR-SECOND-SEMESTER",
        "set": "SET47",
        "resit_attempts": 0,
        "best_score": 46.0,
        "status": "Failed"
      },
      {
        "course_code": "GNS128",
        "original_score": 28.0,
        "semester": "N-FIRST-YEAR-SECOND-SEMESTER",
        "set": "SET47",
        "resit_attempts": 0,
        "best_score": 28.0,
        "status": "Failed"
      }
    ],
    "semester": "N-FIRST-YEAR-SECOND-SEMESTER",
    "set": "SET47",
    "identified_date": "2025-11-17 16:31:08",
    "total_resit_attempts": 0,
    "status": "Active",
    "probation_status": false
  }
]