ND CARRYOVER RESULT REPORT,,,,,
FCT COLLEGE OF NURSING SCIENCES,,,,,
ND Set: ND-2024,,,,,
ND Semester: ND-FIRST-YEAR-FIRST-SEMESTER,,,,,
,,,,,
ND STUDENT INFORMATION,,,,,
Exam Number:,FCTCONS/ND24/098,,,,
Name:,SULEIMAN MARYAM HARUNA,,,,
,,,,,
ND PREVIOUS GPAs,,,,,
,,,,,
ND CURRENT ACADEMIC RECORD,,,,,
Current GPA:,2.76,,,,
Current CGPA:,2.76,,,,
,,,,,
ND RESIT COURSES,,,,,
Course Code,Course Title,Credit Unit,Original Score,Resit Score,Status
NUS112,Applied Physics,2.0,40.0,64.0,PASSED
NUS113,Human Anatomy I,4.0,34.0,72.0,PASSED
NUS114,Human Physiology I,2.0,36.0,80.0,PASSED
