ND CARRYOVER RESULT REPORT,,,,,
FCT COLLEGE OF NURSING SCIENCES,,,,,
ND Set: ND-2024,,,,,
ND Semester: ND-FIRST-YEAR-FIRST-SEMESTER,,,,,
,,,,,
ND STUDENT INFORMATION,,,,,
Exam Number:,FCTCONS/ND24/093,,,,
Name:,AMEH PRAISE CHRISTIANA,,,,
,,,,,
ND PREVIOUS GPAs,,,,,
,,,,,
ND CURRENT ACADEMIC RECORD,,,,,
Current GPA:,1.56,,,,
Current CGPA:,1.56,,,,
,,,,,
ND RESIT COURSES,,,,,
Course Code,Course Title,Credit Unit,Original Score,Resit Score,Status
GNS111,Citizenship Education I,2.0,24.0,78.0,PASSED
NUR111,Foundations of Nursing/ Emergency Care I,4.0,31.0,78.0,PASSED
NUS111,Applied Chemistry,2.0,46.0,72.0,PASSED
NUS113,Human Anatomy I,4.0,30.0,72.0,PASSED
NUS115,Introduction to Sociology,2.0,46.0,67.0,PASSED
NUS116,Use of Computer,2.0,26.0,75.0,PASSED
NUS117,Medical Microbiology,3.0,44.0,73.0,PASSED
