ND CARRYOVER RESULT REPORT,,,,,
FCT COLLEGE OF NURSING SCIENCES,,,,,
ND Set: ND-2024,,,,,
ND Semester: ND-FIRST-YEAR-FIRST-SEMESTER,,,,,
,,,,,
ND STUDENT INFORMATION,,,,,
Exam Number:,FCTCONS/ND24/107,,,,
Name:,OTTO QUEEN UBUGHENAAN,,,,
,,,,,
ND PREVIOUS GPAs,,,,,
,,,,,
ND CURRENT ACADEMIC RECORD,,,,,
Current GPA:,1.4,,,,
Current CGPA:,1.4,,,,
,,,,,
ND RESIT COURSES,,,,,
Course Code,Course Title,Credit Unit,Original Score,Resit Score,Status
GNS111,Citizenship Education I,2.0,34.0,56.0,PASSED
NUR111,Foundations of Nursing/ Emergency Care I,4.0,22.0,64.0,PASSED
NUS111,Applied Chemistry,2.0,8.0,60.0,PASSED
NUS112,Applied Physics,2.0,24.0,59.0,PASSED
NUS114,Human Physiology I,2.0,20.0,56.0,PASSED
NUS116,Use of Computer,2.0,21.0,76.0,PASSED
