ND CARRYOVER RESULT REPORT,,,,,
FCT COLLEGE OF NURSING SCIENCES,,,,,
ND Set: ND-2024,,,,,
ND Semester: ND-FIRST-YEAR-FIRST-SEMESTER,,,,,
,,,,,
ND STUDENT INFORMATION,,,,,
Exam Number:,FCTCONS/ND24/036,,,,
Name:,UGWUOKE RUTH ODINAKA,,,,
,,,,,
ND PREVIOUS GPAs,,,,,
,,,,,
ND CURRENT ACADEMIC RECORD,,,,,
Current GPA:,1.36,,,,
Current CGPA:,1.36,,,,
,,,,,
ND RESIT COURSES,,,,,
Course Code,Course Title,Credit Unit,Original Score,Resit Score,Status
GNS102,Communication in English I,2.0,22.0,70.0,PASSED
NUR111,Foundations of Nursing/ Emergency Care I,4.0,16.0,51.0,PASSED
NUS113,Human Anatomy I,4.0,42.0,71.0,PASSED
NUS114,Human Physiology I,2.0,38.0,65.0,PASSED
NUS115,Introduction to Sociology,2.0,41.0,72.0,PASSED
NUS116,Use of Computer,2.0,46.0,54.0,PASSED
NUS117,Medical Microbiology,3.0,34.0,68.0,PASSED
