ND CARRYOVER RESULT REPORT,,,,,
FCT COLLEGE OF NURSING SCIENCES,,,,,
ND Set: ND-2024,,,,,
ND Semester: ND-FIRST-YEAR-FIRST-SEMESTER,,,,,
,,,,,
ND STUDENT INFORMATION,,,,,
Exam Number:,FCTCONS/ND24/047,,,,
Name:,EZRA NEEWOSULO,,,,
,,,,,
ND PREVIOUS GPAs,,,,,
,,,,,
ND CURRENT ACADEMIC RECORD,,,,,
Current GPA:,1.96,,,,
Current CGPA:,1.96,,,,
,,,,,
ND RESIT COURSES,,,,,
Course Code,Course Title,Credit Unit,Original Score,Resit Score,Status
GNS111,Citizenship Education I,2.0,13.0,61.0,PASSED
NUS112,Applied Physics,2.0,32.0,56.0,PASSED
NUS113,Human Anatomy I,4.0,42.0,74.0,PASSED
NUS115,Introduction to Sociology,2.0,38.0,62.0,PASSED
NUS116,Use of Computer,2.0,12.0,55.0,PASSED
NUS117,Medical Microbiology,3.0,43.0,68.0,PASSED
