ND CARRYOVER RESULT REPORT,,,,,
FCT COLLEGE OF NURSING SCIENCES,,,,,
ND Set: ND-2024,,,,,
ND Semester: ND-FIRST-YEAR-FIRST-SEMESTER,,,,,
,,,,,
ND STUDENT INFORMATION,,,,,
Exam Number:,FCTCONS/ND24/054,,,,
Name:,BINCHAK DIANA RINGNAN,,,,
,,,,,
ND PREVIOUS GPAs,,,,,
,,,,,
ND CURRENT ACADEMIC RECORD,,,,,
Current GPA:,2.28,,,,
Current CGPA:,2.28,,,,
,,,,,
ND RESIT COURSES,,,,,
Course Code,Course Title,Credit Unit,Original Score,Resit Score,Status
GNS102,Communication in English I,2.0,47.0,77.0,PASSED
NUS112,Applied Physics,2.0,46.0,75.0,PASSED
NUS113,Human Anatomy I,4.0,36.0,54.0,PASSED
NUS115,Introduction to Sociology,2.0,43.0,56.0,PASSED
NUS116,Use of Computer,2.0,30.0,78.0,PASSED
