ND CARRYOVER RESULT REPORT,,,,,
FCT COLLEGE OF NURSING SCIENCES,,,,,
ND Set: ND-2024,,,,,
ND Semester: ND-FIRST-YEAR-FIRST-SEMESTER,,,,,
,,,,,
ND STUDENT INFORMATION,,,,,
Exam Number:,FCTCONS/ND24/027,,,,
Name:,BABAJI BENI DENNIS,,,,
,,,,,
ND PREVIOUS GPAs,,,,,
,,,,,
ND CURRENT ACADEMIC RECORD,,,,,
Current GPA:,2.52,,,,
Current CGPA:,2.52,,,,
,,,,,
ND RESIT COURSES,,,,,
Course Code,Course Title,Credit Unit,Original Score,Resit Score,Status
GNS111,Citizenship Education I,2.0,29.0,72.0,PASSED
NUS111,Applied Chemistry,2.0,24.0,58.0,PASSED
NUS112,Applied Physics,2.0,16.0,50.0,PASSED
NUS117,Medical Microbiology,3.0,44.0,67.0,PASSED
