ND CARRYOVER RESULT REPORT,,,,,
FCT COLLEGE OF NURSING SCIENCES,,,,,
ND Set: ND-2024,,,,,
ND Semester: ND-FIRST-YEAR-FIRST-SEMESTER,,,,,
,,,,,
ND STUDENT INFORMATION,,,,,
Exam Number:,FCTCONS/ND24/111,,,,
Name:,STANLEY SURELY ALI,,,,
,,,,,
ND PREVIOUS GPAs,,,,,
,,,,,
ND CURRENT ACADEMIC RECORD,,,,,
Current GPA:,1.32,,,,
Current CGPA:,1.32,,,,
,,,,,
ND RESIT COURSES,,,,,
Course Code,Course Title,Credit Unit,Original Score,Resit Score,Status
GNS111,Citizenship Education I,2.0,44.0,66.0,PASSED
NUS111,Applied Chemistry,2.0,34.0,78.0,PASSED
NUS112,Applied Physics,2.0,48.0,58.0,PASSED
NUS113,Human Anatomy I,4.0,26.0,55.0,PASSED
NUS114,Human Physiology I,2.0,44.0,69.0,PASSED
NUS115,Introduction to Sociology,2.0,30.0,64.0,PASSED
NUS116,Use of Computer,2.0,37.0,65.0,PASSED
NUS117,Medical Microbiology,3.0,42.0,74.0,PASSED
