ND CARRYOVER RESULT REPORT,,,,,
FCT COLLEGE OF NURSING SCIENCES,,,,,
ND Set: ND-2024,,,,,
ND Semester: ND-FIRST-YEAR-FIRST-SEMESTER,,,,,
,,,,,
ND STUDENT INFORMATION,,,,,
Exam Number:,FCTCONS/ND24/087,,,,
Name:,AYODELE MUMEENAT DADA,,,,
,,,,,
ND PREVIOUS GPAs,,,,,
,,,,,
ND CURRENT ACADEMIC RECORD,,,,,
Current GPA:,2.4,,,,
Current CGPA:,2.4,,,,
,,,,,
ND RESIT COURSES,,,,,
Course Code,Course Title,Credit Unit,Original Score,Resit Score,Status
GNS102,Communication in English I,2.0,36.0,50.0,PASSED
NUS112,Applied Physics,2.0,36.0,76.0,PASSED
NUS113,Human Anatomy I,4.0,20.0,70.0,PASSED
NUS115,Introduction to Sociology,2.0,48.0,55.0,PASSED
NUS116,Use of Computer,2.0,43.0,68.0,PASSED
