ND CARRYOVER RESULT REPORT,,,,,
FCT COLLEGE OF NURSING SCIENCES,,,,,
ND Set: ND-2024,,,,,
ND Semester: ND-FIRST-YEAR-FIRST-SEMESTER,,,,,
,,,,,
ND STUDENT INFORMATION,,,,,
Exam Number:,FCTCONS/ND24/129,,,,
Name:,SAMUEL BEVERLY WENGIEBINIMI,,,,
,,,,,
ND PREVIOUS GPAs,,,,,
,,,,,
ND CURRENT ACADEMIC RECORD,,,,,
Current GPA:,2.6,,,,
Current CGPA:,2.6,,,,
,,,,,
ND RESIT COURSES,,,,,
Course Code,Course Title,Credit Unit,Original Score,Resit Score,Status
NUS113,Human Anatomy I,4.0,46.0,77.0,PASSED
NUS115,Introduction to Sociology,2.0,16.0,70.0,PASSED
NUS116,Use of Computer,2.0,32.0,73.0,PASSED
