ND CARRYOVER RESULT REPORT,,,,,
FCT COLLEGE OF NURSING SCIENCES,,,,,
ND Set: ND-2024,,,,,
ND Semester: ND-FIRST-YEAR-FIRST-SEMESTER,,,,,
,,,,,
ND STUDENT INFORMATION,,,,,
Exam Number:,FCTCONS/ND24/117,,,,
Name:,EDE FAVOUR OGBA,,,,
,,,,,
ND PREVIOUS GPAs,,,,,
,,,,,
ND CURRENT ACADEMIC RECORD,,,,,
Current GPA:,1.88,,,,
Current CGPA:,1.88,,,,
,,,,,
ND RESIT COURSES,,,,,
Course Code,Course Title,Credit Unit,Original Score,Resit Score,Status
NUR111,Foundations of Nursing/ Emergency Care I,4.0,42.0,61.0,PASSED
NUS111,Applied Chemistry,2.0,18.0,68.0,PASSED
NUS113,Human Anatomy I,4.0,42.0,51.0,PASSED
NUS115,Introduction to Sociology,2.0,28.0,70.0,PASSED
NUS116,Use of Computer,2.0,31.0,68.0,PASSED
