ND CARRYOVER RESULT REPORT,,,,,
FCT COLLEGE OF NURSING SCIENCES,,,,,
ND Set: ND-2024,,,,,
ND Semester: ND-FIRST-YEAR-FIRST-SEMESTER,,,,,
,,,,,
ND STUDENT INFORMATION,,,,,
Exam Number:,FCTCONS/ND24/103,,,,
Name:,WAKILI SHEJIYABA CONFIDENCE,,,,
,,,,,
ND PREVIOUS GPAs,,,,,
,,,,,
ND CURRENT ACADEMIC RECORD,,,,,
Current GPA:,2.96,,,,
Current CGPA:,2.96,,,,
,,,,,
ND RESIT COURSES,,,,,
Course Code,Course Title,Credit Unit,Original Score,Resit Score,Status
NUS114,Human Physiology I,2.0,48.0,60.0,PASSED
NUS115,Introduction to Sociology,2.0,48.0,73.0,PASSED
NUS117,Medical Microbiology,3.0,27.0,77.0,PASSED
