ND CARRYOVER RESULT REPORT,,,,,
FCT COLLEGE OF NURSING SCIENCES,,,,,
ND Set: ND-2024,,,,,
ND Semester: ND-FIRST-YEAR-FIRST-SEMESTER,,,,,
,,,,,
ND STUDENT INFORMATION,,,,,
Exam Number:,FCTCONS/ND24/035,,,,
Name:,AGBOOLA OLATOMIWA,,,,
,,,,,
ND PREVIOUS GPAs,,,,,
,,,,,
ND CURRENT ACADEMIC RECORD,,,,,
Current GPA:,3.2,,,,
Current CGPA:,3.2,,,,
,,,,,
ND RESIT COURSES,,,,,
Course Code,Course Title,Credit Unit,Original Score,Resit Score,Status
GNS111,Citizenship Education I,2.0,24.0,79.0,PASSED
NUS112,Applied Physics,2.0,16.0,56.0,PASSED
NUS115,Introduction to Sociology,2.0,24.0,77.0,PASSED
NUS116,Use of Computer,2.0,49.0,67.0,PASSED
