ND CARRYOVER RESULT REPORT,,,,,
FCT COLLEGE OF NURSING SCIENCES,,,,,
ND Set: ND-2024,,,,,
ND Semester: ND-FIRST-YEAR-FIRST-SEMESTER,,,,,
,,,,,
ND STUDENT INFORMATION,,,,,
Exam Number:,FCTCONS/ND24/065,,,,
Name:,AMOS DORCAS,,,,
,,,,,
ND PREVIOUS GPAs,,,,,
,,,,,
ND CURRENT ACADEMIC RECORD,,,,,
Current GPA:,1.32,,,,
Current CGPA:,1.32,,,,
,,,,,
ND RESIT COURSES,,,,,
Course Code,Course Title,Credit Unit,Original Score,Resit Score,Status
GNS102,Communication in English I,2.0,40.0,62.0,PASSED
NUR111,Foundations of Nursing/ Emergency Care I,4.0,38.0,69.0,PASSED
NUS111,Applied Chemistry,2.0,44.0,58.0,PASSED
NUS112,Applied Physics,2.0,13.0,63.0,PASSED
NUS113,Human Anatomy I,4.0,46.0,65.0,PASSED
NUS114,Human Physiology I,2.0,47.0,58.0,PASSED
NUS115,Introduction to Sociology,2.0,22.0,67.0,PASSED
NUS116,Use of Computer,2.0,12.0,59.0,PASSED
