ND CARRYOVER RESULT REPORT,,,,,
FCT COLLEGE OF NURSING SCIENCES,,,,,
ND Set: ND-2024,,,,,
ND Semester: ND-FIRST-YEAR-FIRST-SEMESTER,,,,,
,,,,,
ND STUDENT INFORMATION,,,,,
Exam Number:,FCTCONS/ND24/128,,,,
Name:,CHIME KENECHI PAULINE,,,,
,,,,,
ND PREVIOUS GPAs,,,,,
,,,,,
ND CURRENT ACADEMIC RECORD,,,,,
Current GPA:,2.84,,,,
Current CGPA:,2.84,,,,
,,,,,
ND RESIT COURSES,,,,,
Course Code,Course Title,Credit Unit,Original Score,Resit Score,Status
GNS102,Communication in English I,2.0,43.0,56.0,PASSED
GNS111,Citizenship Education I,2.0,27.0,79.0,PASSED
NUS111,Applied Chemistry,2.0,48.0,58.0,PASSED
NUS113,Human Anatomy I,4.0,35.0,74.0,PASSED
