ND CARRYOVER RESULT REPORT,,,,,
FCT COLLEGE OF NURSING SCIENCES,,,,,
ND Set: ND-2024,,,,,
ND Semester: ND-FIRST-YEAR-FIRST-SEMESTER,,,,,
,,,,,
ND STUDENT INFORMATION,,,,,
Exam Number:,FCTCONS/ND24/031,,,,
Name:,MUHAMMAD NANA AISHA,,,,
,,,,,
ND PREVIOUS GPAs,,,,,
,,,,,
ND CURRENT ACADEMIC RECORD,,,,,
Current GPA:,2.44,,,,
Current CGPA:,2.44,,,,
,,,,,
ND RESIT COURSES,,,,,
Course Code,Course Title,Credit Unit,Original Score,Resit Score,Status
GNS111,Citizenship Education I,2.0,35.0,68.0,PASSED
NUS111,Applied Chemistry,2.0,33.0,53.0,PASSED
NUS114,Human Physiology I,2.0,34.0,53.0,PASSED
NUS115,Introduction to Sociology,2.0,39.0,69.0,PASSED
NUS116,Use of Computer,2.0,47.0,52.0,PASSED
