ND CARRYOVER RESULT REPORT,,,,,
FCT COLLEGE OF NURSING SCIENCES,,,,,
ND Set: ND-2024,,,,,
ND Semester: ND-FIRST-YEAR-FIRST-SEMESTER,,,,,
,,,,,
ND STUDENT INFORMATION,,,,,
Exam Number:,FCTCONS/ND24/074,,,,
Name:,ILIYA QUEEN,,,,
,,,,,
ND PREVIOUS GPAs,,,,,
,,,,,
ND CURRENT ACADEMIC RECORD,,,,,
Current GPA:,1.68,,,,
Current CGPA:,1.68,,,,
,,,,,
ND RESIT COURSES,,,,,
Course Code,Course Title,Credit Unit,Original Score,Resit Score,Status
NUR111,Foundations of Nursing/ Emergency Care I,4.0,18.0,75.0,PASSED
NUS113,Human Anatomy I,4.0,48.0,57.0,PASSED
NUS115,Introduction to Sociology,2.0,31.0,51.0,PASSED
NUS116,Use of Computer,2.0,36.0,76.0,PASSED
NUS117,Medical Microbiology,3.0,38.0,75.0,PASSED
