ND CARRYOVER RESULT REPORT,,,,,
FCT COLLEGE OF NURSING SCIENCES,,,,,
ND Set: ND-2024,,,,,
ND Semester: ND-FIRST-YEAR-FIRST-SEMESTER,,,,,
,,,,,
ND STUDENT INFORMATION,,,,,
Exam Number:,FCTCONS/ND24/086,,,,
Name:,BARNABAS RITA SIMNOM,,,,
,,,,,
ND PREVIOUS GPAs,,,,,
,,,,,
ND CURRENT ACADEMIC RECORD,,,,,
Current GPA:,3.36,,,,
Current CGPA:,3.36,,,,
,,,,,
ND RESIT COURSES,,,,,
Course Code,Course Title,Credit Unit,Original Score,Resit Score,Status
NUS113,Human Anatomy I,4.0,46.0,54.0,PASSED
NUS114,Human Physiology I,2.0,44.0,54.0,PASSED
NUS117,Medical Microbiology,3.0,20.0,57.0,PASSED
