ND CARRYOVER RESULT REPORT,,,,,
FCT COLLEGE OF NURSING SCIENCES,,,,,
ND Set: ND-2024,,,,,
ND Semester: ND-FIRST-YEAR-FIRST-SEMESTER,,,,,
,,,,,
ND STUDENT INFORMATION,,,,,
Exam Number:,FCTCONS/ND24/118,,,,
Name:,EZEDIMBU MAKUOCHUKWU GOD’SCHOICE,,,,
,,,,,
ND PREVIOUS GPAs,,,,,
,,,,,
ND CURRENT ACADEMIC RECORD,,,,,
Current GPA:,1.48,,,,
Current CGPA:,1.48,,,,
,,,,,
ND RESIT COURSES,,,,,
Course Code,Course Title,Credit Unit,Original Score,Resit Score,Status
GNS111,Citizenship Education I,2.0,36.0,51.0,PASSED
NUR111,Foundations of Nursing/ Emergency Care I,4.0,29.0,69.0,PASSED
NUS112,Applied Physics,2.0,47.0,70.0,PASSED
NUS113,Human Anatomy I,4.0,36.0,77.0,PASSED
NUS116,Use of Computer,2.0,34.0,53.0,PASSED
NUS117,Medical Microbiology,3.0,43.0,69.0,PASSED
