ND CARRYOVER RESULT REPORT,,,,,
FCT COLLEGE OF NURSING SCIENCES,,,,,
ND Set: ND-2024,,,,,
ND Semester: ND-FIRST-YEAR-FIRST-SEMESTER,,,,,
,,,,,
ND STUDENT INFORMATION,,,,,
Exam Number:,FCTCONS/ND24/089,,,,
Name:,IJEOMA RUTH DABERECHUKWU,,,,
,,,,,
ND PREVIOUS GPAs,,,,,
,,,,,
ND CURRENT ACADEMIC RECORD,,,,,
Current GPA:,2.52,,,,
Current CGPA:,2.52,,,,
,,,,,
ND RESIT COURSES,,,,,
Course Code,Course Title,Credit Unit,Original Score,Resit Score,Status
GNS102,Communication in English I,2.0,45.0,64.0,PASSED
GNS111,Citizenship Education I,2.0,42.0,69.0,PASSED
NUR111,Foundations of Nursing/ Emergency Care I,4.0,45.0,73.0,PASSED
NUS111,Applied Chemistry,2.0,30.0,62.0,PASSED
NUS116,Use of Computer,2.0,16.0,75.0,PASSED
