ND CARRYOVER RESULT REPORT,,,,,
FCT COLLEGE OF NURSING SCIENCES,,,,,
ND Set: ND-2024,,,,,
ND Semester: ND-FIRST-YEAR-FIRST-SEMESTER,,,,,
,,,,,
ND STUDENT INFORMATION,,,,,
Exam Number:,FCTCONS/ND24/131,,,,
Name:,TIMOTHY FAITH,,,,
,,,,,
ND PREVIOUS GPAs,,,,,
,,,,,
ND CURRENT ACADEMIC RECORD,,,,,
Current GPA:,1.84,,,,
Current CGPA:,1.84,,,,
,,,,,
ND RESIT COURSES,,,,,
Course Code,Course Title,Credit Unit,Original Score,Resit Score,Status
GNS111,Citizenship Education I,2.0,46.0,71.0,PASSED
NUS111,Applied Chemistry,2.0,28.0,76.0,PASSED
NUS112,Applied Physics,2.0,39.0,52.0,PASSED
NUS113,Human Anatomy I,4.0,26.0,66.0,PASSED
NUS116,Use of Computer,2.0,22.0,65.0,PASSED
NUS117,Medical Microbiology,3.0,34.0,58.0,PASSED
