ND CARRYOVER RESULT REPORT,,,,,
FCT COLLEGE OF NURSING SCIENCES,,,,,
ND Set: ND-2024,,,,,
ND Semester: ND-FIRST-YEAR-FIRST-SEMESTER,,,,,
,,,,,
ND STUDENT INFORMATION,,,,,
Exam Number:,FCTCONS/ND24/090,,,,
Name:,ANYIDAKWO SHEKWOYEMI GAMBO,,,,
,,,,,
ND PREVIOUS GPAs,,,,,
,,,,,
ND CURRENT ACADEMIC RECORD,,,,,
Current GPA:,2.04,,,,
Current CGPA:,2.04,,,,
,,,,,
ND RESIT COURSES,,,,,
Course Code,Course Title,Credit Unit,Original Score,Resit Score,Status
GNS102,Communication in English I,2.0,34.0,60.0,PASSED
GNS111,Citizenship Education I,2.0,46.0,55.0,PASSED
NUR111,Foundations of Nursing/ Emergency Care I,4.0,26.0,55.0,PASSED
NUS113,Human Anatomy I,4.0,49.0,52.0,PASSED
NUS116,Use of Computer,2.0,22.0,63.0,PASSED
NUS117,Medical Microbiology,3.0,40.0,72.0,PASSED
