ND CARRYOVER RESULT REPORT,,,,,
FCT COLLEGE OF NURSING SCIENCES,,,,,
ND Set: ND-2024,,,,,
ND Semester: ND-FIRST-YEAR-FIRST-SEMESTER,,,,,
,,,,,
ND STUDENT INFORMATION,,,,,
Exam Number:,FCTCONS/ND24/059,,,,
Name:,OBORO MABEL OGHENEMARO,,,,
,,,,,
ND PREVIOUS GPAs,,,,,
,,,,,
ND CURRENT ACADEMIC RECORD,,,,,
Current GPA:,2.08,,,,
Current CGPA:,2.08,,,,
,,,,,
ND RESIT COURSES,,,,,
Course Code,Course Title,Credit Unit,Original Score,Resit Score,Status
NUR111,Foundations of Nursing/ Emergency Care I,4.0,16.0,64.0,PASSED
NUS113,Human Anatomy I,4.0,47.0,56.0,PASSED
NUS116,Use of Computer,2.0,16.0,54.0,PASSED
NUS117,Medical Microbiology,3.0,36.0,76.0,PASSED
