ND CARRYOVER RESULT REPORT,,,,,
FCT COLLEGE OF NURSING SCIENCES,,,,,
ND Set: ND-2024,,,,,
ND Semester: ND-FIRST-YEAR-FIRST-SEMESTER,,,,,
,,,,,
ND STUDENT INFORMATION,,,,,
Exam Number:,FCTCONS/ND24/025,,,,
Name:,ITEM PRAISEGOD CHIDOZIE,,,,
,,,,,
ND PREVIOUS GPAs,,,,,
,,,,,
ND CURRENT ACADEMIC RECORD,,,,,
Current GPA:,2.2,,,,
Current CGPA:,2.2,,,,
,,,,,
ND RESIT COURSES,,,,,
Course Code,Course Title,Credit Unit,Original Score,Resit Score,Status
GNS102,Communication in English I,2.0,44.0,62.0,PASSED
GNS111,Citizenship Education I,2.0,30.0,54.0,PASSED
NUR111,Foundations of Nursing/ Emergency Care I,4.0,48.0,51.0,PASSED
NUS111,Applied Chemistry,2.0,19.0,52.0,PASSED
NUS114,Human Physiology I,2.0,10.0,79.0,PASSED
NUS115,Introduction to Sociology,2.0,40.0,57.0,PASSED
