ND CARRYOVER RESULT REPORT,,,,,
FCT COLLEGE OF NURSING SCIENCES,,,,,
ND Set: ND-2024,,,,,
ND Semester: ND-FIRST-YEAR-FIRST-SEMESTER,,,,,
,,,,,
ND STUDENT INFORMATION,,,,,
Exam Number:,FCTCONS/ND24/115,,,,
Name:,YUNUS ZULEYHAT ONIZE,,,,
,,,,,
ND PREVIOUS GPAs,,,,,
,,,,,
ND CURRENT ACADEMIC RECORD,,,,,
Current GPA:,2.2,,,,
Current CGPA:,2.2,,,,
,,,,,
ND RESIT COURSES,,,,,
Course Code,Course Title,Credit Unit,Original Score,Resit Score,Status
GNS102,Communication in English I,2.0,46.0,65.0,PASSED
NUS111,Applied Chemistry,2.0,31.0,61.0,PASSED
NUS112,Applied Physics,2.0,45.0,80.0,PASSED
NUS113,Human Anatomy I,4.0,44.0,66.0,PASSED
NUS115,Introduction to Sociology,2.0,38.0,62.0,PASSED
NUS116,Use of Computer,2.0,26.0,57.0,PASSED
