ND CARRYOVER RESULT REPORT,,,,,
FCT COLLEGE OF NURSING SCIENCES,,,,,
ND Set: ND-2024,,,,,
ND Semester: ND-FIRST-YEAR-FIRST-SEMESTER,,,,,
,,,,,
ND STUDENT INFORMATION,,,,,
Exam Number:,FCTCONS/ND24/071,,,,
Name:,BOYI OJONUBA FRIDAY,,,,
,,,,,
ND PREVIOUS GPAs,,,,,
,,,,,
ND CURRENT ACADEMIC RECORD,,,,,
Current GPA:,2.56,,,,
Current CGPA:,2.56,,,,
,,,,,
ND RESIT COURSES,,,,,
Course Code,Course Title,Credit Unit,Original Score,Resit Score,Status
GNS102,Communication in English I,2.0,48.0,53.0,PASSED
NUR111,Foundations of Nursing/ Emergency Care I,4.0,42.0,74.0,PASSED
NUS113,Human Anatomy I,4.0,26.0,58.0,PASSED
NUS114,Human Physiology I,2.0,40.0,67.0,PASSED
