ND CARRYOVER RESULT REPORT,,,,,
FCT COLLEGE OF NURSING SCIENCES,,,,,
ND Set: ND-2024,,,,,
ND Semester: ND-FIRST-YEAR-FIRST-SEMESTER,,,,,
,,,,,
ND STUDENT INFORMATION,,,,,
Exam Number:,FCTCONS/ND24/091,,,,
Name:,DANLADI MERCY,,,,
,,,,,
ND PREVIOUS GPAs,,,,,
,,,,,
ND CURRENT ACADEMIC RECORD,,,,,
Current GPA:,3.6,,,,
Current CGPA:,3.6,,,,
,,,,,
ND RESIT COURSES,,,,,
Course Code,Course Title,Credit Unit,Original Score,Resit Score,Status
NUS114,Human Physiology I,2.0,47.0,64.0,PASSED
NUS115,Introduction to Sociology,2.0,37.0,57.0,PASSED
NUS117,Medical Microbiology,3.0,36.0,60.0,PASSED
