ND CARRYOVER RESULT REPORT,,,,,
FCT COLLEGE OF NURSING SCIENCES,,,,,
ND Set: ND-2024,,,,,
ND Semester: ND-FIRST-YEAR-FIRST-SEMESTER,,,,,
,,,,,
ND STUDENT INFORMATION,,,,,
Exam Number:,FCTCONS/ND24/067,,,,
Name:,ADEGOKE MARVELLOUS ARAMIDE,,,,
,,,,,
ND PREVIOUS GPAs,,,,,
,,,,,
ND CURRENT ACADEMIC RECORD,,,,,
Current GPA:,2.24,,,,
Current CGPA:,2.24,,,,
,,,,,
ND RESIT COURSES,,,,,
Course Code,Course Title,Credit Unit,Original Score,Resit Score,Status
GNS102,Communication in English I,2.0,42.0,73.0,PASSED
GNS111,Citizenship Education I,2.0,16.0,72.0,PASSED
NUR111,Foundations of Nursing/ Emergency Care I,4.0,46.0,55.0,PASSED
NUS111,Applied Chemistry,2.0,36.0,67.0,PASSED
NUS115,Introduction to Sociology,2.0,34.0,63.0,PASSED
