ND CARRYOVER RESULT REPORT,,,,,
FCT COLLEGE OF NURSING SCIENCES,,,,,
ND Set: ND-2024,,,,,
ND Semester: ND-FIRST-YEAR-FIRST-SEMESTER,,,,,
,,,,,
ND STUDENT INFORMATION,,,,,
Exam Number:,FCTCONS/ND24/123,,,,
Name:,HASSAN SOPHIA AISOSA,,,,
,,,,,
ND PREVIOUS GPAs,,,,,
,,,,,
ND CURRENT ACADEMIC RECORD,,,,,
Current GPA:,2.8,,,,
Current CGPA:,2.8,,,,
,,,,,
ND RESIT COURSES,,,,,
Course Code,Course Title,Credit Unit,Original Score,Resit Score,Status
NUS113,Human Anatomy I,4.0,40.0,72.0,PASSED
NUS115,Introduction to Sociology,2.0,49.0,73.0,PASSED
NUS117,Medical Microbiology,3.0,36.0,54.0,PASSED
