ND CARRYOVER RESULT REPORT,,,,,
FCT COLLEGE OF NURSING SCIENCES,,,,,
ND Set: ND-2024,,,,,
ND Semester: ND-FIRST-YEAR-FIRST-SEMESTER,,,,,
,,,,,
ND STUDENT INFORMATION,,,,,
Exam Number:,FCTCONS/ND24/053,,,,
Name:,NWEZE UKAMAKA MABEL,,,,
,,,,,
ND PREVIOUS GPAs,,,,,
,,,,,
ND CURRENT ACADEMIC RECORD,,,,,
Current GPA:,2.8,,,,
Current CGPA:,2.8,,,,
,,,,,
ND RESIT COURSES,,,,,
Course Code,Course Title,Credit Unit,Original Score,Resit Score,Status
GNS102,Communication in English I,2.0,34.0,60.0,PASSED
GNS111,Citizenship Education I,2.0,40.0,75.0,PASSED
NUS111,Applied Chemistry,2.0,47.0,73.0,PASSED
NUS112,Applied Physics,2.0,22.0,59.0,PASSED
NUS114,Human Physiology I,2.0,46.0,56.0,PASSED
