ND CARRYOVER RESULT REPORT,,,,,
FCT COLLEGE OF NURSING SCIENCES,,,,,
ND Set: ND-2024,,,,,
ND Semester: ND-FIRST-YEAR-FIRST-SEMESTER,,,,,
,,,,,
ND STUDENT INFORMATION,,,,,
Exam Number:,FCTCONS/ND24/072,,,,
Name:,DAUDA HOPE AWYETU,,,,
,,,,,
ND PREVIOUS GPAs,,,,,
,,,,,
ND CURRENT ACADEMIC RECORD,,,,,
Current GPA:,2.32,,,,
Current CGPA:,2.32,,,,
,,,,,
ND RESIT COURSES,,,,,
Course Code,Course Title,Credit Unit,Original Score,Resit Score,Status
GNS102,Communication in English I,2.0,12.0,70.0,PASSED
NUS113,Human Anatomy I,4.0,42.0,71.0,PASSED
NUS115,Introduction to Sociology,2.0,12.0,73.0,PASSED
NUS117,Medical Microbiology,3.0,30.0,52.0,PASSED
