ND CARRYOVER RESULT REPORT,,,,,
FCT COLLEGE OF NURSING SCIENCES,,,,,
ND Set: ND-2024,,,,,
ND Semester: ND-FIRST-YEAR-FIRST-SEMESTER,,,,,
,,,,,
ND STUDENT INFORMATION,,,,,
Exam Number:,FCTCONS/ND24/049,,,,
Name:,EMMANUEL FAITH  AKOMENOMO,,,,
,,,,,
ND PREVIOUS GPAs,,,,,
,,,,,
ND CURRENT ACADEMIC RECORD,,,,,
Current GPA:,2.72,,,,
Current CGPA:,2.72,,,,
,,,,,
ND RESIT COURSES,,,,,
Course Code,Course Title,Credit Unit,Original Score,Resit Score,Status
NUS111,Applied Chemistry,2.0,47.0,50.0,PASSED
NUS113,Human Anatomy I,4.0,41.0,65.0,PASSED
NUS115,Introduction to Sociology,2.0,43.0,72.0,PASSED
NUS117,Medical Microbiology,3.0,48.0,63.0,PASSED
