ND CARRYOVER RESULT REPORT,,,,,
FCT COLLEGE OF NURSING SCIENCES,,,,,
ND Set: ND-2024,,,,,
ND Semester: ND-FIRST-YEAR-FIRST-SEMESTER,,,,,
,,,,,
ND STUDENT INFORMATION,,,,,
Exam Number:,FCTCONS/ND24/038,,,,
Name:,SANI ADAM ADAMU,,,,
,,,,,
ND PREVIOUS GPAs,,,,,
,,,,,
ND CURRENT ACADEMIC RECORD,,,,,
Current GPA:,1.6,,,,
Current CGPA:,1.6,,,,
,,,,,
ND RESIT COURSES,,,,,
Course Code,Course Title,Credit Unit,Original Score,Resit Score,Status
GNS102,Communication in English I,2.0,32.0,58.0,PASSED
GNS111,Citizenship Education I,2.0,42.0,65.0,PASSED
NUR111,Foundations of Nursing/ Emergency Care I,4.0,36.0,78.0,PASSED
NUS114,Human Physiology I,2.0,30.0,59.0,PASSED
NUS117,Medical Microbiology,3.0,14.0,72.0,PASSED
