ND CARRYOVER RESULT REPORT,,,,,
FCT COLLEGE OF NURSING SCIENCES,,,,,
ND Set: ND-2024,,,,,
ND Semester: ND-FIRST-YEAR-FIRST-SEMESTER,,,,,
,,,,,
ND STUDENT INFORMATION,,,,,
Exam Number:,FCTCONS/ND24/066,,,,
Name:,OBADIAH MICAH,,,,
,,,,,
ND PREVIOUS GPAs,,,,,
,,,,,
ND CURRENT ACADEMIC RECORD,,,,,
Current GPA:,2.76,,,,
Current CGPA:,2.76,,,,
,,,,,
ND RESIT COURSES,,,,,
Course Code,Course Title,Credit Unit,Original Score,Resit Score,Status
GNS102,Communication in English I,2.0,46.0,66.0,PASSED
GNS111,Citizenship Education I,2.0,38.0,70.0,PASSED
NUS114,Human Physiology I,2.0,26.0,68.0,PASSED
NUS115,Introduction to Sociology,2.0,46.0,54.0,PASSED
NUS116,Use of Computer,2.0,21.0,56.0,PASSED
