ND CARRYOVER RESULT REPORT,,,,,
FCT COLLEGE OF NURSING SCIENCES,,,,,
ND Set: ND-2024,,,,,
ND Semester: ND-FIRST-YEAR-FIRST-SEMESTER,,,,,
,,,,,
ND STUDENT INFORMATION,,,,,
Exam Number:,FCTCONS/ND24/060,,,,
Name:,OCHEMEJE EMMANUELLA OMOJO,,,,
,,,,,
ND PREVIOUS GPAs,,,,,
,,,,,
ND CURRENT ACADEMIC RECORD,,,,,
Current GPA:,3.28,,,,
Current CGPA:,3.28,,,,
,,,,,
ND RESIT COURSES,,,,,
Course Code,Course Title,Credit Unit,Original Score,Resit Score,Status
NUS113,Human Anatomy I,4.0,48.0,51.0,PASSED
NUS114,Human Physiology I,2.0,7.0,72.0,PASSED
NUS115,Introduction to Sociology,2.0,32.0,51.0,PASSED
