ND CARRYOVER RESULT REPORT,,,,,
FCT COLLEGE OF NURSING SCIENCES,,,,,
ND Set: ND-2024,,,,,
ND Semester: ND-FIRST-YEAR-FIRST-SEMESTER,,,,,
,,,,,
ND STUDENT INFORMATION,,,,,
Exam Number:,FCTCONS/ND24/084,,,,
Name:,EMMANUEL VICTORIA,,,,
,,,,,
ND PREVIOUS GPAs,,,,,
,,,,,
ND CURRENT ACADEMIC RECORD,,,,,
Current GPA:,1.68,,,,
Current CGPA:,1.68,,,,
,,,,,
ND RESIT COURSES,,,,,
Course Code,Course Title,Credit Unit,Original Score,Resit Score,Status
GNS111,Citizenship Education I,2.0,31.0,54.0,PASSED
NUR111,Foundations of Nursing/ Emergency Care I,4.0,38.0,62.0,PASSED
NUS113,Human Anatomy I,4.0,40.0,64.0,PASSED
NUS115,Introduction to Sociology,2.0,42.0,56.0,PASSED
NUS116,Use of Computer,2.0,18.0,67.0,PASSED
NUS117,Medical Microbiology,3.0,47.0,54.0,PASSED
