ND CARRYOVER RESULT REPORT,,,,,
FCT COLLEGE OF NURSING SCIENCES,,,,,
ND Set: ND-2024,,,,,
ND Semester: ND-FIRST-YEAR-FIRST-SEMESTER,,,,,
,,,,,
ND STUDENT INFORMATION,,,,,
Exam Number:,FCTCONS/ND24/020,,,,
Name:,CHIDUME MESOMA  PRUDENT,,,,
,,,,,
ND PREVIOUS GPAs,,,,,
,,,,,
ND CURRENT ACADEMIC RECORD,,,,,
Current GPA:,1.68,,,,
Current CGPA:,1.68,,,,
,,,,,
ND RESIT COURSES,,,,,
Course Code,Course Title,Credit Unit,Original Score,Resit Score,Status
GNS102,Communication in English I,2.0,25.0,76.0,PASSED
GNS111,Citizenship Education I,2.0,36.0,77.0,PASSED
NUR111,Foundations of Nursing/ Emergency Care I,4.0,24.0,70.0,PASSED
NUS111,Applied Chemistry,2.0,44.0,72.0,PASSED
NUS112,Applied Physics,2.0,43.0,78.0,PASSED
NUS117,Medical Microbiology,3.0,37.0,63.0,PASSED
