ND CARRYOVER RESULT REPORT,,,,,
FCT COLLEGE OF NURSING SCIENCES,,,,,
ND Set: ND-2024,,,,,
ND Semester: ND-FIRST-YEAR-FIRST-SEMESTER,,,,,
,,,,,
ND STUDENT INFORMATION,,,,,
Exam Number:,FCTCONS/ND24/018,,,,
Name:,IGBASAN PHILBERTA  OLUWASEUN,,,,
,,,,,
ND PREVIOUS GPAs,,,,,
,,,,,
ND CURRENT ACADEMIC RECORD,,,,,
Current GPA:,2.4,,,,
Current CGPA:,2.4,,,,
,,,,,
ND RESIT COURSES,,,,,
Course Code,Course Title,Credit Unit,Original Score,Resit Score,Status
GNS102,Communication in English I,2.0,36.0,78.0,PASSED
NUS112,Applied Physics,2.0,21.0,66.0,PASSED
NUS115,Introduction to Sociology,2.0,49.0,52.0,PASSED
NUS116,Use of Computer,2.0,46.0,53.0,PASSED
NUS117,Medical Microbiology,3.0,22.0,71.0,PASSED
