ND CARRYOVER RESULT REPORT,,,,,
FCT COLLEGE OF NURSING SCIENCES,,,,,
ND Set: ND-2024,,,,,
ND Semester: ND-FIRST-YEAR-FIRST-SEMESTER,,,,,
,,,,,
ND STUDENT INFORMATION,,,,,
Exam Number:,FCTCONS/ND24/037,,,,
Name:,TSEGBA KUMAWUESE,,,,
,,,,,
ND PREVIOUS GPAs,,,,,
,,,,,
ND CURRENT ACADEMIC RECORD,,,,,
Current GPA:,2.12,,,,
Current CGPA:,2.12,,,,
,,,,,
ND RESIT COURSES,,,,,
Course Code,Course Title,Credit Unit,Original Score,Resit Score,Status
GNS102,Communication in English I,2.0,40.0,68.0,PASSED
GNS111,Citizenship Education I,2.0,40.0,67.0,PASSED
NUS111,Applied Chemistry,2.0,32.0,51.0,PASSED
NUS112,Applied Physics,2.0,42.0,65.0,PASSED
NUS113,Human Anatomy I,4.0,40.0,58.0,PASSED
NUS114,Human Physiology I,2.0,40.0,78.0,PASSED
NUS115,Introduction to Sociology,2.0,34.0,71.0,PASSED
