ND CARRYOVER RESULT REPORT,,,,,
FCT COLLEGE OF NURSING SCIENCES,,,,,
ND Set: ND-2024,,,,,
ND Semester: ND-FIRST-YEAR-FIRST-SEMESTER,,,,,
,,,,,
ND STUDENT INFORMATION,,,,,
Exam Number:,FCTCONS/ND24/102,,,,
Name:,MICHEAL CATHERINE,,,,
,,,,,
ND PREVIOUS GPAs,,,,,
,,,,,
ND CURRENT ACADEMIC RECORD,,,,,
Current GPA:,2.84,,,,
Current CGPA:,2.84,,,,
,,,,,
ND RESIT COURSES,,,,,
Course Code,Course Title,Credit Unit,Original Score,Resit Score,Status
GNS111,Citizenship Education I,2.0,26.0,54.0,PASSED
NUS112,Applied Physics,2.0,46.0,54.0,PASSED
NUS114,Human Physiology I,2.0,40.0,58.0,PASSED
NUS115,Introduction to Sociology,2.0,46.0,51.0,PASSED
NUS116,Use of Computer,2.0,24.0,78.0,PASSED
