ND CARRYOVER RESULT REPORT,,,,,
FCT COLLEGE OF NURSING SCIENCES,,,,,
ND Set: ND-2024,,,,,
ND Semester: ND-FIRST-YEAR-FIRST-SEMESTER,,,,,
,,,,,
ND STUDENT INFORMATION,,,,,
Exam Number:,FCTCONS/ND24/130,,,,
Name:,OGAR MONICA INAYI,,,,
,,,,,
ND PREVIOUS GPAs,,,,,
,,,,,
ND CURRENT ACADEMIC RECORD,,,,,
Current GPA:,2.32,,,,
Current CGPA:,2.32,,,,
,,,,,
ND RESIT COURSES,,,,,
Course Code,Course Title,Credit Unit,Original Score,Resit Score,Status
GNS111,Citizenship Education I,2.0,41.0,78.0,PASSED
NUR111,Foundations of Nursing/ Emergency Care I,4.0,45.0,67.0,PASSED
NUS111,Applied Chemistry,2.0,29.0,64.0,PASSED
NUS112,Applied Physics,2.0,42.0,77.0,PASSED
NUS113,Human Anatomy I,4.0,48.0,76.0,PASSED
NUS115,Introduction to Sociology,2.0,46.0,74.0,PASSED
