ND CARRYOVER RESULT REPORT,,,,,
FCT COLLEGE OF NURSING SCIENCES,,,,,
ND Set: ND-2024,,,,,
ND Semester: ND-FIRST-YEAR-FIRST-SEMESTER,,,,,
,,,,,
ND STUDENT INFORMATION,,,,,
Exam Number:,FCTCONS/ND24/126,,,,
Name:,NUHU ENDURANCE,,,,
,,,,,
ND PREVIOUS GPAs,,,,,
,,,,,
ND CURRENT ACADEMIC RECORD,,,,,
Current GPA:,1.96,,,,
Current CGPA:,1.96,,,,
,,,,,
ND RESIT COURSES,,,,,
Course Code,Course Title,Credit Unit,Original Score,Resit Score,Status
NUR111,Foundations of Nursing/ Emergency Care I,4.0,10.0,68.0,PASSED
NUS111,Applied Chemistry,2.0,43.0,78.0,PASSED
NUS112,Applied Physics,2.0,49.0,58.0,PASSED
NUS113,Human Anatomy I,4.0,38.0,52.0,PASSED
NUS114,Human Physiology I,2.0,48.0,52.0,PASSED
NUS116,Use of Computer,2.0,44.0,64.0,PASSED
