ND CARRYOVER RESULT REPORT,,,,,
FCT COLLEGE OF NURSING SCIENCES,,,,,
ND Set: ND-2024,,,,,
ND Semester: ND-FIRST-YEAR-FIRST-SEMESTER,,,,,
,,,,,
ND STUDENT INFORMATION,,,,,
Exam Number:,FCTCONS/ND24/017,,,,
Name:,MOHAMMED SAVIOUR SARAH,,,,
,,,,,
ND PREVIOUS GPAs,,,,,
,,,,,
ND CURRENT ACADEMIC RECORD,,,,,
Current GPA:,0.88,,,,
Current CGPA:,0.88,,,,
,,,,,
ND RESIT COURSES,,,,,
Course Code,Course Title,Credit Unit,Original Score,Resit Score,Status
GNS102,Communication in English I,2.0,27.0,69.0,PASSED
GNS111,Citizenship Education I,2.0,34.0,73.0,PASSED
NUR111,Foundations of Nursing/ Emergency Care I,4.0,24.0,53.0,PASSED
NUS111,Applied Chemistry,2.0,20.0,61.0,PASSED
NUS112,Applied Physics,2.0,38.0,80.0,PASSED
NUS113,Human Anatomy I,4.0,8.0,72.0,PASSED
NUS114,Human Physiology I,2.0,24.0,65.0,PASSED
NUS116,Use of Computer,2.0,34.0,60.0,PASSED
