ND CARRYOVER RESULT REPORT,,,,,
FCT COLLEGE OF NURSING SCIENCES,,,,,
ND Set: ND-2024,,,,,
ND Semester: ND-FIRST-YEAR-FIRST-SEMESTER,,,,,
,,,,,
ND STUDENT INFORMATION,,,,,
Exam Number:,FCTCONS/ND24/073,,,,
Name:,ONYEHI PRAISE MAXWELL,,,,
,,,,,
ND PREVIOUS GPAs,,,,,
,,,,,
ND CURRENT ACADEMIC RECORD,,,,,
Current GPA:,3.24,,,,
Current CGPA:,3.24,,,,
,,,,,
ND RESIT COURSES,,,,,
Course Code,Course Title,Credit Unit,Original Score,Resit Score,Status
NUS112,Applied Physics,2.0,27.0,62.0,PASSED
NUS115,Introduction to Sociology,2.0,26.0,77.0,PASSED
NUS116,Use of Computer,2.0,48.0,65.0,PASSED
