ND CARRYOVER RESULT REPORT,,,,,
FCT COLLEGE OF NURSING SCIENCES,,,,,
ND Set: ND-2024,,,,,
ND Semester: ND-FIRST-YEAR-FIRST-SEMESTER,,,,,
,,,,,
ND STUDENT INFORMATION,,,,,
Exam Number:,FCTCONS/ND24/105,,,,
Name:,IJAUKA HENRY UJI,,,,
,,,,,
ND PREVIOUS GPAs,,,,,
,,,,,
ND CURRENT ACADEMIC RECORD,,,,,
Current GPA:,2.08,,,,
Current CGPA:,2.08,,,,
,,,,,
ND RESIT COURSES,,,,,
Course Code,Course Title,Credit Unit,Original Score,Resit Score,Status
NUR111,Foundations of Nursing/ Emergency Care I,4.0,28.0,63.0,PASSED
NUS111,Applied Chemistry,2.0,44.0,71.0,PASSED
NUS114,Human Physiology I,2.0,33.0,71.0,PASSED
NUS116,Use of Computer,2.0,27.0,58.0,PASSED
NUS117,Medical Microbiology,3.0,34.0,68.0,PASSED
