ND CARRYOVER RESULT REPORT,,,,,
FCT COLLEGE OF NURSING SCIENCES,,,,,
ND Set: ND-2024,,,,,
ND Semester: ND-FIRST-YEAR-FIRST-SEMESTER,,,,,
,,,,,
ND STUDENT INFORMATION,,,,,
Exam Number:,FCTCONS/ND24/033,,,,
Name:,UGWU PRECIOUS CHINENYE,,,,
,,,,,
ND PREVIOUS GPAs,,,,,
,,,,,
ND CURRENT ACADEMIC RECORD,,,,,
Current GPA:,1.76,,,,
Current CGPA:,1.76,,,,
,,,,,
ND RESIT COURSES,,,,,
Course Code,Course Title,Credit Unit,Original Score,Resit Score,Status
GNS111,Citizenship Education I,2.0,45.0,55.0,PASSED
NUR111,Foundations of Nursing/ Emergency Care I,4.0,32.0,75.0,PASSED
NUS112,Applied Physics,2.0,32.0,77.0,PASSED
NUS114,Human Physiology I,2.0,13.0,60.0,PASSED
NUS116,Use of Computer,2.0,20.0,71.0,PASSED
NUS117,Medical Microbiology,3.0,27.0,69.0,PASSED
