ND CARRYOVER RESULT REPORT,,,,,
FCT COLLEGE OF NURSING SCIENCES,,,,,
ND Set: ND-2024,,,,,
ND Semester: ND-FIRST-YEAR-FIRST-SEMESTER,,,,,
,,,,,
ND STUDENT INFORMATION,,,,,
Exam Number:,FCTCONS/ND24/001,,,,
Name:,DAVID ELISHEBA TENI,,,,
,,,,,
ND PREVIOUS GPAs,,,,,
,,,,,
ND CURRENT ACADEMIC RECORD,,,,,
Current GPA:,2.4,,,,
Current CGPA:,2.4,,,,
,,,,,
ND RESIT COURSES,,,,,
Course Code,Course Title,Credit Unit,Original Score,Resit Score,Status
GNS111,Citizenship Education I,2.0,42.0,53.0,PASSED
NUR111,Foundations of Nursing/ Emergency Care I,4.0,18.0,57.0,PASSED
NUS112,Applied Physics,2.0,49.0,76.0,PASSED
NUS116,Use of Computer,2.0,1.0,64.0,PASSED
NUS117,Medical Microbiology,3.0,30.0,60.0,PASSED
