ND CARRYOVER RESULT REPORT,,,,,
FCT COLLEGE OF NURSING SCIENCES,,,,,
ND Set: ND-2024,,,,,
ND Semester: ND-FIRST-YEAR-FIRST-SEMESTER,,,,,
,,,,,
ND STUDENT INFORMATION,,,,,
Exam Number:,FCTCONS/ND24/139,,,,
Name:,MICHEAL FRANKLIN CHIEMELA,,,,
,,,,,
ND PREVIOUS GPAs,,,,,
,,,,,
ND CURRENT ACADEMIC RECORD,,,,,
Current GPA:,1.44,,,,
Current CGPA:,1.44,,,,
,,,,,
ND RESIT COURSES,,,,,
Course Code,Course Title,Credit Unit,Original Score,Resit Score,Status
GNS102,Communication in English I,2.0,41.0,57.0,PASSED
GNS111,Citizenship Education I,2.0,38.0,55.0,PASSED
NUS113,Human Anatomy I,4.0,24.0,55.0,PASSED
NUS114,Human Physiology I,2.0,34.0,57.0,PASSED
NUS116,Use of Computer,2.0,42.0,71.0,PASSED
NUS117,Medical Microbiology,3.0,20.0,52.0,PASSED
