ND CARRYOVER RESULT REPORT,,,,,
FCT COLLEGE OF NURSING SCIENCES,,,,,
ND Set: ND-2024,,,,,
ND Semester: ND-FIRST-YEAR-FIRST-SEMESTER,,,,,
,,,,,
ND STUDENT INFORMATION,,,,,
Exam Number:,FCTCONS/ND24/088,,,,
Name:,DUSU FAITH HARUNA,,,,
,,,,,
ND PREVIOUS GPAs,,,,,
,,,,,
ND CURRENT ACADEMIC RECORD,,,,,
Current GPA:,1.92,,,,
Current CGPA:,1.92,,,,
,,,,,
ND RESIT COURSES,,,,,
Course Code,Course Title,Credit Unit,Original Score,Resit Score,Status
GNS111,Citizenship Education I,2.0,26.0,57.0,PASSED
NUS111,Applied Chemistry,2.0,30.0,68.0,PASSED
NUS115,Introduction to Sociology,2.0,28.0,67.0,PASSED
NUS116,Use of Computer,2.0,44.0,56.0,PASSED
NUS117,Medical Microbiology,3.0,37.0,51.0,PASSED
