ND CARRYOVER RESULT REPORT,,,,,
FCT COLLEGE OF NURSING SCIENCES,,,,,
ND Set: ND-2024,,,,,
ND Semester: ND-FIRST-YEAR-FIRST-SEMESTER,,,,,
,,,,,
ND STUDENT INFORMATION,,,,,
Exam Number:,FCTCONS/ND24/078,,,,
Name:,CHIKWELU PRECIOUS,,,,
,,,,,
ND PREVIOUS GPAs,,,,,
,,,,,
ND CURRENT ACADEMIC RECORD,,,,,
Current GPA:,1.04,,,,
Current CGPA:,1.04,,,,
,,,,,
ND RESIT COURSES,,,,,
Course Code,Course Title,Credit Unit,Original Score,Resit Score,Status
GNS102,Communication in English I,2.0,20.0,72.0,PASSED
GNS111,Citizenship Education I,2.0,34.0,72.0,PASSED
NUS112,Applied Physics,2.0,38.0,63.0,PASSED
NUS113,Human Anatomy I,4.0,28.0,52.0,PASSED
NUS114,Human Physiology I,2.0,16.0,52.0,PASSED
NUS115,Introduction to Sociology,2.0,48.0,70.0,PASSED
NUS116,Use of Computer,2.0,28.0,51.0,PASSED
NUS117,Medical Microbiology,3.0,27.0,74.0,PASSED
