ND CARRYOVER RESULT REPORT,,,,,
FCT COLLEGE OF NURSING SCIENCES,,,,,
ND Set: ND-2024,,,,,
ND Semester: ND-FIRST-YEAR-FIRST-SEMESTER,,,,,
,,,,,
ND STUDENT INFORMATION,,,,,
Exam Number:,FCTCONS/ND24/094,,,,
Name:,AWAJE DORCAS ASABE,,,,
,,,,,
ND PREVIOUS GPAs,,,,,
,,,,,
ND CURRENT ACADEMIC RECORD,,,,,
Current GPA:,1.16,,,,
Current CGPA:,1.16,,,,
,,,,,
ND RESIT COURSES,,,,,
Course Code,Course Title,Credit Unit,Original Score,Resit Score,Status
GNS102,Communication in English I,2.0,30.0,73.0,PASSED
NUR111,Foundations of Nursing/ Emergency Care I,4.0,26.0,62.0,PASSED
NUS111,Applied Chemistry,2.0,28.0,58.0,PASSED
NUS112,Applied Physics,2.0,48.0,58.0,PASSED
NUS113,Human Anatomy I,4.0,44.0,66.0,PASSED
NUS114,Human Physiology I,2.0,23.0,62.0,PASSED
NUS117,Medical Microbiology,3.0,40.0,70.0,PASSED
