ND CARRYOVER RESULT REPORT,,,,,
FCT COLLEGE OF NURSING SCIENCES,,,,,
ND Set: ND-2024,,,,,
ND Semester: ND-FIRST-YEAR-FIRST-SEMESTER,,,,,
,,,,,
ND STUDENT INFORMATION,,,,,
Exam Number:,FCTCONS/ND24/040,,,,
Name:,AGBEGE SUZAN,,,,
,,,,,
ND PREVIOUS GPAs,,,,,
,,,,,
ND CURRENT ACADEMIC RECORD,,,,,
Current GPA:,3.48,,,,
Current CGPA:,3.48,,,,
,,,,,
ND RESIT COURSES,,,,,
Course Code,Course Title,Credit Unit,Original Score,Resit Score,Status
NUS111,Applied Chemistry,2.0,24.0,51.0,PASSED
NUS112,Applied Physics,2.0,42.0,63.0,PASSED
NUS116,Use of Computer,2.0,46.0,57.0,PASSED
