ND CARRYOVER RESULT REPORT,,,,,
FCT COLLEGE OF NURSING SCIENCES,,,,,
ND Set: ND-2024,,,,,
ND Semester: ND-FIRST-YEAR-FIRST-SEMESTER,,,,,
,,,,,
ND STUDENT INFORMATION,,,,,
Exam Number:,FCTCONS/ND24/095,,,,
Name:,AYISA-ATANZE HAPPINESS CINCINSOKO,,,,
,,,,,
ND PREVIOUS GPAs,,,,,
,,,,,
ND CURRENT ACADEMIC RECORD,,,,,
Current GPA:,2.04,,,,
Current CGPA:,2.04,,,,
,,,,,
ND RESIT COURSES,,,,,
Course Code,Course Title,Credit Unit,Original Score,Resit Score,Status
GNS102,Communication in English I,2.0,29.0,79.0,PASSED
NUR111,Foundations of Nursing/ Emergency Care I,4.0,48.0,75.0,PASSED
NUS112,Applied Physics,2.0,46.0,72.0,PASSED
NUS113,Human Anatomy I,4.0,38.0,69.0,PASSED
NUS114,Human Physiology I,2.0,34.0,76.0,PASSED
NUS115,Introduction to Sociology,2.0,48.0,73.0,PASSED
