ND CARRYOVER RESULT REPORT,,,,,
FCT COLLEGE OF NURSING SCIENCES,,,,,
ND Set: ND-2024,,,,,
ND Semester: ND-FIRST-YEAR-FIRST-SEMESTER,,,,,
,,,,,
ND STUDENT INFORMATION,,,,,
Exam Number:,FCTCONS/ND24/012,,,,
Name:,JAIYEOLA OLUWABUNMI,,,,
,,,,,
ND PREVIOUS GPAs,,,,,
,,,,,
ND CURRENT ACADEMIC RECORD,,,,,
Current GPA:,2.0,,,,
Current CGPA:,2.0,,,,
,,,,,
ND RESIT COURSES,,,,,
Course Code,Course Title,Credit Unit,Original Score,Resit Score,Status
GNS102,Communication in English I,2.0,39.0,60.0,PASSED
GNS111,Citizenship Education I,2.0,13.0,50.0,PASSED
NUR111,Foundations of Nursing/ Emergency Care I,4.0,48.0,75.0,PASSED
NUS111,Applied Chemistry,2.0,30.0,65.0,PASSED
NUS112,Applied Physics,2.0,44.0,70.0,PASSED
NUS116,Use of Computer,2.0,46.0,71.0,PASSED
NUS117,Medical Microbiology,3.0,34.0,59.0,PASSED
