ND CARRYOVER RESULT REPORT,,,,,
FCT COLLEGE OF NURSING SCIENCES,,,,,
ND Set: ND-2024,,,,,
ND Semester: ND-FIRST-YEAR-FIRST-SEMESTER,,,,,
,,,,,
ND STUDENT INFORMATION,,,,,
Exam Number:,FCTCONS/ND24/080,,,,
Name:,KOKO IREYIMIKA RUTH,,,,
,,,,,
ND PREVIOUS GPAs,,,,,
,,,,,
ND CURRENT ACADEMIC RECORD,,,,,
Current GPA:,1.68,,,,
Current CGPA:,1.68,,,,
,,,,,
ND RESIT COURSES,,,,,
Course Code,Course Title,Credit Unit,Original Score,Resit Score,Status
NUR111,Foundations of Nursing/ Emergency Care I,4.0,38.0,72.0,PASSED
NUS111,Applied Chemistry,2.0,28.0,59.0,PASSED
NUS113,Human Anatomy I,4.0,24.0,67.0,PASSED
NUS115,Introduction to Sociology,2.0,22.0,80.0,PASSED
NUS116,Use of Computer,2.0,39.0,71.0,PASSED
NUS117,Medical Microbiology,3.0,47.0,73.0,PASSED
