ND CARRYOVER RESULT REPORT,,,,,
FCT COLLEGE OF NURSING SCIENCES,,,,,
ND Set: ND-2024,,,,,
ND Semester: ND-FIRST-YEAR-FIRST-SEMESTER,,,,,
,,,,,
ND STUDENT INFORMATION,,,,,
Exam Number:,FCTCONS/ND24/113,,,,
Name:,BAWA EBWAYI GREAT,,,,
,,,,,
ND PREVIOUS GPAs,,,,,
,,,,,
ND CURRENT ACADEMIC RECORD,,,,,
Current GPA:,1.68,,,,
Current CGPA:,1.68,,,,
,,,,,
ND RESIT COURSES,,,,,
Course Code,Course Title,Credit Unit,Original Score,Resit Score,Status
GNS102,Communication in English I,2.0,32.0,73.0,PASSED
NUR111,Foundations of Nursing/ Emergency Care I,4.0,40.0,79.0,PASSED
NUS112,Applied Physics,2.0,18.0,69.0,PASSED
NUS114,Human Physiology I,2.0,42.0,65.0,PASSED
NUS115,Introduction to Sociology,2.0,46.0,76.0,PASSED
NUS116,Use of Computer,2.0,44.0,57.0,PASSED
NUS117,Medical Microbiology,3.0,32.0,63.0,PASSED
