ND CARRYOVER RESULT REPORT,,,,,
FCT COLLEGE OF NURSING SCIENCES,,,,,
ND Set: ND-2024,,,,,
ND Semester: ND-FIRST-YEAR-FIRST-SEMESTER,,,,,
,,,,,
ND STUDENT INFORMATION,,,,,
Exam Number:,FCTCONS/ND24/048,,,,
Name:,UTAN PEACE EFFIONG,,,,
,,,,,
ND PREVIOUS GPAs,,,,,
,,,,,
ND CURRENT ACADEMIC RECORD,,,,,
Current GPA:,1.6,,,,
Current CGPA:,1.6,,,,
,,,,,
ND RESIT COURSES,,,,,
Course Code,Course Title,Credit Unit,Original Score,Resit Score,Status
NUR111,Foundations of Nursing/ Emergency Care I,4.0,32.0,69.0,PASSED
NUS111,Applied Chemistry,2.0,45.0,58.0,PASSED
NUS112,Applied Physics,2.0,44.0,56.0,PASSED
NUS114,Human Physiology I,2.0,31.0,59.0,PASSED
NUS115,Introduction to Sociology,2.0,36.0,80.0,PASSED
NUS117,Medical Microbiology,3.0,26.0,65.0,PASSED
