ND CARRYOVER RESULT REPORT,,,,,
FCT COLLEGE OF NURSING SCIENCES,,,,,
ND Set: ND-2024,,,,,
ND Semester: ND-FIRST-YEAR-FIRST-SEMESTER,,,,,
,,,,,
ND STUDENT INFORMATION,,,,,
Exam Number:,FCTCONS/ND24/096,,,,
Name:,OKAFOR UWAOMA VICTORY,,,,
,,,,,
ND PREVIOUS GPAs,,,,,
,,,,,
ND CURRENT ACADEMIC RECORD,,,,,
Current GPA:,2.56,,,,
Current CGPA:,2.56,,,,
,,,,,
ND RESIT COURSES,,,,,
Course Code,Course Title,Credit Unit,Original Score,Resit Score,Status
GNS102,Communication in English I,2.0,35.0,80.0,PASSED
NUS112,Applied Physics,2.0,23.0,51.0,PASSED
NUS115,Introduction to Sociology,2.0,42.0,55.0,PASSED
NUS116,Use of Computer,2.0,48.0,77.0,PASSED
NUS117,Medical Microbiology,3.0,10.0,53.0,PASSED
