ND CARRYOVER RESULT REPORT,,,,,
FCT COLLEGE OF NURSING SCIENCES,,,,,
ND Set: ND-2024,,,,,
ND Semester: ND-FIRST-YEAR-FIRST-SEMESTER,,,,,
,,,,,
ND STUDENT INFORMATION,,,,,
Exam Number:,FCTCONS/ND24/069,,,,
Name:,STEPHEN PRECIOUS BALA,,,,
,,,,,
ND PREVIOUS GPAs,,,,,
,,,,,
ND CURRENT ACADEMIC RECORD,,,,,
Current GPA:,1.72,,,,
Current CGPA:,1.72,,,,
,,,,,
ND RESIT COURSES,,,,,
Course Code,Course Title,Credit Unit,Original Score,Resit Score,Status
NUR111,Foundations of Nursing/ Emergency Care I,4.0,36.0,64.0,PASSED
NUS111,Applied Chemistry,2.0,16.0,54.0,PASSED
NUS112,Applied Physics,2.0,36.0,70.0,PASSED
NUS113,Human Anatomy I,4.0,49.0,54.0,PASSED
NUS114,Human Physiology I,2.0,31.0,55.0,PASSED
