ND CARRYOVER RESULT REPORT,,,,,
FCT COLLEGE OF NURSING SCIENCES,,,,,
ND Set: ND-2024,,,,,
ND Semester: ND-FIRST-YEAR-FIRST-SEMESTER,,,,,
,,,,,
ND STUDENT INFORMATION,,,,,
Exam Number:,FCTCONS/ND24/104,,,,
Name:,STEPHEN DESTINY ONOMDU,,,,
,,,,,
ND PREVIOUS GPAs,,,,,
,,,,,
ND CURRENT ACADEMIC RECORD,,,,,
Current GPA:,2.0,,,,
Current CGPA:,2.0,,,,
,,,,,
ND RESIT COURSES,,,,,
Course Code,Course Title,Credit Unit,Original Score,Resit Score,Status
GNS102,Communication in English I,2.0,37.0,53.0,PASSED
GNS111,Citizenship Education I,2.0,47.0,73.0,PASSED
NUR111,Foundations of Nursing/ Emergency Care I,4.0,16.0,54.0,PASSED
NUS111,Applied Chemistry,2.0,48.0,55.0,PASSED
NUS113,Human Anatomy I,4.0,42.0,62.0,PASSED
NUS115,Introduction to Sociology,2.0,42.0,53.0,PASSED
