ND CARRYOVER RESULT REPORT,,,,,
FCT COLLEGE OF NURSING SCIENCES,,,,,
ND Set: ND-2024,,,,,
ND Semester: ND-FIRST-YEAR-FIRST-SEMESTER,,,,,
,,,,,
ND STUDENT INFORMATION,,,,,
Exam Number:,FCTCONS/ND24/081,,,,
Name:,UMORU VIVIAN ESHIOFUNEH,,,,
,,,,,
ND PREVIOUS GPAs,,,,,
,,,,,
ND CURRENT ACADEMIC RECORD,,,,,
Current GPA:,1.76,,,,
Current CGPA:,1.76,,,,
,,,,,
ND RESIT COURSES,,,,,
Course Code,Course Title,Credit Unit,Original Score,Resit Score,Status
GNS102,Communication in English I,2.0,28.0,60.0,PASSED
GNS111,Citizenship Education I,2.0,34.0,76.0,PASSED
NUR111,Foundations of Nursing/ Emergency Care I,4.0,48.0,52.0,PASSED
NUS111,Applied Chemistry,2.0,39.0,76.0,PASSED
NUS113,Human Anatomy I,4.0,49.0,61.0,PASSED
NUS114,Human Physiology I,2.0,30.0,54.0,PASSED
NUS115,Introduction to Sociology,2.0,44.0,71.0,PASSED
NUS116,Use of Computer,2.0,47.0,78.0,PASSED
