ND CARRYOVER RESULT REPORT,,,,,
FCT COLLEGE OF NURSING SCIENCES,,,,,
ND Set: ND-2024,,,,,
ND Semester: ND-FIRST-YEAR-FIRST-SEMESTER,,,,,
,,,,,
ND STUDENT INFORMATION,,,,,
Exam Number:,FCTCONS/ND24/028,,,,
Name:,ISAH HARUNA,,,,
,,,,,
ND PREVIOUS GPAs,,,,,
,,,,,
ND CURRENT ACADEMIC RECORD,,,,,
Current GPA:,1.64,,,,
Current CGPA:,1.64,,,,
,,,,,
ND RESIT COURSES,,,,,
Course Code,Course Title,Credit Unit,Original Score,Resit Score,Status
GNS102,Communication in English I,2.0,36.0,71.0,PASSED
NUR111,Foundations of Nursing/ Emergency Care I,4.0,40.0,80.0,PASSED
NUS111,Applied Chemistry,2.0,32.0,75.0,PASSED
NUS113,Human Anatomy I,4.0,32.0,50.0,PASSED
NUS114,Human Physiology I,2.0,26.0,58.0,PASSED
NUS117,Medical Microbiology,3.0,44.0,68.0,PASSED
