ND CARRYOVER RESULT REPORT,,,,,
FCT COLLEGE OF NURSING SCIENCES,,,,,
ND Set: ND-2024,,,,,
ND Semester: ND-FIRST-YEAR-FIRST-SEMESTER,,,,,
,,,,,
ND STUDENT INFORMATION,,,,,
Exam Number:,FCTCONS/ND24/070,,,,
Name:,VASCO ANNA SUNDAY,,,,
,,,,,
ND PREVIOUS GPAs,,,,,
,,,,,
ND CURRENT ACADEMIC RECORD,,,,,
Current GPA:,1.88,,,,
Current CGPA:,1.88,,,,
,,,,,
ND RESIT COURSES,,,,,
Course Code,Course Title,Credit Unit,Original Score,Resit Score,Status
GNS102,Communication in English I,2.0,39.0,65.0,PASSED
NUS111,Applied Chemistry,2.0,21.0,80.0,PASSED
NUS113,Human Anatomy I,4.0,34.0,69.0,PASSED
NUS114,Human Physiology I,2.0,28.0,61.0,PASSED
NUS115,Introduction to Sociology,2.0,46.0,79.0,PASSED
NUS116,Use of Computer,2.0,35.0,76.0,PASSED
