ND CARRYOVER RESULT REPORT,,,,,
FCT COLLEGE OF NURSING SCIENCES,,,,,
ND Set: ND-2024,,,,,
ND Semester: ND-FIRST-YEAR-FIRST-SEMESTER,,,,,
,,,,,
ND STUDENT INFORMATION,,,,,
Exam Number:,FCTCONS/ND24/030,,,,
Name:,AUGUSTINE SAVIOUR SUNDAY,,,,
,,,,,
ND PREVIOUS GPAs,,,,,
,,,,,
ND CURRENT ACADEMIC RECORD,,,,,
Current GPA:,1.68,,,,
Current CGPA:,1.68,,,,
,,,,,
ND RESIT COURSES,,,,,
Course Code,Course Title,Credit Unit,Original Score,Resit Score,Status
GNS102,Communication in English I,2.0,34.0,63.0,PASSED
GNS111,Citizenship Education I,2.0,42.0,57.0,PASSED
NUR111,Foundations of Nursing/ Emergency Care I,4.0,28.0,66.0,PASSED
NUS113,Human Anatomy I,4.0,40.0,65.0,PASSED
NUS116,Use of Computer,2.0,40.0,78.0,PASSED
NUS117,Medical Microbiology,3.0,29.0,62.0,PASSED
