ND CARRYOVER RESULT REPORT,,,,,
FCT COLLEGE OF NURSING SCIENCES,,,,,
ND Set: ND-2024,,,,,
ND Semester: ND-FIRST-YEAR-FIRST-SEMESTER,,,,,
,,,,,
ND STUDENT INFORMATION,,,,,
Exam Number:,FCTCONS/ND24/005,,,,
Name:,PAUL CHIMDINDU FAVOUR,,,,
,,,,,
ND PREVIOUS GPAs,,,,,
,,,,,
ND CURRENT ACADEMIC RECORD,,,,,
Current GPA:,1.68,,,,
Current CGPA:,1.68,,,,
,,,,,
ND RESIT COURSES,,,,,
Course Code,Course Title,Credit Unit,Original Score,Resit Score,Status
GNS102,Communication in English I,2.0,40.0,72.0,PASSED
GNS111,Citizenship Education I,2.0,28.0,71.0,PASSED
NUR111,Foundations of Nursing/ Emergency Care I,4.0,42.0,78.0,PASSED
NUS112,Applied Physics,2.0,44.0,62.0,PASSED
NUS114,Human Physiology I,2.0,40.0,61.0,PASSED
NUS115,Introduction to Sociology,2.0,22.0,77.0,PASSED
NUS117,Medical Microbiology,3.0,26.0,52.0,PASSED
