ND CARRYOVER RESULT REPORT,,,,,
FCT COLLEGE OF NURSING SCIENCES,,,,,
ND Set: ND-2024,,,,,
ND Semester: ND-FIRST-YEAR-FIRST-SEMESTER,,,,,
,,,,,
ND STUDENT INFORMATION,,,,,
Exam Number:,FCTCONS/ND24/015,,,,
Name:,BENSON MARY OLUWAKEMISOLA,,,,
,,,,,
ND PREVIOUS GPAs,,,,,
,,,,,
ND CURRENT ACADEMIC RECORD,,,,,
Current GPA:,1.96,,,,
Current CGPA:,1.96,,,,
,,,,,
ND RESIT COURSES,,,,,
Course Code,Course Title,Credit Unit,Original Score,Resit Score,Status
GNS102,Communication in English I,2.0,36.0,69.0,PASSED
GNS111,Citizenship Education I,2.0,26.0,60.0,PASSED
NUS113,Human Anatomy I,4.0,40.0,55.0,PASSED
NUS114,Human Physiology I,2.0,40.0,63.0,PASSED
NUS116,Use of Computer,2.0,14.0,65.0,PASSED
