ND CARRYOVER RESULT REPORT,,,,,
FCT COLLEGE OF NURSING SCIENCES,,,,,
ND Set: ND-2024,,,,,
ND Semester: ND-FIRST-YEAR-FIRST-SEMESTER,,,,,
,,,,,
ND STUDENT INFORMATION,,,,,
Exam Number:,FCTCONS/ND24/068,,,,
Name:,CHIKEZE MIRIAM OLUEBUBE,,,,
,,,,,
ND PREVIOUS GPAs,,,,,
,,,,,
ND CURRENT ACADEMIC RECORD,,,,,
Current GPA:,2.36,,,,
Current CGPA:,2.36,,,,
,,,,,
ND RESIT COURSES,,,,,
Course Code,Course Title,Credit Unit,Original Score,Resit Score,Status
GNS102,Communication in English I,2.0,29.0,55.0,PASSED
GNS111,Citizenship Education I,2.0,49.0,54.0,PASSED
NUS112,Applied Physics,2.0,34.0,58.0,PASSED
NUS114,Human Physiology I,2.0,39.0,64.0,PASSED
NUS115,Introduction to Sociology,2.0,12.0,67.0,PASSED
NUS116,Use of Computer,2.0,46.0,51.0,PASSED
