ND CARRYOVER RESULT REPORT,,,,,
FCT COLLEGE OF NURSING SCIENCES,,,,,
ND Set: ND-2024,,,,,
ND Semester: ND-FIRST-YEAR-FIRST-SEMESTER,,,,,
,,,,,
ND STUDENT INFORMATION,,,,,
Exam Number:,FCTCONS/ND24/064,,,,
Name:,GBADEBO RASHIDAT OLOLADE,,,,
,,,,,
ND PREVIOUS GPAs,,,,,
,,,,,
ND CURRENT ACADEMIC RECORD,,,,,
Current GPA:,1.76,,,,
Current CGPA:,1.76,,,,
,,,,,
ND RESIT COURSES,,,,,
Course Code,Course Title,Credit Unit,Original Score,Resit Score,Status
GNS102,Communication in English I,2.0,38.0,73.0,PASSED
GNS111,Citizenship Education I,2.0,46.0,80.0,PASSED
NUR111,Foundations of Nursing/ Emergency Care I,4.0,15.0,77.0,PASSED
NUS111,Applied Chemistry,2.0,48.0,60.0,PASSED
NUS112,Applied Physics,2.0,47.0,72.0,PASSED
NUS114,Human Physiology I,2.0,34.0,74.0,PASSED
NUS115,Introduction to Sociology,2.0,24.0,77.0,PASSED
NUS116,Use of Computer,2.0,7.0,72.0,PASSED
