ND CARRYOVER RESULT REPORT,,,,,
FCT COLLEGE OF NURSING SCIENCES,,,,,
ND Set: ND-2024,,,,,
ND Semester: ND-FIRST-YEAR-FIRST-SEMESTER,,,,,
,,,,,
ND STUDENT INFORMATION,,,,,
Exam Number:,FCTCONS/ND24/034,,,,
Name:,IDOGBE GLORIA OWOFU,,,,
,,,,,
ND PREVIOUS GPAs,,,,,
,,,,,
ND CURRENT ACADEMIC RECORD,,,,,
Current GPA:,1.68,,,,
Current CGPA:,1.68,,,,
,,,,,
ND RESIT COURSES,,,,,
Course Code,Course Title,Credit Unit,Original Score,Resit Score,Status
GNS102,Communication in English I,2.0,28.0,63.0,PASSED
NUS112,Applied Physics,2.0,42.0,80.0,PASSED
NUS114,Human Physiology I,2.0,20.0,69.0,PASSED
NUS115,Introduction to Sociology,2.0,43.0,59.0,PASSED
NUS116,Use of Computer,2.0,33.0,64.0,PASSED
NUS117,Medical Microbiology,3.0,24.0,73.0,PASSED
