ND CARRYOVER RESULT REPORT,,,,,
FCT COLLEGE OF NURSING SCIENCES,,,,,
ND Set: ND-2024,,,,,
ND Semester: ND-FIRST-YEAR-FIRST-SEMESTER,,,,,
,,,,,
ND STUDENT INFORMATION,,,,,
Exam Number:,FCTCONS/ND24/013,,,,
Name:,EJEMBI MARIA EHI,,,,
,,,,,
ND PREVIOUS GPAs,,,,,
,,,,,
ND CURRENT ACADEMIC RECORD,,,,,
Current GPA:,2.0,,,,
Current CGPA:,2.0,,,,
,,,,,
ND RESIT COURSES,,,,,
Course Code,Course Title,Credit Unit,Original Score,Resit Score,Status
GNS102,Communication in English I,2.0,35.0,62.0,PASSED
NUS111,Applied Chemistry,2.0,34.0,71.0,PASSED
NUS114,Human Physiology I,2.0,48.0,66.0,PASSED
NUS115,Introduction to Sociology,2.0,32.0,64.0,PASSED
NUS116,Use of Computer,2.0,41.0,66.0,PASSED
NUS117,Medical Microbiology,3.0,27.0,66.0,PASSED
