ND CARRYOVER RESULT REPORT,,,,,
FCT COLLEGE OF NURSING SCIENCES,,,,,
ND Set: ND-2024,,,,,
ND Semester: ND-FIRST-YEAR-FIRST-SEMESTER,,,,,
,,,,,
ND STUDENT INFORMATION,,,,,
Exam Number:,FCTCONS/ND24/134,,,,
Name:,NUHU FAVOUR AUDU,,,,
,,,,,
ND PREVIOUS GPAs,,,,,
,,,,,
ND CURRENT ACADEMIC RECORD,,,,,
Current GPA:,2.76,,,,
Current CGPA:,2.76,,,,
,,,,,
ND RESIT COURSES,,,,,
Course Code,Course Title,Credit Unit,Original Score,Resit Score,Status
GNS102,Communication in English I,2.0,16.0,61.0,PASSED
NUS111,Applied Chemistry,2.0,44.0,75.0,PASSED
NUS112,Applied Physics,2.0,49.0,76.0,PASSED
NUS114,Human Physiology I,2.0,48.0,64.0,PASSED
NUS116,Use of Computer,2.0,40.0,57.0,PASSED
