ND CARRYOVER RESULT REPORT,,,,,
FCT COLLEGE OF NURSING SCIENCES,,,,,
ND Set: ND-2024,,,,,
ND Semester: ND-FIRST-YEAR-FIRST-SEMESTER,,,,,
,,,,,
ND STUDENT INFORMATION,,,,,
Exam Number:,FCTCONS/ND24/099,,,,
Name:,ABEL BENITA GIDADO,,,,
,,,,,
ND PREVIOUS GPAs,,,,,
,,,,,
ND CURRENT ACADEMIC RECORD,,,,,
Current GPA:,1.72,,,,
Current CGPA:,1.72,,,,
,,,,,
ND RESIT COURSES,,,,,
Course Code,Course Title,Credit Unit,Original Score,Resit Score,Status
GNS111,Citizenship Education I,2.0,21.0,51.0,PASSED
NUR111,Foundations of Nursing/ Emergency Care I,4.0,36.0,67.0,PASSED
NUS112,Applied Physics,2.0,22.0,55.0,PASSED
NUS114,Human Physiology I,2.0,33.0,68.0,PASSED
NUS115,Introduction to Sociology,2.0,10.0,50.0,PASSED
NUS117,Medical Microbiology,3.0,42.0,67.0,PASSED
