ND CARRYOVER RESULT REPORT,,,,,
FCT COLLEGE OF NURSING SCIENCES,,,,,
ND Set: ND-2024,,,,,
ND Semester: ND-FIRST-YEAR-FIRST-SEMESTER,,,,,
,,,,,
ND STUDENT INFORMATION,,,,,
Exam Number:,FCTCONS/ND24/004,,,,
Name:,ABANG STEPHANIE ADA,,,,
,,,,,
ND PREVIOUS GPAs,,,,,
,,,,,
ND CURRENT ACADEMIC RECORD,,,,,
Current GPA:,2.92,,,,
Current CGPA:,2.92,,,,
,,,,,
ND RESIT COURSES,,,,,
Course Code,Course Title,Credit Unit,Original Score,Resit Score,Status
GNS111,Citizenship Education I,2.0,20.0,77.0,PASSED
NUS111,Applied Chemistry,2.0,10.0,62.0,PASSED
NUS112,Applied Physics,2.0,38.0,77.0,PASSED
NUS116,Use of Computer,2.0,36.0,55.0,PASSED
