ND CARRYOVER RESULT REPORT,,,,,
FCT COLLEGE OF NURSING SCIENCES,,,,,
ND Set: ND-2024,,,,,
ND Semester: ND-FIRST-YEAR-FIRST-SEMESTER,,,,,
,,,,,
ND STUDENT INFORMATION,,,,,
Exam Number:,FCTCONS/ND24/024,,,,
Name:,SULEIMAN SAMAILA,,,,
,,,,,
ND PREVIOUS GPAs,,,,,
,,,,,
ND CURRENT ACADEMIC RECORD,,,,,
Current GPA:,2.4,,,,
Current CGPA:,2.4,,,,
,,,,,
ND RESIT COURSES,,,,,
Course Code,Course Title,Credit Unit,Original Score,Resit Score,Status
GNS111,Citizenship Education I,2.0,38.0,57.0,PASSED
NUR111,Foundations of Nursing/ Emergency Care I,4.0,40.0,73.0,PASSED
NUS112,Applied Physics,2.0,46.0,53.0,PASSED
NUS115,Introduction to Sociology,2.0,40.0,79.0,PASSED
NUS117,Medical Microbiology,3.0,48.0,75.0,PASSED
