ND CARRYOVER RESULT REPORT,,,,,
FCT COLLEGE OF NURSING SCIENCES,,,,,
ND Set: ND-2024,,,,,
ND Semester: ND-FIRST-YEAR-FIRST-SEMESTER,,,,,
,,,,,
ND STUDENT INFORMATION,,,,,
Exam Number:,FCTCONS/ND24/121,,,,
Name:,HUSSAINI AISHA KUCHI,,,,
,,,,,
ND PREVIOUS GPAs,,,,,
,,,,,
ND CURRENT ACADEMIC RECORD,,,,,
Current GPA:,2.32,,,,
Current CGPA:,2.32,,,,
,,,,,
ND RESIT COURSES,,,,,
Course Code,Course Title,Credit Unit,Original Score,Resit Score,Status
GNS102,Communication in English I,2.0,41.0,65.0,PASSED
GNS111,Citizenship Education I,2.0,44.0,59.0,PASSED
NUS115,Introduction to Sociology,2.0,28.0,56.0,PASSED
NUS116,Use of Computer,2.0,34.0,64.0,PASSED
NUS117,Medical Microbiology,3.0,36.0,74.0,PASSED
