ND CARRYOVER RESULT REPORT,,,,,
FCT COLLEGE OF NURSING SCIENCES,,,,,
ND Set: ND-2024,,,,,
ND Semester: ND-FIRST-YEAR-FIRST-SEMESTER,,,,,
,,,,,
ND STUDENT INFORMATION,,,,,
Exam Number:,FCTCONS/ND24/010,,,,
Name:,AMOS HOPE SHEKWOBAGU,,,,
,,,,,
ND PREVIOUS GPAs,,,,,
,,,,,
ND CURRENT ACADEMIC RECORD,,,,,
Current GPA:,1.04,,,,
Current CGPA:,1.04,,,,
,,,,,
ND RESIT COURSES,,,,,
Course Code,Course Title,Credit Unit,Original Score,Resit Score,Status
GNS102,Communication in English I,2.0,14.0,73.0,PASSED
NUS111,Applied Chemistry,2.0,28.0,74.0,PASSED
NUS112,Applied Physics,2.0,37.0,80.0,PASSED
NUS113,Human Anatomy I,4.0,38.0,79.0,PASSED
NUS115,Introduction to Sociology,2.0,34.0,80.0,PASSED
NUS116,Use of Computer,2.0,24.0,53.0,PASSED
NUS117,Medical Microbiology,3.0,22.0,67.0,PASSED
