ND CARRYOVER RESULT REPORT,,,,,
FCT COLLEGE OF NURSING SCIENCES,,,,,
ND Set: ND-2024,,,,,
ND Semester: ND-FIRST-YEAR-FIRST-SEMESTER,,,,,
,,,,,
ND STUDENT INFORMATION,,,,,
Exam Number:,FCTCONS/ND24/092,,,,
Name:,OKUCHE KOSISOCHUKWU SCHOLARSTICA,,,,
,,,,,
ND PREVIOUS GPAs,,,,,
,,,,,
ND CURRENT ACADEMIC RECORD,,,,,
Current GPA:,2.72,,,,
Current CGPA:,2.72,,,,
,,,,,
ND RESIT COURSES,,,,,
Course Code,Course Title,Credit Unit,Original Score,Resit Score,Status
GNS102,Communication in English I,2.0,42.0,71.0,PASSED
NUS116,Use of Computer,2.0,24.0,77.0,PASSED
NUS117,Medical Microbiology,3.0,34.0,51.0,PASSED
