ND CARRYOVER RESULT REPORT,,,,,
FCT COLLEGE OF NURSING SCIENCES,,,,,
ND Set: ND-2024,,,,,
ND Semester: ND-FIRST-YEAR-FIRST-SEMESTER,,,,,
,,,,,
ND STUDENT INFORMATION,,,,,
Exam Number:,FCTCONS/ND24/061,,,,
Name:,EMETA NNEOMA PHILOMENA,,,,
,,,,,
ND PREVIOUS GPAs,,,,,
,,,,,
ND CURRENT ACADEMIC RECORD,,,,,
Current GPA:,2.44,,,,
Current CGPA:,2.44,,,,
,,,,,
ND RESIT COURSES,,,,,
Course Code,Course Title,Credit Unit,Original Score,Resit Score,Status
GNS102,Communication in English I,2.0,47.0,72.0,PASSED
NUS111,Applied Chemistry,2.0,24.0,79.0,PASSED
NUS112,Applied Physics,2.0,16.0,72.0,PASSED
NUS114,Human Physiology I,2.0,40.0,78.0,PASSED
NUS115,Introduction to Sociology,2.0,44.0,78.0,PASSED
