ND CARRYOVER RESULT REPORT,,,,,
FCT COLLEGE OF NURSING SCIENCES,,,,,
ND Set: ND-2024,,,,,
ND Semester: ND-FIRST-YEAR-FIRST-SEMESTER,,,,,
,,,,,
ND STUDENT INFORMATION,,,,,
Exam Number:,FCTCONS/ND24/050,,,,
Name:,IBRAHIM ZAINAB HAJIYA,,,,
,,,,,
ND PREVIOUS GPAs,,,,,
,,,,,
ND CURRENT ACADEMIC RECORD,,,,,
Current GPA:,2.24,,,,
Current CGPA:,2.24,,,,
,,,,,
ND RESIT COURSES,,,,,
Course Code,Course Title,Credit Unit,Original Score,Resit Score,Status
NUR111,Foundations of Nursing/ Emergency Care I,4.0,42.0,61.0,PASSED
NUS111,Applied Chemistry,2.0,25.0,59.0,PASSED
NUS112,Applied Physics,2.0,29.0,52.0,PASSED
NUS115,Introduction to Sociology,2.0,26.0,69.0,PASSED
NUS117,Medical Microbiology,3.0,16.0,69.0,PASSED
