ND CARRYOVER RESULT REPORT,,,,,
FCT COLLEGE OF NURSING SCIENCES,,,,,
ND Set: ND-2024,,,,,
ND Semester: ND-FIRST-YEAR-FIRST-SEMESTER,,,,,
,,,,,
ND STUDENT INFORMATION,,,,,
Exam Number:,FCTCONS/ND24/052,,,,
Name:,KAJANG FAVOUR ZIGWAI,,,,
,,,,,
ND PREVIOUS GPAs,,,,,
,,,,,
ND CURRENT ACADEMIC RECORD,,,,,
Current GPA:,2.12,,,,
Current CGPA:,2.12,,,,
,,,,,
ND RESIT COURSES,,,,,
Course Code,Course Title,Credit Unit,Original Score,Resit Score,Status
NUR111,Foundations of Nursing/ Emergency Care I,4.0,39.0,56.0,PASSED
NUS111,Applied Chemistry,2.0,38.0,60.0,PASSED
NUS113,Human Anatomy I,4.0,45.0,64.0,PASSED
NUS114,Human Physiology I,2.0,46.0,72.0,PASSED
NUS116,Use of Computer,2.0,42.0,51.0,PASSED
