ND CARRYOVER RESULT REPORT,,,,,
FCT COLLEGE OF NURSING SCIENCES,,,,,
ND Set: ND-2024,,,,,
ND Semester: ND-FIRST-YEAR-FIRST-SEMESTER,,,,,
,,,,,
ND STUDENT INFORMATION,,,,,
Exam Number:,FCTCONS/ND24/132,,,,
Name:,CHUDE ALEXANDER CHIDUBEM,,,,
,,,,,
ND PREVIOUS GPAs,,,,,
,,,,,
ND CURRENT ACADEMIC RECORD,,,,,
Current GPA:,2.4,,,,
Current CGPA:,2.4,,,,
,,,,,
ND RESIT COURSES,,,,,
Course Code,Course Title,Credit Unit,Original Score,Resit Score,Status
GNS111,Citizenship Education I,2.0,46.0,79.0,PASSED
NUS113,Human Anatomy I,4.0,12.0,53.0,PASSED
NUS114,Human Physiology I,2.0,43.0,78.0,PASSED
NUS115,Introduction to Sociology,2.0,23.0,80.0,PASSED
NUS116,Use of Computer,2.0,36.0,57.0,PASSED
