ND CARRYOVER RESULT REPORT,,,,,
FCT COLLEGE OF NURSING SCIENCES,,,,,
ND Set: ND-2024,,,,,
ND Semester: ND-FIRST-YEAR-FIRST-SEMESTER,,,,,
,,,,,
ND STUDENT INFORMATION,,,,,
Exam Number:,FCTCONS/ND24/097,,,,
Name:,UCHE ULOMA,,,,
,,,,,
ND PREVIOUS GPAs,,,,,
,,,,,
ND CURRENT ACADEMIC RECORD,,,,,
Current GPA:,2.64,,,,
Current CGPA:,2.64,,,,
,,,,,
ND RESIT COURSES,,,,,
Course Code,Course Title,Credit Unit,Original Score,Resit Score,Status
GNS102,Communication in English I,2.0,42.0,66.0,PASSED
NUS112,Applied Physics,2.0,42.0,72.0,PASSED
NUS114,Human Physiology I,2.0,32.0,62.0,PASSED
NUS115,Introduction to Sociology,2.0,18.0,50.0,PASSED
