ND CARRYOVER RESULT REPORT,,,,,
FCT COLLEGE OF NURSING SCIENCES,,,,,
ND Set: ND-2024,,,,,
ND Semester: ND-FIRST-YEAR-FIRST-SEMESTER,,,,,
,,,,,
ND STUDENT INFORMATION,,,,,
Exam Number:,FCTCONS/ND24/140,,,,
Name:,DONGAH GODSLOVE LODIYA,,,,
,,,,,
ND PREVIOUS GPAs,,,,,
,,,,,
ND CURRENT ACADEMIC RECORD,,,,,
Current GPA:,2.12,,,,
Current CGPA:,2.12,,,,
,,,,,
ND RESIT COURSES,,,,,
Course Code,Course Title,Credit Unit,Original Score,Resit Score,Status
NUR111,Foundations of Nursing/ Emergency Care I,4.0,27.0,74.0,PASSED
NUS111,Applied Chemistry,2.0,30.0,59.0,PASSED
NUS113,Human Anatomy I,4.0,29.0,68.0,PASSED
NUS114,Human Physiology I,2.0,47.0,77.0,PASSED
NUS115,Introduction to Sociology,2.0,32.0,56.0,PASSED
