ND CARRYOVER RESULT REPORT,,,,,
FCT COLLEGE OF NURSING SCIENCES,,,,,
ND Set: ND-2024,,,,,
ND Semester: ND-FIRST-YEAR-FIRST-SEMESTER,,,,,
,,,,,
ND STUDENT INFORMATION,,,,,
Exam Number:,FCTCONS/ND24/032,,,,
Name:,LAWAL YUSUF,,,,
,,,,,
ND PREVIOUS GPAs,,,,,
,,,,,
ND CURRENT ACADEMIC RECORD,,,,,
Current GPA:,2.08,,,,
Current CGPA:,2.08,,,,
,,,,,
ND RESIT COURSES,,,,,
Course Code,Course Title,Credit Unit,Original Score,Resit Score,Status
GNS102,Communication in English I,2.0,48.0,57.0,PASSED
GNS111,Citizenship Education I,2.0,38.0,65.0,PASSED
NUS111,Applied Chemistry,2.0,48.0,56.0,PASSED
NUS114,Human Physiology I,2.0,42.0,56.0,PASSED
NUS116,Use of Computer,2.0,27.0,64.0,PASSED
NUS117,Medical Microbiology,3.0,34.0,69.0,PASSED
