ND CARRYOVER RESULT REPORT,,,,,
FCT COLLEGE OF NURSING SCIENCES,,,,,
ND Set: ND-2024,,,,,
ND Semester: ND-FIRST-YEAR-FIRST-SEMESTER,,,,,
,,,,,
ND STUDENT INFORMATION,,,,,
Exam Number:,FCTCONS/ND24/106,,,,
Name:,EGBANABO REGINA OHOTU,,,,
,,,,,
ND PREVIOUS GPAs,,,,,
,,,,,
ND CURRENT ACADEMIC RECORD,,,,,
Current GPA:,2.08,,,,
Current CGPA:,2.08,,,,
,,,,,
ND RESIT COURSES,,,,,
Course Code,Course Title,Credit Unit,Original Score,Resit Score,Status
GNS102,Communication in English I,2.0,34.0,52.0,PASSED
GNS111,Citizenship Education I,2.0,46.0,56.0,PASSED
NUR111,Foundations of Nursing/ Emergency Care I,4.0,36.0,56.0,PASSED
NUS111,Applied Chemistry,2.0,26.0,67.0,PASSED
NUS115,Introduction to Sociology,2.0,32.0,74.0,PASSED
NUS116,Use of Computer,2.0,16.0,65.0,PASSED
