ND CARRYOVER RESULT REPORT,,,,,
FCT COLLEGE OF NURSING SCIENCES,,,,,
ND Set: ND-2024,,,,,
ND Semester: ND-FIRST-YEAR-FIRST-SEMESTER,,,,,
,,,,,
ND STUDENT INFORMATION,,,,,
Exam Number:,FCTCONS/ND24/127,,,,
Name:,SANI ALIYU BASHIRU,,,,
,,,,,
ND PREVIOUS GPAs,,,,,
,,,,,
ND CURRENT ACADEMIC RECORD,,,,,
Current GPA:,1.84,,,,
Current CGPA:,1.84,,,,
,,,,,
ND RESIT COURSES,,,,,
Course Code,Course Title,Credit Unit,Original Score,Resit Score,Status
GNS111,Citizenship Education I,2.0,48.0,59.0,PASSED
NUR111,Foundations of Nursing/ Emergency Care I,4.0,38.0,54.0,PASSED
NUS111,Applied Chemistry,2.0,21.0,73.0,PASSED
NUS113,Human Anatomy I,4.0,48.0,80.0,PASSED
NUS114,Human Physiology I,2.0,26.0,54.0,PASSED
NUS116,Use of Computer,2.0,16.0,64.0,PASSED
