ND CARRYOVER RESULT REPORT,,,,,
FCT COLLEGE OF NURSING SCIENCES,,,,,
ND Set: ND-2024,,,,,
ND Semester: ND-FIRST-YEAR-FIRST-SEMESTER,,,,,
,,,,,
ND STUDENT INFORMATION,,,,,
Exam Number:,FCTCONS/ND24/007,,,,
Name:,AYO OLAMIDE PRAISE,,,,
,,,,,
ND PREVIOUS GPAs,,,,,
,,,,,
ND CURRENT ACADEMIC RECORD,,,,,
Current GPA:,2.36,,,,
Current CGPA:,2.36,,,,
,,,,,
ND RESIT COURSES,,,,,
Course Code,Course Title,Credit Unit,Original Score,Resit Score,Status
GNS111,Citizenship Education I,2.0,32.0,77.0,PASSED
NUS112,Applied Physics,2.0,30.0,68.0,PASSED
NUS113,Human Anatomy I,4.0,39.0,76.0,PASSED
NUS116,Use of Computer,2.0,31.0,74.0,PASSED
