[
  {
    "exam_number": "7463",
    "name": "ALIU MARIA OCHUWA",
    "failed_courses": [
      {
        "course_code": "GNS311",
        "original_score": 32.0,
        "semester": "N-THIRD-YEAR-FIRST-SEMESTER",
        "set": "SET48",
        "resit_attempts": 0,
        "best_score": 32.0,
        "status": "Failed"
      },
      {
        "course_code": "GNS315",
        "original_score": 47.0,
        "semester": "N-THIRD-YEAR-FIRST-SEMESTER",
        "set": "SET48",
        "resit_attempts": 0,
        "best_score": 47.0,
        "status": "Failed"
      },
      {
        "course_code": "GNS316",
        "original_score": 35.0,
        "semester": "N-THIRD-YEAR-FIRST-SEMESTER",
        "set": "SET48",
        "resit_attempts": 0,
        "best_score": 35.0,
        "status": "Failed"
      },
      {
        "course_code": "GST311",
        "original_score": 34.0,
        "semester": "N-THIRD-YEAR-FIRST-SEMESTER",
        "set": "SET48",
        "resit_attempts": 0,
        "best_score": 34.0,
        "status": "Failed"
      }
    ],
    "semester": "N-THIRD-YEAR-FIRST-SEMESTER",
    "set": "SET48",
    "identified_date": "2025-11-05 16:16:34",
    "total_resit_attempts": 0,
    "status": "Active"
  },
  {
    "exam_number": "7579",
    "name": "ODEAHAN ITOHAN ABIGAIL",
    "failed_courses": [
      {
        "course_code": "GNS315",
        "original_score": 42.0,
        "semester": "N-THIRD-YEAR-FIRST-SEMESTER",
        "set": "SET48",
        "resit_attempts": 0,
        "best_score": 42.0,
        "status": "Failed"
      },
      {
        "course_code": "GST311",
        "original_score": 30.0,
        "semester": "N-THIRD-YEAR-FIRST-SEMESTER",
        "set": "SET48",
        "resit_attempts": 0,
        "best_score": 30.0,
        "status": "Failed"
      },
      {
        "course_code": "GNS317",
        "original_score": 26.0,
        "semester": "N-THIRD-YEAR-FIRST-SEMESTER",
        "set": "SET48",
        "resit_attempts": 0,
        "best_score": 26.0,
        "status": "Failed"
      }
    ],
    "semester": "N-THIRD-YEAR-FIRST-SEMESTER",
    "set": "SET48",
    "identified_date": "2025-11-05 16:16:34",
    "total_resit_attempts": 0,
    "status": "Active"
  }
]