[
  {
    "exam_number": "7434",
    "name": "ABDULKADIR MARYAM IKPEMOSIME",
    "failed_courses": [
      {
        "course_code": "GNS 211",
        "original_score": 48.0,
        "semester": "N-SECOND-YEAR-FIRST-SEMESTER",
        "set": "SET48",
        "resit_attempts": 0,
        "best_score": 48.0,
        "status": "Failed"
      },
      {
        "course_code": "GNS 214",
        "original_score": 38.0,
        "semester": "N-SECOND-YEAR-FIRST-SEMESTER",
        "set": "SET48",
        "resit_attempts": 0,
        "best_score": 38.0,
        "status": "Failed"
      },
      {
        "course_code": "GNS 215",
        "original_score": 40.0,
        "semester": "N-SECOND-YEAR-FIRST-SEMESTER",
        "set": "SET48",
        "resit_attempts": 0,
        "best_score": 40.0,
        "status": "Failed"
      }
    ],
    "semester": "N-SECOND-YEAR-FIRST-SEMESTER",
    "set": "SET48",
    "identified_date": "2025-11-05 16:16:31",
    "total_resit_attempts": 0,
    "status": "Active"
  },
  {
    "exam_number": "7440",
    "name": "ABDULSALAM  ZULIEHAT",
    "failed_courses": [
      {
        "course_code": "GNS 212",
        "original_score": 36.0,
        "semester": "N-SECOND-YEAR-FIRST-SEMESTER",
        "set": "SET48",
        "resit_attempts": 0,
        "best_score": 36.0,
        "status": "Failed"
      },
      {
        "course_code": "GNS 218",
        "original_score": 29.0,
        "semester": "N-SECOND-YEAR-FIRST-SEMESTER",
        "set": "SET48",
        "resit_attempts": 0,
        "best_score": 29.0,
        "status": "Failed"
      }
    ],
    "semester": "N-SECOND-YEAR-FIRST-SEMESTER",
    "set": "SET48",
    "identified_date": "2025-11-05 16:16:31",
    "total_resit_attempts": 0,
    "status": "Active"
  },
  {
    "exam_number": "7463",
    "name": "ALIU MARIA OCHUWA",
    "failed_courses": [
      {
        "course_code": "GNS 213",
        "original_score": 43.0,
        "semester": "N-SECOND-YEAR-FIRST-SEMESTER",
        "set": "SET48",
        "resit_attempts": 0,
        "best_score": 43.0,
        "status": "Failed"
      },
      {
        "course_code": "GNS 216",
        "original_score": 38.0,
        "semester": "N-SECOND-YEAR-FIRST-SEMESTER",
        "set": "SET48",
        "resit_attempts": 0,
        "best_score": 38.0,
        "status": "Failed"
      }
    ],
    "semester": "N-SECOND-YEAR-FIRST-SEMESTER",
    "set": "SET48",
    "identified_date": "2025-11-05 16:16:31",
    "total_resit_attempts": 0,
    "status": "Active"
  },
  {
    "exam_number": "7467",
    "name": "AMADI JULIET OBIANUJUNWA",
    "failed_courses": [
      {
        "course_code": "GNS 212",
        "original_score": 40.0,
        "semester": "N-SECOND-YEAR-FIRST-SEMESTER",
        "set": "SET48",
        "resit_attempts": 0,
        "best_score": 40.0,
        "status": "Failed"
      },
      {
        "course_code": "GNS 213",
        "original_score": 42.0,
        "semester": "N-SECOND-YEAR-FIRST-SEMESTER",
        "set": "SET48",
        "resit_attempts": 0,
        "best_score": 42.0,
        "status": "Failed"
      },
      {
        "course_code": "GNS 217",
        "original_score": 44.0,
        "semester": "N-SECOND-YEAR-FIRST-SEMESTER",
        "set": "SET48",
        "resit_attempts": 0,
        "best_score": 44.0,
        "status": "Failed"
      },
      {
        "course_code": "GNS 218",
        "original_score": 40.0,
        "semester": "N-SECOND-YEAR-FIRST-SEMESTER",
        "set": "SET48",
        "resit_attempts": 0,
        "best_score": 40.0,
        "status": "Failed"
      }
    ],
    "semester": "N-SECOND-YEAR-FIRST-SEMESTER",
    "set": "SET48",
    "identified_date": "2025-11-05 16:16:31",
    "total_resit_attempts": 0,
    "status": "Active"
  },
  {
    "exam_number": "7480",
    "name": "AYIKOYE FLOURISH ULIEJU",
    "failed_courses": [
      {
        "course_code": "GNS 212",
        "original_score": 21.0,
        "semester": "N-SECOND-YEAR-FIRST-SEMESTER",
        "set": "SET48",
        "resit_attempts": 0,
        "best_score": 21.0,
        "status": "Failed"
      },
      {
        "course_code": "GNS 213",
        "original_score": 44.0,
        "semester": "N-SECOND-YEAR-FIRST-SEMESTER",
        "set": "SET48",
        "resit_attempts": 0,
        "best_score": 44.0,
        "status": "Failed"
      },
      {
        "course_code": "GNS 214",
        "original_score": 41.0,
        "semester": "N-SECOND-YEAR-FIRST-SEMESTER",
        "set": "SET48",
        "resit_attempts": 0,
        "best_score": 41.0,
        "status": "Failed"
      },
      {
        "course_code": "GNS 215",
        "original_score": 40.0,
        "semester": "N-SECOND-YEAR-FIRST-SEMESTER",
        "set": "SET48",
        "resit_attempts": 0,
        "best_score": 40.0,
        "status": "Failed"
      },
      {
        "course_code": "GNS 216",
        "original_score": 17.0,
        "semester": "N-SECOND-YEAR-FIRST-SEMESTER",
        "set": "SET48",
        "resit_attempts": 0,
        "best_score": 17.0,
        "status": "Failed"
      },
      {
        "course_code": "GNS 217",
        "original_score": 27.0,
        "semester": "N-SECOND-YEAR-FIRST-SEMESTER",
        "set": "SET48",
        "resit_attempts": 0,
        "best_score": 27.0,
        "status": "Failed"
      },
      {
        "course_code": "GNS 218",
        "original_score": 23.0,
        "semester": "N-SECOND-YEAR-FIRST-SEMESTER",
        "set": "SET48",
        "resit_attempts": 0,
        "best_score": 23.0,
        "status": "Failed"
      }
    ],
    "semester": "N-SECOND-YEAR-FIRST-SEMESTER",
    "set": "SET48",
    "identified_date": "2025-11-05 16:16:31",
    "total_resit_attempts": 0,
    "status": "Active"
  },
  {
    "exam_number": "7491",
    "name": "DAUDA  CYNTIKI KUYET",
    "failed_courses": [
      {
        "course_code": "GNS 211",
        "original_score": 32.0,
        "semester": "N-SECOND-YEAR-FIRST-SEMESTER",
        "set": "SET48",
        "resit_attempts": 0,
        "best_score": 32.0,
        "status": "Failed"
      },
      {
        "course_code": "GNS 212",
        "original_score": 14.0,
        "semester": "N-SECOND-YEAR-FIRST-SEMESTER",
        "set": "SET48",
        "resit_attempts": 0,
        "best_score": 14.0,
        "status": "Failed"
      },
      {
        "course_code": "GNS 214",
        "original_score": 40.0,
        "semester": "N-SECOND-YEAR-FIRST-SEMESTER",
        "set": "SET48",
        "resit_attempts": 0,
        "best_score": 40.0,
        "status": "Failed"
      },
      {
        "course_code": "GNS 217",
        "original_score": 47.0,
        "semester": "N-SECOND-YEAR-FIRST-SEMESTER",
        "set": "SET48",
        "resit_attempts": 0,
        "best_score": 47.0,
        "status": "Failed"
      },
      {
        "course_code": "GNS 218",
        "original_score": 30.0,
        "semester": "N-SECOND-YEAR-FIRST-SEMESTER",
        "set": "SET48",
        "resit_attempts": 0,
        "best_score": 30.0,
        "status": "Failed"
      }
    ],
    "semester": "N-SECOND-YEAR-FIRST-SEMESTER",
    "set": "SET48",
    "identified_date": "2025-11-05 16:16:31",
    "total_resit_attempts": 0,
    "status": "Active"
  },
  {
    "exam_number": "7500",
    "name": "ELOCHUKWU PROMISE ONYINYECHI",
    "failed_courses": [
      {
        "course_code": "GNS 211",
        "original_score": 32.0,
        "semester": "N-SECOND-YEAR-FIRST-SEMESTER",
        "set": "SET48",
        "resit_attempts": 0,
        "best_score": 32.0,
        "status": "Failed"
      },
      {
        "course_code": "GNS 216",
        "original_score": 49.0,
        "semester": "N-SECOND-YEAR-FIRST-SEMESTER",
        "set": "SET48",
        "resit_attempts": 0,
        "best_score": 49.0,
        "status": "Failed"
      },
      {
        "course_code": "GNS 217",
        "original_score": 20.0,
        "semester": "N-SECOND-YEAR-FIRST-SEMESTER",
        "set": "SET48",
        "resit_attempts": 0,
        "best_score": 20.0,
        "status": "Failed"
      },
      {
        "course_code": "GNS 218",
        "original_score": 31.0,
        "semester": "N-SECOND-YEAR-FIRST-SEMESTER",
        "set": "SET48",
        "resit_attempts": 0,
        "best_score": 31.0,
        "status": "Failed"
      }
    ],
    "semester": "N-SECOND-YEAR-FIRST-SEMESTER",
    "set": "SET48",
    "identified_date": "2025-11-05 16:16:31",
    "total_resit_attempts": 0,
    "status": "Active"
  },
  {
    "exam_number": "7507",
    "name": "ESIKE  CHINENYE STEPHANIE",
    "failed_courses": [
      {
        "course_code": "GNS 211",
        "original_score": 40.0,
        "semester": "N-SECOND-YEAR-FIRST-SEMESTER",
        "set": "SET48",
        "resit_attempts": 0,
        "best_score": 40.0,
        "status": "Failed"
      },
      {
        "course_code": "GNS 213",
        "original_score": 44.0,
        "semester": "N-SECOND-YEAR-FIRST-SEMESTER",
        "set": "SET48",
        "resit_attempts": 0,
        "best_score": 44.0,
        "status": "Failed"
      },
      {
        "course_code": "GNS 214",
        "original_score": 26.0,
        "semester": "N-SECOND-YEAR-FIRST-SEMESTER",
        "set": "SET48",
        "resit_attempts": 0,
        "best_score": 26.0,
        "status": "Failed"
      },
      {
        "course_code": "GNS 215",
        "original_score": 33.0,
        "semester": "N-SECOND-YEAR-FIRST-SEMESTER",
        "set": "SET48",
        "resit_attempts": 0,
        "best_score": 33.0,
        "status": "Failed"
      },
      {
        "course_code": "GNS 216",
        "original_score": 30.0,
        "semester": "N-SECOND-YEAR-FIRST-SEMESTER",
        "set": "SET48",
        "resit_attempts": 0,
        "best_score": 30.0,
        "status": "Failed"
      }
    ],
    "semester": "N-SECOND-YEAR-FIRST-SEMESTER",
    "set": "SET48",
    "identified_date": "2025-11-05 16:16:31",
    "total_resit_attempts": 0,
    "status": "Active"
  },
  {
    "exam_number": "7535",
    "name": "JAMES  MERCY NDOUK",
    "failed_courses": [
      {
        "course_code": "GNS 211",
        "original_score": 20.0,
        "semester": "N-SECOND-YEAR-FIRST-SEMESTER",
        "set": "SET48",
        "resit_attempts": 0,
        "best_score": 20.0,
        "status": "Failed"
      },
      {
        "course_code": "GNS 212",
        "original_score": 26.0,
        "semester": "N-SECOND-YEAR-FIRST-SEMESTER",
        "set": "SET48",
        "resit_attempts": 0,
        "best_score": 26.0,
        "status": "Failed"
      },
      {
        "course_code": "GNS 213",
        "original_score": 27.0,
        "semester": "N-SECOND-YEAR-FIRST-SEMESTER",
        "set": "SET48",
        "resit_attempts": 0,
        "best_score": 27.0,
        "status": "Failed"
      },
      {
        "course_code": "GNS 216",
        "original_score": 46.0,
        "semester": "N-SECOND-YEAR-FIRST-SEMESTER",
        "set": "SET48",
        "resit_attempts": 0,
        "best_score": 46.0,
        "status": "Failed"
      },
      {
        "course_code": "GNS 217",
        "original_score": 45.0,
        "semester": "N-SECOND-YEAR-FIRST-SEMESTER",
        "set": "SET48",
        "resit_attempts": 0,
        "best_score": 45.0,
        "status": "Failed"
      },
      {
        "course_code": "GNS 218",
        "original_score": 34.0,
        "semester": "N-SECOND-YEAR-FIRST-SEMESTER",
        "set": "SET48",
        "resit_attempts": 0,
        "best_score": 34.0,
        "status": "Failed"
      }
    ],
    "semester": "N-SECOND-YEAR-FIRST-SEMESTER",
    "set": "SET48",
    "identified_date": "2025-11-05 16:16:31",
    "total_resit_attempts": 0,
    "status": "Active"
  },
  {
    "exam_number": "7579",
    "name": "ODEAHAN ITOHAN ABIGAIL",
    "failed_courses": [
      {
        "course_code": "GNS 212",
        "original_score": 40.0,
        "semester": "N-SECOND-YEAR-FIRST-SEMESTER",
        "set": "SET48",
        "resit_attempts": 0,
        "best_score": 40.0,
        "status": "Failed"
      },
      {
        "course_code": "GNS 216",
        "original_score": 30.0,
        "semester": "N-SECOND-YEAR-FIRST-SEMESTER",
        "set": "SET48",
        "resit_attempts": 0,
        "best_score": 30.0,
        "status": "Failed"
      },
      {
        "course_code": "GNS 217",
        "original_score": 34.0,
        "semester": "N-SECOND-YEAR-FIRST-SEMESTER",
        "set": "SET48",
        "resit_attempts": 0,
        "best_score": 34.0,
        "status": "Failed"
      }
    ],
    "semester": "N-SECOND-YEAR-FIRST-SEMESTER",
    "set": "SET48",
    "identified_date": "2025-11-05 16:16:31",
    "total_resit_attempts": 0,
    "status": "Active"
  },
  {
    "exam_number": "7607",
    "name": "SANUSI MABEL",
    "failed_courses": [
      {
        "course_code": "GNS 212",
        "original_score": 40.0,
        "semester": "N-SECOND-YEAR-FIRST-SEMESTER",
        "set": "SET48",
        "resit_attempts": 0,
        "best_score": 40.0,
        "status": "Failed"
      },
      {
        "course_code": "GNS 214",
        "original_score": 36.0,
        "semester": "N-SECOND-YEAR-FIRST-SEMESTER",
        "set": "SET48",
        "resit_attempts": 0,
        "best_score": 36.0,
        "status": "Failed"
      },
      {
        "course_code": "GNS 218",
        "original_score": 20.0,
        "semester": "N-SECOND-YEAR-FIRST-SEMESTER",
        "set": "SET48",
        "resit_attempts": 0,
        "best_score": 20.0,
        "status": "Failed"
      }
    ],
    "semester": "N-SECOND-YEAR-FIRST-SEMESTER",
    "set": "SET48",
    "identified_date": "2025-11-05 16:16:31",
    "total_resit_attempts": 0,
    "status": "Active"
  },
  {
    "exam_number": "7626",
    "name": "UNUABOR PHILIP OSEIWE",
    "failed_courses": [
      {
        "course_code": "GNS 212",
        "original_score": 46.0,
        "semester": "N-SECOND-YEAR-FIRST-SEMESTER",
        "set": "SET48",
        "resit_attempts": 0,
        "best_score": 46.0,
        "status": "Failed"
      },
      {
        "course_code": "GNS 213",
        "original_score": 20.0,
        "semester": "N-SECOND-YEAR-FIRST-SEMESTER",
        "set": "SET48",
        "resit_attempts": 0,
        "best_score": 20.0,
        "status": "Failed"
      },
      {
        "course_code": "GNS 215",
        "original_score": 48.0,
        "semester": "N-SECOND-YEAR-FIRST-SEMESTER",
        "set": "SET48",
        "resit_attempts": 0,
        "best_score": 48.0,
        "status": "Failed"
      },
      {
        "course_code": "GNS 217",
        "original_score": 42.0,
        "semester": "N-SECOND-YEAR-FIRST-SEMESTER",
        "set": "SET48",
        "resit_attempts": 0,
        "best_score": 42.0,
        "status": "Failed"
      },
      {
        "course_code": "GNS 218",
        "original_score": 40.0,
        "semester": "N-SECOND-YEAR-FIRST-SEMESTER",
        "set": "SET48",
        "resit_attempts": 0,
        "best_score": 40.0,
        "status": "Failed"
      }
    ],
    "semester": "N-SECOND-YEAR-FIRST-SEMESTER",
    "set": "SET48",
    "identified_date": "2025-11-05 16:16:31",
    "total_resit_attempts": 0,
    "status": "Active"
  }
]