CARRYOVER RESULT REPORT,,,,,
FCT COLLEGE OF NURSING SCIENCES,,,,,
Set: ND-2024,,,,,
Semester: ND-First-YEAR-First-SEMESTER,,,,,
,,,,,
STUDENT INFORMATION,,,,,
Exam Number:,FCTCONS/ND24/045,,,,
Name:,AWYETU CHEBAWAZA DEBORAH,,,,
,,,,,
PREVIOUS GPAs,,,,,
Semester 1:,2.12,,,,
,,,,,
CURRENT ACADEMIC RECORD,,,,,
Current GPA:,2.12,,,,
Current CGPA:,2.12,,,,
,,,,,
RESIT COURSES,,,,,
Course Code,Course Title,Credit Unit,Original Score,Resit Score,Status
NUR111,Foundations of Nursing/ Emergency Care I,4.0,26.0,79.0,PASSED
NUS111,Applied Chemistry,2.0,32.0,59.0,PASSED
NUS112,Applied Physics,2.0,49.0,63.0,PASSED
NUS113,Human Anatomy I,4.0,40.0,76.0,PASSED
NUS115,Introduction to Sociology,2.0,26.0,78.0,PASSED
