CARRYOVER RESULT REPORT,,,,,
FCT COLLEGE OF NURSING SCIENCES,,,,,
Set: ND-2024,,,,,
Semester: ND-First-YEAR-First-SEMESTER,,,,,
,,,,,
STUDENT INFORMATION,,,,,
Exam Number:,FCTCONS/ND24/046,,,,
Name:,NKEMJIKA DABERECHI LOVETH,,,,
,,,,,
PREVIOUS GPAs,,,,,
Semester 1:,1.44,,,,
,,,,,
CURRENT ACADEMIC RECORD,,,,,
Current GPA:,1.44,,,,
Current CGPA:,1.44,,,,
,,,,,
RESIT COURSES,,,,,
Course Code,Course Title,Credit Unit,Original Score,Resit Score,Status
GNS102,Communication in English I,2.0,44.0,58.0,PASSED
NUS111,Applied Chemistry,2.0,48.0,65.0,PASSED
NUS112,Applied Physics,2.0,45.0,51.0,PASSED
NUS113,Human Anatomy I,4.0,6.0,78.0,PASSED
NUS114,Human Physiology I,2.0,40.0,60.0,PASSED
NUS115,Introduction to Sociology,2.0,42.0,59.0,PASSED
NUS116,Use of Computer,2.0,32.0,79.0,PASSED
NUS117,Medical Microbiology,3.0,38.0,73.0,PASSED
